"meaningid","itemname","meaningno","sentenceno","meaning","meaningEn","sentence","sentenceCh","sentenceEn","wordclass"
"373","sneeru","0","1",,,,,,"動詞"
"35","laqi","0","1","小孩；孩童",,"laqi mqedil ka laqi na qbsuran Awi.","Awi的第一個孩子是女的.","Awi's first child is a girl.","名詞"
"33","keeman","0","1","晚上；夜晚",,"Ma ani keeman meepah namu?","你們怎麼連晚上都工作？","Why do you work even at night?","其它"
"965","psaun","0","1","使放置","to place something","Ga psaun tlenga na Takun ka dgiyaq kiya di.","Takun已在那座山嶺放了陷阱。",,
"40","nima","0","1","是誰的",,"nima sapah bgurah ga?","那棟新房子是誰的？","Whose new house is that?",
"1101","slmadac","0","1","獵刀","hunting knife","Mhungul hlmadac su gaga?","你那把獵刀很利嗎？","Is that hunting knife of yours edgy?","名詞"
"368","plabu","0","1","雲；霧；竹蜂",,"Skiya karac kanna ka plabu.","雲在空中飛翔。","Clouds are flying in the sky.","名詞"
"51","oda","1","0","要做的事","things to be done","Niqan oda su kusun?","你明天有事嗎？","Do you have work to do tomorrow?","名詞"
"380","maha","1","0","大約；約略","about","Maha so kenu knchedil?","大概有多重？","About how much does it weigh?",
"54","ware","1","0","麵條","noodle","Hngedi ware denu peni.","那就煮麵(來吃)吧。","Let's make some noodles (to eat).","名詞"
"57","tnunan","1","0","串","string","Kingal tnunan blebun ga mu witun.","我正在催熟一串香蕉。","I'm ripening a bunch of bananas.",
"357","bobo na","0","1","接續；之後","continuing; afterwards","Bobo na de, uka mmeyah di.","之後，他就再也沒來過。","He never came afterwards.",
"369","plabu","0","2","雲；霧；竹蜂",,"Uka plabu ka karac de, malu riyung karac denu.","沒有雲的天空會是好天氣。","A sky without clouds predicts good weather.","名詞"
"65","angal","0","1",,"take",,"Mona,請幫我拿衣服/ 請幫我脫衣服",,"動詞"
"1031","lihu","1","0","穿(針引線)",,"Lihu tiku qumi nii Robo, ini ku qita doriq.",,,"動詞"
"1032","lihu","2","0",,,,,,"動詞"
"74","bhege","0","1","白色",,"Ware qnqihan daha, hngedun qburic de mbhege denu.","用火灰去煮苧麻線會讓線更白。","Boiling ramie threads with ashes will make them whiter.","動詞"
"75","beyuq","0","1","as","liquid","Msibus beyuq walu ga.","那蜂蜜很甜。","The honey is sweet.","名詞"
"76","beyuq","0","2","as","liquid","Egu beyuq nunuh na bubu babuy ga, maha ini beyo paru beru na.","那個母豬的奶水充足，小豬會長的很快。","The sow has a lot milk. The piglet will grow fast.","名詞"
"376","dara1","1","0","血液","blood","Ini pntena kanna dara knkingal seediq.","人的血型並非全都相同。","People's blood types are not all the same.","名詞"
"85","cmhungi","0","1",,,"Wada ku cmhungi madis parih di.","我忘記帶鋤頭了。","I forgot to bring the hoe.",
"86","dangi","0","1",,,"Dangi mu bale kndalax cbeyo ka heya.","他是我的老朋友。","He is my old friend.","名詞"
"87","dangi","0","2",,,"Dangi na swai mu ga mlukus qalux ga.","那個穿黑衣服的是我弟弟的朋友。","The person in black is my brother's friend.","名詞"
"880","texal","0","1","一次","to be once","Paani isu texal laqi nii Lawa.","Lawa，這小孩(換)你來揹一次。","Lawa, it's your turn to carry the kid for once.","其它"
"925","ini","0","1","不",,"Laqi ga, ini beyo mhedu tmalang.","那個孩子，很快就跑完了。","The kid has finished the running very quickly.","其它"
"253","tmlenga","0","1",,,"Egu klegan camac haan daha tmlenga dgiyaq hiya.","在獵場可陷獵的野獸種類有很多。","There are many species of creatures to be trap-hunted.",
"893","Gluban","0","1","清流部落","the Gluban tribe","Alang Seediq Tgdaya ka Gluban nii; seediq ga meniq alang nii ka knciyuk Tanah Tunux cbeyo.","Gluban是賽德克族德固達雅群的部落；住在該部落的人是以前曾抵抗日本政府的人。","Gluban is the tribe of Seediq Tgdaya whose people used to fight against the Japanese government.","名詞"
"894","skruwa","0","1","像...一樣；當做","to consider","Skruwa ku na laqi na ka Siyac, sgaalu ku na riyung.","Siyac把我當作自己的孩子(對待)，非常疼愛我。","Siyac treats me like his own child; he adores me very much.",
"759","smneeru","0","1","學習；模仿",,"Uka ta patis ka ita Seediq, asi Ka naq rudan ini chungi kari ge, maha mkela smneeru kari so pnsltudan rudan ta.","我們賽德克族沒有文字，一定要記性佳的族老才能傳述我們先祖口傳的話語（歷史文化）。","We Seediq people don't have our own writing system, so only seniors with good memory can pass down the words from our ancestors.",
"887","hridi","0","1","調整",,"Hridi tikuh pila na kesa; ga rmabang egu na heya di.","調整一下它的價錢；它的價格更高了。",,
"855","sppika","0","1","一拐一拐的樣子","staggering","Sppika mkkesa ka Pawan.","Pawa跛著腳走路。","Pawa is walking with a limp.",
"1028","qbhangi","0","1","聽(祈使)","to listen (imperative)","Qbhangi tikuh lingis laqi mu, lmingis de plaani ku denu.","幫忙聽我孩子的哭聲，若哭了就叫我一下。","Mind (listen to) my kid's cry for me; call me if s/he's crying.","動詞"
"118","quyu","0","1",,,"Egu klegan quyu duri.","蛇也有很多種類。","There are many kinds of snakes.","名詞"
"119","quyu","0","2",,,"Meniq quyu mseyang mesa mheyu qmita seediq.","有些蛇很兇，會挺起來盯著人看。","Some snakes are ferocious and will stand up to stare at people.","名詞"
"121","quyu","0","3",,,"Kii bale snuyuk qtaan quyu ga.","那條蛇看起來像繩子。","That snake looks like a rope.","名詞"
"122","qbulic","1","0","火藥","gunpowder","Mbeyax riyung qbulic pnrayan na Ibuq Pawan.","Ibuq Pawan所煮的火藥很強。","The gunpowder made by Ibuq Pawan is very good.","名詞"
"720","nnniqan","0","1","曾經居住",,,,,
"821","qbsuran","0","1","兄長","elder brother","Uka qbsuran rseno daka mqedin ka sapah na Pawan.","Pawan的家裏沒有兄長。","Pawan has no elder brother in his family.","名詞"
"906","tnugiyo","0","1","都","all","Tnugiyo mqedin laqi na Dakis wa; uka laqi rseno.","Dakis的孩子都是女的；(他)沒有男孩。","Dakis's children are all girls; he doesn't have boys.","其它"
"905","tmgeyak","0","1","打嗝","to belch","Ye wada scuqi egu pnuqal na ido ka laqi ga, kika ga ini alix tmgeyak di.","那小孩或許吃了太多米飯，所以在不停的打嗝。","The kid probably has eaten too much rice so that he's belching nonstop.",
"372","sneeru","0","2",,,,,,"動詞"
"133","naqah","0","1",,,"Sgcuqi mimah sino ge naqah ndaan.","喝酒喝太多會有不好的生活。","Life will be bad if one drinks too much.","動詞"
"135","mqedil","0","1",,,"Meepah duri ka mqedin.","女人也工作。","Women work too.","名詞"
"136","mqedil","0","2",,,"Tn-go/Tungiyo mqedin kanna laqi na.","他的孩子都是女生。","His kids are all female.","名詞"
"766","ekan","0","1","吃","to eat","Iya ekan ido. ","不要吃飯。","Don't have the meal.","動詞"
"411","atak","1","0","剪","to cut","Atak tikuh kukuh baga na laqi nii Robo.","Robo把小孩的指甲剪一下。","Robo, cut the child's fingernails.","動詞"
"775","nnniqan","1","0","曾經有過；曾經住過","to have lived","Sapah nii nnniqan na Takun meyah muuyas Hori cbeyo.
","這是以前Takun來到埔里唸書時曾住過的房子。","This is the house where Takun lived when he studied in Hori.",
"736","blebu","0","1","短；低；矮","short","Blebu hari swai na; bbaro hari ka heya.","他的弟弟比較矮；他比較高。","His brother is shorter; he's taller.","動詞"
"151","mlawa","0","1",,,"Plaani kanna laqi ga.","叫那些孩子們過來。","Tell those kids to come here.","名詞"
"153","mlawa","0","2",,,"Plaani meyah tmgesa tminun bubu su.","請邀請你媽媽來教織布。","Please invite your mom to teach weaving.","名詞"
"154","mkela","0","1",,,"Mkela ku tminun.","我會織布。","I know how to weave.",
"751","tmgesa","0","1","教導","to teach","Kntaani ba tmgesa kari Seediq ka laqi su.","你一定要常常教導你的孩子說賽德克語。","You must teach your kids to speak Seediq often.",
"157","mkela","0","2",,,"Mkela su kari Dame Doriq?","你會說美語嗎？","Can you speak English?",
"281","prihuc","0","1","山鹽青",,"Egu timu hei na prihuc nii.","山鹽青的果實富含鹽分。","The fruit of the Roxburgh sumac is abundant in salt.","名詞"
"755","knhenu","0","1","多大；多高；多重...","how big; how tall; how heavy","Muudus ta han ge, ani naq knhenu hntiyan ta na dheran ka rudan ta, uxe ta ddesun mhuqil ka kiya.","我們活著的時候，不管繼承多少父母留給我們的土地，那些土地我們死後是帶不走的。","No matter how many lands we inherit from the parents when we're alive, we can't take them with us after death.",
"191","mtaaguh","0","1","急著...",,"Wada mtaaguh qmita laqi na.","他急著去看(探望)他的孩子。","He's rushing to see his child.",
"192","baki","0","1","祖父；岳父；男性長者","grand father ; male elderly","Seediq paru ma mnanang baki mu Dakis Duya sa.","據說我的祖父(或我的家族長輩)Dakis Duya是個高大壯碩的人。","It's said that my grandpa Dakis Duya is tall and strong in stature.","名詞"
"1036","srriyux","0","1","輪流；替換","to alternate","Srriyux ta han wa, gisu ku mtgiya tunux di.","我們先替換一下，我正在頭暈。","We have to take turns. I am feeling dizzy.",
"200","bhege","0","2","白色",,"Bhege kanna lukus na rseno Seediq.","賽德克族男人的衣服都是白色的。","Clothes for Seediq males are white.","動詞"
"198","baso 1","1","0","男性的名字","male name","Baso ngayan na tama mu rudan.","我祖父的名字叫Baso。","My grandpa's name is Baso.","名詞"
"199","baso 1","2","0","西榖米","sago","Hai tmekan baso ga.","去樁打baso米。","Go pound the sago.","名詞"
"741","egul","0","1","捆綁","to tie","Egun hiya nisu, ulun mu hini ka naku.","你的綁在那兒，我的綁在這兒。","Tie yours over there and mine here.","動詞"
"206","cmehaq1","0","1","舔","lick","Cmehaq baga na mekan seediq ga, ye ado malu riyung ga na puqul.","那個人連手指頭都在舔，他可能在吃很好吃的東西。","That guy is even licking his fingers; he's probably eating something tasty.",
"207","cmehaq1","1","0","交配","to mate","Ga cmehaq tama rudux ga.","這公雞正在交配。","The rooster is mating.",
"208","cmhungi","0","2",,,"Cmhungi riyung pdesan kari ka Iban.","Iban常常忘記交代好的話。","Iban often forgets what's being told.",
"730","uhir","0","1","強求；非要；勉強","to force; to have to","Ye uhir daha ppuuyas yami ka debubu mu ciida ma, uka inu ini daha sai smtuku pila.","當時我媽媽她們為了一定要讓我們唸書，她們就到處去賺錢。","My mom made money everywhere then in order to assure our education.","動詞"
"760","smratuc","0","1","播種祭","sowingfest","Gaya ta ba paru ita Seediq ka Smratuc nii; mphuma ta macu cbeyo ge, asi ta ka spooda Gaya kesun Smratuc.","播種祭是我們賽德克族的重點祭儀；我們以前要播種小米時，一定要透過播種祭儀。","The sowingfest is an important event for the Seediq; the sowingfest was prerequisite required before when we sowed the millet.","名詞"
"217","dungus","0","1","意義","meanings","Maanu dungus na yahun su hini dungan?","你再回到這裡還想做什麼呢？","What is the point of you coming back here again?","名詞"
"220","dungus","1","0","範圍","range","Kii naq dungus na dheran nnisu. Iya mmhemuc sndayak na seediq.","你的土地範圍就到這裡，不要隨便侵占別人的土地。","Your land ranges over here; don't take others' as yours.","名詞"
"757","pnhmaan","0","1","農作物","crops","Eluk kanna tnbugan namu kndalax saya sa; mmaha smeeliq pnhmaan daha denu mesa.","(他們說)從今天起，你們所飼養的家禽家畜都要關著；(不然)牠們會破壞農作物。","From today on, the fowls and livestock you keep should be locked up; or they will damage the crops.","名詞"
"222","dnngusan","0","1","想法； 設計",,"Dnngusan naq mege isu ka rudan su.","這是按照老人家的想法給你的。","This is for you according to the seniors' idea.","名詞"
"223","dnngusan","0","2","想法； 設計",,"Nii naq dnngusan na mege isu; pndungus naq nisu.","這是按照他的想法給你的；你就接受這個份量。","This is what he wants you to take; just accept the share.","名詞"
"224","dngusun","0","1","計畫；目標",,"Kiya naq dngusun su, bleyaq naq so moda.","你確立了目標之後，就好好的達成它。","Once you set up the goal, achieve it steadily.",
"227","dqeras","1","0","面子","face","Thei hari kari rudan, kii si ini seeliq dqeras tnsapah.","遵從老人家的教導，這樣才不會丟家人的面子。","Follow the seniors' instructions so that one won't lose face.","名詞"
"847","urung","1","0","衝撞","to bump","Ye ini urung seediq dapa su nii?","你這頭牛會不會攻擊(衝撞)人？","Does your buffalo attack people?","動詞"
"942","smkeguy","0","1","刮麻；剝麻皮","to peel the ramie","Mkmosa dmayo smkeguy ka swai mu mqedin duri.","我妹妹也很想去幫忙剝苧麻皮。",,
"903","slebi","0","1","向下拉","to pull downward","Slebi cida qhuni kii Pering, paqe mu.","Pering，把那棵樹的枝椏往下拉，我要砍掉。","Pering, pull downward the branches of the tree; I'm cutting them off.","動詞"
"242","pbege","0","1","讓某人給予",,"Mnoda ku pbege tama rodux sapah na pai mu.","我經過祖母的家，她給我一隻公雞。","I passed by my grandma's house and she gave me a rooster.",
"980","qyqeya","1","0","行李","baggage","Gbuli qyqeya namu han, chngiyun namu duma denu.","你們先把行李整理好，不然你們會有所遺漏。","Pack your luggage now in case you miss something.","名詞"
"246","muuyas","1","0","上課；唸書","to study; to have a class","Wada muuyas sapah pyasan laqi mu.","我的孩子去學校上課。","My kid's going to school.","動詞"
"247","pnyasan","0","1",,,"Pnyasan daha uyas cbeyo, malu riyung bhagun duri.","傳統的歌謠也非常好聽。","Traditional songs are melodious too.","動詞"
"248","pyasun","0","1","...唱歌",,"Puyasun na heya uyas kiya.","那首歌是他要唱的。","That song is for him to sing.",
"539","qbulic","1","1","火藥","gunpowder","Madis miyan qbulic mosa lmiqu.","我們帶火藥到獵場去。","Let's bring the gunpowder to the hunting area.","名詞"
"257","sssunguc","0","1","味道向樹豆",,"Gaga su pure sunguc? Ma sssuguc sknexun?","你在煮樹豆嗎？怎麼有樹豆的味道?","Are you cooking Cajanus cajan? Where is that smell of Cajanus cajan from?",
"370","sneeru","0","1",,,,,,"動詞"
"371","sneeru","0","2",,,,,,"動詞"
"1005","pllingun","0","1","釣(魚)","to be fished","Akedu qcurux hini, ini ta adis laling, pllingun ta maanu di?","這裡的魚那麼多，我們沒帶釣竿，我們怎麼釣呢？","There are so many fish here. We don't bring our fiishing rod and how are we going to fish?",
"271","qrasi","0","1","使...高興",,"Qrasi ta kana psuupu mimah sino; wada mangal camac.","他們獵捕到獵物了；讓我們一起高興喝酒吧。","They've caught the creature; let's celebrate with wine.",
"274","mgmqedin","0","1",NULL,NULL,NULL,NULL,NULL,
"1033","lihu","3","0",,,,,,"動詞"
"1034","lihu","4","0",NULL,NULL,NULL,NULL,NULL,"動詞"
"1077","pttingun","0","1","推落；掉落","to be pushed over; to drop","Sapu ga, pttingun na hiya ka qhuni mdengu, qtai hari.","Sapu 會把乾的木材往那裏丟下，要小心。",,
"932","prbangun","0","1","較多",,"Prbangun daha mapa srqemu paanun daha meyah sapah cbeyo.","他們以前揹玉米時都會再多揹一點回家。",,
"1027","qhedu","0","1","完成","to finish","Qhedu han! Kii si uxe ta pseeliq ali kusun.","我們做完它吧！這樣就不會浪費到明天的時間了。","Let us finish it! So we will not waste our time tomorrow.","動詞"
"978","nngani","0","1","為別人拿(祈使)","to take/bring for","Nngani ku ido si tama su.","你爸爸要求幫他盛飯。","Your father asked for a bowl of rice.",
"956","nima","0","2","是誰的",,"Maha namu neepah nima kusun ka yamu?","你們明天要去誰那裡工作？",,
"292","tqilung","0","1","台灣二葉松",,"Nangal daha tqilung kesun harung.","松脂是取自二葉松。","The rosin is taken from the Taiwan pine.","名詞"
"923","akeyan","0","1","那麼","that; being so","Teyan bale si bbeebu su laqi, Pawan?","Pawan，你打小孩怎麼打的那麼兇？","Pawan, why are you beating the kid so hard?","其它"
"813","swai","0","1","弟弟；妹妹","younger siblings","Swai mqedin mu ka heya.","她是我的妹妹。","She's my younger sister.","名詞"
"916","qlqahi","0","1","踩踏(祈使)",,"Seediq cbeyo ge asi daha qahi papak knbegax sunguc; so kiya mahu pacang duri.","我們過去的族人是以腳踩踏的方式剝樹豆；洗大被褥時也一樣。","Our ancestors used to open cajans by stamping; they also used to clean the quilt by stamping.",
"926","ncugil","0","1","有時候","sometimes","Ncugil meyah mita yaku si pai su rudan ga alang Gluban hii, Awi.","Awi，你住在清流部落的阿媽說，有時候去看看她。","Awi, your grandma, who lives in Gluban, ask you to see her sometimes.","動詞"
"749","rqenux","0","1","水鹿","sambar","So hari cida qhuni ka urung na rqenux.","水鹿的角像樹的枝芽。","The antlers of wild deers are like twigs.","名詞"
"930","suupu","0","1","一起","together","Suupu kana mnangal namu gaga.","把你們拿來的東西合起來。","Add together all the stuff you brought.","動詞"
"979","pngali","0","1","看顧(祈使)","to take care of (imperative)","Pngali Uma ga laqi su hayan peni.","你的孩子讓 Uma 看顧嘛。","Let Uma take care of your kid.","動詞"
"929","pledax","0","1","點亮","to light up","Gbuli nhari hari! Pledax karac di.","快點收拾好！天將亮了。","Put away the stuff quickly! The daybreak is coming.",
"907","stgiya","0","1","捲線之用","to pick , to select","Bubu mu rumego: kiya ka stgiya daha.","我母親說:那就是捲線用的。",,
"309","keguy","0","1",,,"Nima keguy nii?","這是誰的苧麻？","Who's ramie is this?","名詞"
"909","mmteru","0","1","六(數詞)","six","Wada mmteru ali qmlahang laqi su ka swai mu mqedil di.","我妹妹已照顧你的小孩六天了。","My sister have been taking your baby for six days.",
"758","quri","0","1",,,"Mnosa ku alang kesun daha Paran, snpahan rudan ta cbeyo ka alang kii, ga quri so qdgiyaq Osan hii, uka sseediq saya di.","我去過他們所說的Paran部落，那是我們先祖的部落遺址，位於Osan山脈一帶，現在已沒人(居住)了。","I've been to the Paran tribe, which they told me about; it used to be our ancestors' tribe, located in the Osan mountain range, with no people living there.","其它"
"395","mdheriq","1","0","乾淨；整齊；滑順","clean; tidy; smooth","Mdheriq qtaan klaali weewa ga.","那個小姐每天都看起來很乾淨整齊。","That lady looks clean and tidy every day.",
"396","ppaun","0","1","送；給",,"Moda ku sapah na ma ppaun kuna macu meyah sapah mu.","我經過他的家，他給我很多小米讓我帶回家。",,
"318","icin","1","0","另一(邊)","the other side","Moda ku hini ka yaku ma wada moda icin so hiya ka heya.","我從這裡過，他從另一邊走。","I went this way, he the other.","其它"
"320","pnhengan","0","1","打破","to break",,,,
"1020","paha","1","0","使去",,"Paha riso nii peni, ini beyo ka riso.","叫年輕人去呀，年輕人較快。",,"動詞"
"323","pnhengan","0","2","打破",,,,,
"363","eyux","1","0","強要","to force","Eyux ku na ba tmulus mosa theyaq sapah na.","他強拉我到他家坐一坐。","He forced me to visit his family for a while.","動詞"
"327","deka","0","1","破成兩塊","to split into halves",,,,"動詞"
"1017","qpahun","0","1","工作","work","Wada qpahun na Iyung kanan ka sudu ssiyo sapah di.","家四周的雜草已被Iyung鋤除了。","Iyung has weeded all around the house.",
"870","qbulic","2","0","灰；灰燼","ash","Netun ta mnarux, meniq ka seediq psapuh mangal qbulic pkmalu hei seediq mnarux.","當人們生病了，治病儀式的施行者會使用灰來治病。","When people are ill, the practitioner of the healing ritual will use ashes to cure the illness.","名詞"
"335","mbeyax","0","1","贏家；強勢",,"Ima wada mbeyax tarancyo hndure?","上回的籃球賽誰贏了呢？","Who won the last basketball game?",
"417","atak","2","0","筷子","chopsticks","Snquri daha btakan duma atak.","有些筷子他們是用竹子削成的。","Some chopsticks are made of bamboo shoots.","名詞"
"938","atak","2","1","筷子","chopstick","Asi ekan baga rudan ta cbeyo, ini salu atak.","我們的祖先是以手用餐的，不削製筷子。","Our ancestors ate with hands instead of chopsticks.","名詞"
"914","tasil","0","1","岩石","rock","Tasin ge btunux paru ka kiya, so ka dheriq tasin qdderiq yayung peni.","Tasin是指大型的石頭，就如河邊滑溜的石壁。","""Tasin"" refers to big stones, like the slippery dike by the river.","名詞"
"343","kretan","1","0","野生菇","wild mushroom","Malu riyung mahun begu na ka kretan, mntena begu rodux.","野生菇的湯很好喝，喝起來像雞湯。","Wild mushroom soup is very tasty; it tastes like chicken soup.","名詞"
"344","thido","0","1","曬太陽；出太陽",,"Nii thido da, hai mhido nganguc lukus pnheyan han.","出太陽了，先把洗過的衣服曬到外面。",,
"1015","hruun","0","1","照","to illuminate","Ga mu hruun harung horoba hii, uka denki.","沒有電，我用油材取火照明浴室。",,
"918","lhengo","0","1","岩洞","cave; grotto","Niqan kingal lhengo dgiyaq ddupun nami mesa rudan.","老人說過在我們傳統的獵場有一個岩洞。","The senior said there's a grotto in our traditional hunting field.","名詞"
"347","huda","0","1",,,"Ga mekan huda ka Tado.","Tado在吃冰。","Tado is eating ice.","名詞"
"393","pngerah","1","0","碗",,"Pngerah bnaruy na bubu mu kanna nii.","這些碗都是我媽媽購置的。","My mother bought all these bowls.","名詞"
"352","bungu","1","0","某種樹種","a certain species of tree","Niqan kingal kesun daha qhuni bungu, malu riyung puqun waso na.","有種稱作bungu的樹種，它的葉子很好吃。","There is a species of tree called ""bungu"". Its leaves are delicious.","名詞"
"355","mangal","1","0","娶","to marry","Ga mangal mqedin mneyah Toda ka Yako.","Yako娶了Toda的小姐。","Yako married a Toda woman.",
"356","baki","0","2","祖父；岳父；男性長者","grand father ; male elderly","Mangal naq baki na ka Dakis nii.","Dakis的長相、個性像他祖父。","Dakis inherited his grandpa's features and personality.","名詞"
"770","maanu","0","1","什麼；幹嘛","what; why","Maanu kesun qbulic daka limik?","子彈和彈殼是什麼?","What are a bullet and a bullet cartridge?","其它"
"381","maha","1","1","大約；約略","about","Maha piya pila?","大概多少錢？","About how much is it?",
"386","mangal","0","1","取拿","to take","Mangal qreti ka Kumu, ma ssebuc na quyu ga berah na.","Kumu 拿起棍子，要打她面前的蛇。","Kumu grabbed a stick and was going to hit the snake in front of her.",
"771","mqedil","0","3",,,"Mqedin ka seediq ga?","那個人是女的嗎?","Is that person a female?","名詞"
"388","cbeyo","0","1","以前","in the past","Mgaya hari seediq cbeyo.","過去的人比較遵守gaya的傳統。","People in the past follow gaya more strictly.","其它"
"389","cbeyo","0","2","以前","in the past","Ini pntena ndaan cbeyo daha ka saya.","以前的生活和現在的生活不一樣。","Life in the past is quite different from that now.","其它"
"397","witi","0","1","催熟",,"Phdagi han blebun ga, muuwic de witi denu.","先曬這香蕉等他軟了之後就可以催熟了。",,"動詞"
"1029","mgDakis","0","1","像 Dakis","to be like Dakis","Ma ani kana kari su mgToda di?","怎麼連你所說的話語也都像 Toda 語了呢？","Since when have you speak with a Toda accent?",
"399","takur","0","1","男性名",,,,,"動詞"
"988","kncykani","0","1","反抗；反擊","to fight back","Asi kncykani kari na, kii si ini prana kari.","直接(口語)反擊他，這樣這些話才不會蔓延。",,
"403","epux","1","0","薄的","to be thin","Mangal ku epux na yaku, mangal mknedux ka heya.","我拿薄的，他拿厚的。","I'll take the thin one and he the thick one.","動詞"
"889","bngerux","1","0","五月雨時隨之飛舞的蜉蝣",,"Sntasin bngerux de qmuyux paru ma, egu naq riyung ka kui bngerux skiya duri.","五節芒發芽時會下大雨，也會有很多的蜉蝣  飛舞著。",,"名詞"
"418","ddara","1","0","血液","blood","Ye nnima kanna ddara so ceka dheran na hiya?","他客廳的那些血跡不知道是誰的？","Whose bloodstains in his living room are those?",
"994","dengki","0","1","電；電燈","electricity","Ga hmuwa dengki nii, ma ini hiru di.","這個電燈怎麼了，不會亮了。","What's wrong with the lamp? It doesn't work.","名詞"
"756","pgyaun","0","1","忌諱","to be a taboo","Pgyaun riyung rudan ta ita Seediq ka msterung msdadan ma mshlmadan.","我們賽德克族最忌諱的是近親結婚。","To marry with a close relative is a taboo for us Seediq people.",
"541","smdangi","1","0","做朋友","to make friends","Smdangi riyung yaku ka Lubi Nokan.","Lubi Nokan 把我當作好朋友。","Lubi Nokan treats me like a good friend.",
"990","trqilun","0","1","討厭","to dislike","Kenu trqilun su riyung aji na ka kudamono?","你最討厭哪一種水果的味道？",,"名詞"
"820","qhuni","0","1","樹; 木柴","tree; wood","Malu slungu ka qhuni mdengu mesa tama mu.","我父親說，乾的木柴很好燒。","My dad said that dry wood is easy to be on fire.","名詞"
"856","sqmaun","0","1","燃燒","to burn","Wada sqmaun Umin kanna ka sudu mdengu di.","Umin已經把乾草全燒光了。","Umin has burnt all the dry weeds.",
"1014","hrui","0","1","照(祈使)","to illuminate (imperative)","Hrui tikuh denki han, ini qtai.","開一下燈，看不到。",,
"419","lmiqu","1","0","狩獵","to hunt","Wada lmiqu tama mu daka tama mu rudan.","我爸爸和我祖父去打獵。","My dad and my grandpa are going hunting.","其它"
"464","durun","1","0","祈禱","to pray","Durun isu han!","請你祈禱吧！","Please pray!","動詞"
"908","rudu","1","0","一團一團的濃痰","lumps of phlegm","Ma su ga mseyaq seyaq rudu, Dakis ?","Dakis，你怎麼在咳濃痰？","Dakis, why are you coughing up phlegm?","名詞"
"753","baga","0","2","手","hand","Tpaqi baga da ka na nsupu.","我們一起來拍手吧!","Let's clap hands together.","名詞"
"416","keruc","1","0","鋸","to saw","Keruc btakan ga, scuqi qnedis.","把那竹子鋸掉，太長了。","Saw that bamboo. It is too long.","動詞"
"1000","pixin","0","1","蔥","green onion","Peeyah ta sknuwan mkela mekan pixil ka ita Seediq ?","我們賽德克人是從什麼時候才開始懂得吃蔥類植物？","When have we Seediq started to have green onions as food?","名詞"
"563","yupan","0","1","吹",,"Yupan mu quwaq ka cubu bnaruy laqi ma, bale ini qperuq.","我用嘴吹著孩子們買來的氣球；但那氣球沒破掉。","I blew by mouth the balloon the kids bought; but the ballon didn't blow up.",
"1009","rrei","0","1","浸泡(祈使)","to immerse (imperative); to dip","Rrei soyu mekan!","沾著醬油吃！","Eat it with soy sauce!",
"1008","mering","0","1","汗水","sweat","Kedu ba mering su Takun; hmnuwa su?","Takun，你流好多汗；你怎麼了？","Takun, you are sweating so much! What's wrong with you?","名詞"
"946","Plmukan","0","1","閩南人；平地人","the Min people; plainsman","Gisu ta mpgimax Klmukan meniq saya di.","現在我們已與閩南人混居在一起了。","Nowadays we live with the Min people.","名詞"
"897","nangi","1","0","撒嬌","to act like a spoiled child","Uxe na ngayan bale ka Nangi, tnngayan daha ado ka snnangi riyung.","Nangi不是她的真名，是因她太愛撒嬌而被他們叫做Nangi","Nangi is not her real name; she's named Nangi by them because she always acts like a spoiled child.","動詞"
"424","gemuk","0","1","蓋子",,"Wada namu psaun inu gemuk ribo nii di?","你們把這鍋子的蓋子放到哪裡去了?",,"動詞"
"427","qiri","0","1","纏住；小內割(摔跤用語：側摔)",,"Qiri papak na, ini kbeyax papak na.","用小內割摔他，他的腳沒力量。",,"名詞"
"1093","qango","1","0","跨(步)",,"Qango hini papak su, sdheriq ka btunux gaga.","你的腳要跨到這裡，那塊石頭是滑的。",,"動詞"
"955","inu","0","1","哪裡","where","Maha ku inu mkaxa si tama su?","你爸爸說他後天要去哪裡？",,"其它"
"697","thei","0","1","接受",,"Thei riyung kari rudan ka laqi na Umin, kika qrasun riyung rudan tnsapah na.","Umin的子女很聽從父母（長輩）的話，所以深得家裡長輩的喜愛。","Umin's children are obedient to the parents, thus they are adored by the elders in the family.","動詞"
"996","qlhangi","0","1","使照顧；使看著(祈使)","to look after ; to take care of","Qlhangi tikuh laqi mu nii, maha ku maruy sama.","請幫我照顧一下我的小孩子，我要去買菜。","Please take care of my kid for me; I'm out for buying vegetables.",
"436","dmurun","1","0","祈禱","to pray","Plaale miyan dmurun Tama Baro klaali mekan ido.","我們在吃飯前都會先祈禱。","We'll pray before having the meal.",
"991","trqilun","0","2","討厭","to dislike","Trqilun daha laqi mu, ini daha pspui theyaq.","他們不跟我的孩子一起玩，他們討厭我的孩子。","They won't play with my kid; they dislike my kid.","名詞"
"498","ngungu","1","0","害怕","to fear","Kedu ba ngungu su, Walis, ma su so hari uxe rseno.","Walis，你怎麼那麼怕，好像不是男人。","Walis, you're so afraid that you're not like a man.","動詞"
"774","qmqugu","0","1","雞鳴聲","crow","Qmqugu ka rodux mgrebu de, tutuuy kanna ka tnsapah mu di.","早晨，（公）雞鳴叫時我們全家人都起床了。","We the whole family had already got up when the cock crowed in the morning.","動詞"
"449","ira","0","1","杜虹花",,"Malu slmeun icux duri ka ira nii.","這個杜虹花也很適合做陷獵板。",,"名詞"
"1035","ryuxi","0","1","換掉","to replace","Ryuxi paru hari gakac su. ","你換大一點的椅子。","Change the chair for a bigger one.",
"933","rabi","0","2","夜","night","Mneyah ceka rabi ka Walis mu.","我的Walis是半夜回來了。","My Walis came back at midnight.","其它"
"922","akedu","0","1","那麼(多)；那麼地","that (much); that so","Kedu bale hei na ricah su nii, Takun?","Takun，你的梅子樹怎麼結那麼多的果實？","Takun, why does your plum tree grow so many fruits?","其它"
"772","knkingal","0","1","每一","every; each","Ga mhuma keguy kanna ka knkingal sapah alang miyan.","我們全部落的每一戶人家都有種植苧麻。","Every family in our tribe grows ramie.",
"483","ruhu","1","0","鑰匙","key","Ruhu maanu nii bubu?","媽，這是哪裡的鑰匙？","What is the key used for?","名詞"
"457","tdheriq","0","1","光鮮亮麗",,"Tdheriq riyung qtaan weewa gaga mheyu ga.","站在那裏的小姐看起來好素淨。",,
"460","pniicin","0","1","各一半",,"Pniicin ta daha ta ho?","我們一人一半好嗎？","How about each of us has a half?",
"461","paha","0","1","放置",,"Paha hini ka nisu, psaun mu hiya ka naku.","你的放這裡，我的放那邊。","Put yours here and mine over there.","動詞"
"1037","spagi","0","1","舖床(祈使)","to make the bed (imperative)","Spagi qlapo ga han yahun tagi laqi.","先鋪床吧！小孩子要來睡了。","Make the bed! The children are coming to bed now.",
"463","dungus","2","0","達到某狀況","to reach a point; to reach a status","Uka dungus na so rseno ini qeepah, maha uka brahan dmanga tnsapah na di.","不工作的男人是沒有辦法達到養家的目的。","A man who doesn't work won't be able to  raise his family.","動詞"
"465","galiq","1","0","抹布","duster; wiper","Sresi galiq ka gakac nii han.","先用抹布擦這個椅子。","Use a wiper to clean this chair first.","名詞"
"812","dremus","0","1","露水","dew","Ye mnkdalax inu peni dremus nii, mgrebu de mdremus kanna ka speriq mawaso qhuni.","也不知露水是怎麼來的，晨間的雜草以及樹葉上都沾滿著露水。","I have no idea where the dew is from that is on weeds and leaves in the morning.","名詞"
"947","Plmukan","0","2","閩南人；平地人","the Min people; plainsman","Ga kndudun egu Mukan alang ta hiya di.","在我們部落的漢人越來越多了。","There are more and more Han people in our tribe.","名詞"
"469","geela","0","1","先","first","Geela isu han; meeyah ku bukuy.","你先回去；我跟著後面來。","You go back first; I'll catch you up.","動詞"
"471","bluqun","0","1","柿子",,"Mkere brigun ka bluqun.","柿子的價格很昂貴。","Persimmon fruits are expensive.","名詞"
"472","cuuxan","0","1","較久的過去","far in the past","Mgkela nami naq cuuxan na.","我們以前就相識。","We've known each other since long time ago.","其它"
"960","na1","0","3","屬格(格位標記)","genitive case","Qtehur hari bubu na Pawan ma, rqeling hari ka bubu na Walis.","Pawan的媽媽稍為胖一點，而Walis的媽媽比較瘦。",,"其它"
"961","nanaq","0","1","僅僅; 只","(the) only (available)","Asi nanaq mkela tminun ka laqi mqedin Seediq cbeyo ge, kii si maha qrasun laqi rseno mesa tama mu.","我爸爸說以前賽德克族的婦女們一定要學會織布才會獲得男士們的青睞。","My dad said that in the past, only Seediq women who knew knitting would be adored by men.","名詞"
"478","lngelung","0","1","想",,"Iya lngelung.","不要擔心。","Don't worry.","動詞"
"479","nbuyas","0","1","肚子","stomach","Mtengi nbuyas mu di.","我的肚子很飽了。","My belly is full.","名詞"
"752","nbuyas","0","2","肚子","stomach","Ma mccubu nbuyas laqi nii, ye uxe ga mnarux?","這小孩的肚子怎麼鼓鼓的，（他）是不是生病了？","Why is this kid's belly so bloated? Is he ill?","名詞"
"481","qburung","1","0","小鐮刀","sickle","Qburung biciq ge daun daha qmburung sudu ma waso bunga.","小鐮刀是用來割草和地瓜葉的。","Small sickles are used to weed grass and yam leaves.","名詞"
"482","quyux","0","1","雨","rain","Meeyah dungan sa quyux paru ga.","可能又會下大雨。","It may rain heavily again.","名詞"
"486","qheruy","1","0","(向賣主)喊價","to bargain","Qheruy tikuh Umin; kedu ba knkere bnrigan na.","Umin，（跟他/老闆）殺個價；（他）怎麼賣的那麼貴。","Umin, bargain with him; it's too expensive.","動詞"
"487","rebu","1","0","尿","to urinate","Uxe rebu ngiyo ga nii di? Psai ngerac da ngiyo ga.","這是不是那隻貓尿的？把那隻貓放到外面去。","Is the urine from that cat? Get that cat outside.","動詞"
"489","balung","0","1","蛋；卵","egg","Egu ba balung tnbalung na bubu rodux ga.","那隻母雞生了很多蛋。","That hen laid many eggs.","名詞"
"490","diyan","0","1","白天；晝日","daytime","Diyan da! Tutuy kanna di.","天亮了！起床吧！","It's daytime! Get up!","名詞"
"491","knkawas","0","1","年齡","age","Piya knkawas su saya di?","你幾歲了？","How old are you?",
"492","keeman","0","2","晚上；夜晚",,"Keeman da! Osa di!","晚上了！回家吧！","It's night! Go home!","其它"
"493","mangal","0","2","取拿","to take","Ga mangal maanu ka swai su rseno ga?","你的弟弟在拿什麼？","What is your brother taking?",
"494","mhuqil","0","1","死亡；枯死","to die","Wada mnarux paru, kii wada mhuqil di.","他重病而死亡。","He died of serious illness.",
"722","kesun","1","0","所謂的","so-called","Kesun sapac ge dheran nuupu kanna seediq tnaalang.","所謂的sapac是部落人所共有的土地。",,
"665","qlahang","0","1",,,,,,"動詞"
"504","mhuwe","1","0","慷慨；親切",,,,,
"507","smino","1","0","釀酒",,"Uka riyung seediq smino sino macu saya ka alang ta di, ado ka ini phuma macu.","現在我們部落已很少有人以小米來釀酒了，因已不種植小米(的關係)。",,
"896","hmuwa","0","2","如何","how","Hmuwa, ini baka nana? Meyah piya?","怎麼樣，還不夠嗎？還要幾個？","How about it? Not enough? How many more do you want?","名詞"
"750","mbeyax","0","2","贏家；強勢",,"Ye ta wada mbeyax ka ita ?","我們贏了嗎？","Have we won?",
"510","hwaun","0","1","要幹嘛","to do what","Hwaun su kana sino nii?","你要這些酒做什麼？","Why are you asking for the wine?",
"511","hmuwa","0","1","如何","how","Gaga su hmuwa di?","你怎麼了？","What happened to you?","名詞"
"514","qeraq","0","1","捕抓",,"Qeraq ququq ga Pinang; maha qduriq di.","Pinang，抓住那隻鵝；牠要逃走了。","Pinang, grab that goose. It's escaping.","動詞"
"515","mgkela","0","1","互相認識","to know each other","Tena nami naq mgkela cuuxan na.","我們以前早就認識了。","We've known each other before.",
"516","pneeyah","0","1","從...",,"Pneyah miyan Taype keeman ciga yami ka Watan Nobing.","昨晚我和 Watan Nobing 從台北來。","Watan Nobin and I came from Taipei last night.",
"521","smgaliq","0","1","撕",,"Ga su smgaliq maanu Ape?","Ape 你在撕什麼東西？","Ape, what are you tearing?",
"917","qlqahun","0","1","踩踏",,"Malux qlqahun ka lexi pnhdagan kiya di?","怎麼用腳踩那乾筍呢？",,
"524","tdoruy","1","0","夜鷹","Caprimulgiformes","Ye mqalux ka uban hei na tdoruy?","夜鷹身上的羽毛是黑色的嗎?","Are the feathers of that Caprimulgiformes black?","名詞"
"526","biqun","0","1","給",,"Biqun su na knuwan pila knbrexan na Boxing di?","Boxing 跟你借的錢什麼時候要給(還)你？","When is Boxing returning the money he borrowed from you?",
"1193","mduwa","0","1","很快(順暢如車輛行駛的快、陀螺旋轉的正、槍枝及弓箭射得準)","to be fast","Mduwa spgeriq rulu na Takun.","Takun的車開起來很快。",,"動詞"
"769","knchedil","0","1","重","heavy","Maha knhenu knchedil paye desun su?","你要帶多少重量的稻米?","How much weight of rice will you carry?",
"768","knuwan","0","1","何時","when","Maha su knuwan Holi ka isu ?","你什麼時候到埔里去? ","When are you going to Hori?","名詞"
"532","neepah","0","1","耕地",,"Ga mu phmaun aring neepah mu.","我在我的田地上種了桃子。","I've planted peaches in my field.",
"533","pdagic","0","1","女用綁腿",,"Nima pdagic icin nii? Ga inu icin na di?","這是誰的一只綁腿布？另外一只呢？",,"名詞"
"1007","kuluk","1","0","蚌的殼；蛤蠣的殼","shell","Ini traguh kuluk na nana, ga ini khada na.","它的蚌殼還未開，它還沒熟。",,"名詞"
"536","psseli","0","1","一起集中",,"Psseli pila namu.","把錢一起收集。",,
"1011","hteri","0","1","關起來；擋起來","to close, to lock","Iya hteri ka oda seediq kii. Psgila namu qqpahan  daha di.","不要擋住人要經過的地方。(那樣)你們會影響他們工作。","Do not block the passing road. You will trespass on their working.",
"538","pungu","1","0","樹結",,"Kedu knparu pungu qhuni nii.","這棵樹的樹結好大。",,"名詞"
"621","rulu","0","1","車子","car","Teyan bale knbbaro rulu puniq.","火車好長啊！","The train is long!","名詞"
"989","trqili","0","1","討厭；厭惡","to hate","Iya trqili seediq gaga ini kela oda.","不要去討厭那個還不會做事的人。","Don't dislike that guy who's unable to work yet.","名詞"
"1010","qmulah","0","1","堆集雜草",,"Qhedu qmulah han, kii si maha ta ini ta beyo tmukuy macu.","我們趕快除完草，這樣我們很快就可以播種小米了。",,
"543","tloong","0","1","坐下",,"Tloong hini wa! Suupu ta theyaq!","坐這邊！我們一起玩！","Sit here! Let's play together!","動詞"
"545","bkeyun","0","1","綁",,"Bkeyun ta inu di, Huling nii?","我們要把狗綁在哪裡呢？","Where are we leashing the dog?","名詞"
"549","ddudul","0","1","照護；保護；呵護","to take care of ; to protect","Ddulun mu naq laqi mu, ado so mtduwa.","我要親自帶我的子女，使他們能聽話。","I'll raise my kids on my own and make them obedient.",
"957","na1","0","1","屬格(格位標記)","genitive case","Na dheya ka kiya, nii ka nita.","那是他們的，這才是我們的。",,"其它"
"552","ani naq","0","1","不論",,"Ani naq knuwan uxe su mu chngiyung.","不論何時，我不會忘記你。","I won't forget you no matter when.",
"1013","hruwan","0","1","以某物為照明","to illuminate with something","Wada mapa harung ka dheya, hruwan daha keeman.","他們去揹松柴以做為晚上的照明。","They're going to carry firewood for illumination at night.","動詞"
"854","epux","1","1","薄的","thin","Epux ka pngerah na Sapu.","Sapu的碗是薄的。","Sapu's bowl is thin.","動詞"
"555","kesa","1","0","說","to tell","Kesa (kesi) tama mu, meyah ku kusun di kesi (kesa).","跟我爸爸講，我明天才回家。",,"動詞"
"556","tn-breyan","0","1","子宮","uterus","Saun tloong laqi menaq nbuyas bubu kesun tn-breyan.","子宮是孩子在媽媽腹中的搖籃。",,
"737","lmiqu","1","1","狩獵",,"Wada lmiqu dePidu wa.","Pidu 他們上山狩獵去了耶。","Pidu and his friends went to the mountains to hunt.","其它"
"1002","muuxun","0","1","暖和","to be warm","Muuxun hlagun capang nii.","這床棉被蓋起來很溫暖。","The quilt warms.","其它"
"1019","posa","1","0","使去","to make someone go","Posa Hori laqi nii kusun, mmaha mari lukus daha.","明天讓孩子們去埔里，他們要去買衣服。",,
"1016","qeepah","0","1","工作","to work","Qeepah hari sa. Iya so heya mbserux.","要常常工作，不要像他一樣懶惰。","Work often. Don't be as lazy as him.","動詞"
"1030","pnaadis","1","0","帶",,"Nii lukus su pnaadis na Takun, cnhngiyan su sapah na si.","這是你的衣服，是Takun叫人帶回來的，他說是你忘在他家的。",,
"974","cghuur","0","3","上吊(自縊)","to hang oneself","Egu wada cghuun seediq ciida pccebu daha ka Tanah Tunux.","賽德克族人跟日本人打仗之後，很多人上吊自殺。","After the war between Seediq and Japan, many people committed suicide by hanging.","動詞"
"562","smbeyax","0","1","鼓勵",,"Meyah smbeyax yamu ka koco ta; tpaqe ta baga.","我們的校長來鼓勵我們；我們來拍手(歡迎他)。","Our principal is coming to encourage us; let's have a round of applause for him.","名詞"
"564","druni","1","0","代轉；轉求","to forward; to beg","Druni Tama Baro qnquwan ndaan ta bobo dheran.","我們為在世上的罪惡祈求天主。","We prey to God for secular sins.",
"886","pntnai","0","1","使相同(祈使)","to assimilate (imperative)","Pntnai kanna napa namu ga.","讓你們的行李都一樣(大)。","Make your baggage equal in size.",
"885","mntena","0","1","一樣；相同","to be the same","Mntena kari tita.","我們的語言是一樣的。","Our languages are the same.",
"1012","hlagi","0","1","蓋被子(祈使)","to cover with a comforter  (imperative)","Hlawi laqi; gaga msekuy.","給孩子蓋被子；他很冷。","Cover the child with a comforter. He is cold.",
"927","liingi","0","1","藏起來(祈使)","to hide something","Liingi nhari hari! Qtaan daha di.","趕快藏起來，會被他們看到。","Hide quickly or they'll find you.",
"568","pberih","0","1","吐","to throw up","Ma gaga mnarux laqi ga, kii ga pberih.","那個小孩生病了，所以正在嘔吐。","That kid is ill so he is puking.",
"999","sqerul","0","1","燒焦","to be burned","Maanu so sqerun kii? Ye uxe ido ga namu hprayun?","什麼東西烤焦了？是不是你們煮的飯煮焦了？","Something seems to burn. Is that what you're cooking?",
"570","dooyun","0","1","拿著；握著","to hold","Ini huwa, plaxi! Dooyun mu.","沒有關係放掉它！我會握著。","It's ok, let go of it! I'll hold it.",
"572","klaun","0","1","知道","to know","Klaun mu wa. Iya rengo di.","我知道了。別再說了。","I already know. Stop telling me that.",
"574","skpahung","0","1","懷孕","pregnant","Mqras riyung ga skpahung qedin na Sapu ga.","Sapu 很高興他的太太懷孕了。",,"名詞"
"575","smtuku","0","1","儲工",,"Wada su haan smbarux ali su di?","你已經把你儲存的工時做完了嗎？",,
"577","ahuc","0","1","長型扁底鋤頭",,"Ahuc urung de malu sceyan btunux.","十字鎬很容易切斷石頭。",,"名詞"
"987","duri","0","2","也","also","Snkuhun ku mosa muyas ma sokiya heya uri.","我喜歡唱歌，他也是。","I like to sing, and so does he.","其它"
"580","blebun","0","1","香蕉","banana","Hei blebun purun de dhequ ma biciq hari.","芭蕉的果實比較短小一點。",,"名詞"
"581","dheran","0","1","泥土；塵土；土地","dust","So hari mskingal hari sapah kanna seediq bobo dheran nii saya di.","現代世界就像一個家庭。","The modern world is like a family.","名詞"
"582","bubu","0","1","母親","mother","Bubu mu rudan ka mnahu lukus nii.","這些衣服是我祖母洗的。","The clothes are washed by grandma.","名詞"
"585","rabi","0","1","夜","night","Mneyah ku ceka rabi ciga ka yaku.","我昨晚是午夜回來的。","I came back at midnight yesterday.","其它"
"586","cuguk","0","1","咸豐草",,"Seedan lukus ka cuguk metaq de, rriqu ba lmuun","咸豐草沾上衣服時，就很難拔除掉。","When Achyranthes rubrofusca Wight. hits on the clothes, it's not easy to get rid of it.","名詞"
"935","rhurah","0","1","拆除","to dismantle","Rhurah npaan daha wa. Teta maanu napa daha.","把他們的行李解開吧！看他們揹載著什麼(東西)。","Open their baggage. See what they're carrying.",
"588","raqic","0","1","箭矢",,"Egu snalu daha raqic budi ga daha psaun cuqi raqic.","他們製做了很多的箭矢放在箭矢筒中。",,"名詞"
"1026","pqhedu","0","1","將完成","to finish something","Nhari hari wa! Pqhedu ta knuwan di.","快一點呀！我們何時才能完成。","Hurry! When will we complete it?",
"1006","pllingi","0","1","釣(祈使)","to fish","Pllingi qcurux ga Awi; teta gmatuk.","Awi，(你)釣那條魚；看牠會不會上鉤。","Awi, fish that fish, and see if it will get hooked.",
"969","hngedi","0","1","煮(祈使)","to cook (imperative)","Hngedi rapic dnngeyan bnege Utun peni, puqun daha.","把 Utun 給我們的燻乾飛鼠肉煮了給大家吃。","Cook the smoked flying squirrel that Utun gave us and share it with everyone.",
"597","baga","0","1","手","hand","Qtehun bale kulo baga na qbsuran mu rseno.","我哥哥的手臂很粗。","My brother has thick arms.","名詞"
"971","Khilang","0","1","客家人",,"Ye ta ado ini suupu meniq Khilang, kika ini ta kela mbahang kari daha. ","或許我們沒與客家人混居之故，所以我們聽不懂他們的言語。","We don't understand Hakka probably because we don't live with the Hakka people.","名詞"
"599","laqi","0","2","小孩；孩童",,"Laqi rabu nima ka nii?","這是誰的嬰兒？","Who's baby is this?","名詞"
"1228","buling","0","1","很難想像(某人會做某事)","it is hard to imagine","Ma buling smnegul mosa neepah Dakis ga peni. ","Dakis會跟著去耕作耶。(Dakis很少或根本就不去耕作的) ",,"其它"
"1223","snhii","0","1","相信",,"Iya snhii kari na Dakis ga. ","不要相信Dakis說的話。",,"動詞"
"601","daha1","0","1","二(數詞)","two","Maxan daha ka mtswai mu.","我有十二位兄弟姐妹。","I have twelve siblings.","名詞"
"602","kingal","0","1","一","one","Smnalu maxal kingal gukuc rulu ka tama mu.","我的爸爸製作十一部車的車輪。",,"其它"
"1018","hwaun","0","2","要幹嘛","to do what","Hwayun su mchaya ka uruk huling kiya?","你怎麼要把小狗那樣（玩耍）？",,
"604","parih","0","1","鋤頭","hoe","Moda mhuma ma moda qmulah sudu ka parih biciq.","小鋤頭可以用來種植、除草。",,"名詞"
"605","parih","0","2","鋤頭","hoe","Mangal parih daqa moda tmabul yqeyaq.","使用牛犁來犁田。",,"名詞"
"951","ye","0","1","疑問詞","question word","Ye ga taqi ka Umin nana? ","Umin還再睡覺嗎？",,"其它"
"619","rulu","0","1","車子","car","Teyan bale knbbaro rulu puniq.","火車好長啊！","The train is long!","名詞"
"901","gaga","2","0","正在(進行某個動作)","is V-ing","Wada mahu lukus ruru hii ka bubu mu ma, ga cmeyax qhuni gaga ka tama mu.","我媽媽到溪裡洗衣服，我爸爸正在那裡劈柴。",,"其它"
"954","sknuwan","0","1","何時","when","Mneyah namu sknuwan?","你們什麼時候來的？","When did you come?","動詞"
"1025","rako","1","0","不按順序(跳越)",,"Iya rako lmamu namu wa, hawan. ","你們不要跳著採，(沒採收)可惜。",,"名詞"
"624","sapah","0","1","家","house","Tnaapa ku sapah skiya mosa theyaq alang bukuy rcilung.","我搭過飛機出國旅行。","I've been traveling by plane.","名詞"
"626","sapah","0","1","家","house","Tnaapa ku sapah skiya mosa theyaq alang bukuy rcilung.","我搭過飛機出國旅行。","I've been traveling by plane.","名詞"
"1022","toraku","0","1","大卡車","truck","Wada hqulun toraku kanna bnaquy yayung di.","河邊的沙子都被卡車給運走了。","The sand on the riverside is all carried away by truck.","名詞"
"895","naka","0","1","應該；本來","should","Naka su mbleyaq hari ka isu Takun; isu ka qbsuran daha han.","Takun，你應該做(表現)的好一點；你是他們的兄長耶。","Takun, you should have done it better; you're their brother.","動詞"
"629","tubu","0","1","口簧琴","musical instrument","Mkela ku smmalu tubu qoqo ka yaku.","我會製作單簧的口簧琴。","I can make Jew's harps.","名詞"
"669","meniq","0","1","所在的位置",,"Ima ga meniq sapah bgurah gaga?","那棟房子是誰住的呢?","Who lives in that house?",
"631","tubu","0","1","口簧琴","musical instrument","Mkela ku smmalu tubu qoqo ka yaku.","我會製作單簧的口簧琴。","I can make Jew's harps.","名詞"
"670","eniq","0","0","所在之處","to be at some place","Ini eniq sapah hii bubu su?","你媽媽不在家嗎？","Isn't your mom home?","動詞"
"891","rudan","0","1","老人家；族老","senior","Ini thei kari rudan de, mangal hari ndaan naqah.","不聽從老人經驗的教導會讓我們重蹈覆轍。","We'll repeat the failure if we don't follow the seniors' experienced instructions.","名詞"
"911","msekuy","0","2","冷","cold","Msekuy riyung ciga mesa tama mu.","我父親說昨天的天氣非常冷喔。","My father said it was very cold yesterday.","其它"
"902","rupun","0","1","牙齒","tooth","Rupun su, bhege bale gtaan.","你的牙齒看起來很白。","Your teeth look very white.","名詞"
"892","serus","0","1","擦拭","to wipe","Serus isu gagi ga di Uma; mhedu ku smkesik sapah ka yaku di.","Uma，窗戶由妳來擦了哦；家我已掃好了。","Uma, the window is for you to clean; I've swept the house.","動詞"
"1023","cudu gamin","0","1","蕗藤","Tubaroot Jewelvine","Lmiqu nii skdiyan daha cudu gamin ka seediq alang miyan.","這座山是我們部落族人尋找蕗藤的地方。",,"名詞"
"1100","guyuq","1","0","設陷阱","to set up a trap","Iya guyuq eluw ddaun seediq; uxe de moda tdiyan hii ka seediq.","不要在人要走的路上設陷阱；陷中路人就糟糕了。","Don't set up a trap on the pathway; or it'll be terrible if passengers are hurt.","動詞"
"985","bukung 1","1","0","駝背",,"Niqan naq seediq mbukung druri, ani so kiya we ini mhmeti mesa bukung. ","人也有(天生)駝背，即使如此我們不可以叫人家為""駝背者""。",,"動詞"
"986","liingi","0","2","藏起來(祈使)","to hide something","Liingi nhari, gisu bubu su di.","趕快藏起來，你媽媽來了。",,
"1001","paras bale","0","1","破布子","Cummingcordia","Lmui kana paras ga. Deso ta sapah di.","把那破布子撿起來，我們帶回家去。","Pick up the cummingcordia. Let's take it home.","名詞"
"900","gaga","1","0","那個","that","Ga mlukus lukus qalux ga ka tama mu ma, bubu na Takun ka ga mheyu ssiyo na.","(那位)穿著黑色衣服的是我爸爸，站在他旁邊的是Takun的媽媽。","That guy in black is my dad; and the one standing beside him is Takun's mom.","其它"
"765","duri","0","1","也","also","Mnekan ku ido ka yaku di, ma tama mu duri.","我吃過飯了，我爸爸也吃過了。","I've had my meal; so did my dad.","其它"
"667","kurang","1","0","硬顎","palate","Saadux riyung kurang camac.","山豬的顎很硬。","The boar's palate is very hard.","名詞"
"968","hnwaan","0","1","把...怎樣","to do something to another","Hnwayan namu huling nii ha? Ma ga stkemu di.","你們把這隻狗怎麼啦？牠怎麼縮著了。","What have you done to this dog? It is cringing.",
"655","rseno","0","1","男子；男人；男性","man","Kingal ka qbsuran mu rseno.","我有一位哥哥。","I have a brother.","名詞"
"959","gleki","0","1","搶奪(祈使)","to snatch","Iya gleki ka na laqi kiya, osa naq mangal ka isu.","那小朋友的你不要搶，你自己去拿。",,
"958","na1","0","2","屬格(格位標記)","genitive case","Tama mu ka ga mheyu berah na bubu su.","站在你媽媽前面的是我爸爸。",,"其它"
"939","mkala","0","0","爬升","to rise","Ga mkala dgiyaq hido ga di.","太陽升到山頂上了。",,
"767","tikuh","0","1","一點點；一些些","few","Ga kmeruc tikuh wawa so sapah hprayan hii ka heya.","他在廚房切一些肉。","He is slicing some meat in the kitchen.","名詞"
"671","llaxan","0","1","丟棄；放棄",,"Uka na llaxan mimah sino ka Tihung di.","Tihung 已經很難戒酒(放棄酒)了。","It's been difficult for Tihung to quit drinking.","動詞"
"699","pungu","0","1","關節","joint","Gaga mllabu pungu papak mu.","我的腳踝腫起來。",,"名詞"
"673","chedil","0","1","重","heavy","Knhenu chedin paye desun su ?","你要帶多少重量的稻米?","How much weight of rice will you carry?","動詞"
"995","dmai","0","1","馬","horse","Mngungu dmai rudan ta cbeyo, ado daha uxe qntaan.","以前本族人會怕馬，因為他們沒有看過。","The seniors used to be afraid of horses because they'd never seen one.","名詞"
"992","trqilun","0","3","討厭","to dislike","Trqilun mu riyung ka ini trima mosa taqi qlapo.","我最討厭沒洗澡就上床睡覺。",,"名詞"
"993","trqili","0","2","討厭；厭惡","to hate","Iya ku trqili kesa, ani ku naq ini dehuk smmalu nii.","不要討厭我，即使我沒有做完成它。","Don't dislike me even if I do not finish making it.","名詞"
"677","rmengo","0","1","說 ; 講","to speak","Yaku wada mhedu rmengo kanna di.","都被我說完了。",,"動詞"
"745","tama","1","0","雄性的禽類","male feather","Asi ka tama glaqan niqan uban ngungu na bhege. Uka ka bubu na.","雄性(公)的藍腹鷴才有白色的尾羽，雌性(母)的沒有。","Only male Swinhoe's Blue Pheasants have white tail feathers; The female don't.","名詞"
"754","knmalu","0","1","那麼地好","nice","Ani naq ini bleyaq psraman ssaun na pseung mskari Seediq ka laqi ga we, mosa ba de mangal snadu knmalu rnngagan na klaali.","那個孩子隨意參加族語比賽都拿到好的名次。","That kid participated in the Seediq contest at will and won a good place.",
"689","pntena","0","1","使相同的","to make it the same","Ini pntena puruc daka piilo. Qalux quwaq ma qalux tunux na ka puruc.","文鳥(野麻雀)和一般的麻雀是不一樣的，文鳥是黑嘴黑頭的。",,
"972","cghuur","0","1","上吊(自縊)","to hang oneself","Ini cghuur hari saya seediq di.","現在的人比較不會上吊自殺。","People won't commit suicide by hanging nowadays.","動詞"
"973","cghuur","0","2","上吊(自縊)","to hang oneself","Wada cghuul ceka rabi cnkaxa ka baki rudan bnsiyaq riyung mnarux kiya di.","那個生病很久的老人，在前天半夜已經上吊死了。","The old man who had been ill for a long time committed suicide by hanging yesterday.","動詞"
"764","rngagun","0","1","告訴某人；向誰說；轉達","to tell","Wada mu rngagun kanna di.","我全部都說了。","I've told all about it.","名詞"
"977","nngalan","0","1","已拿取之物","things taken","Nngalan su na bubu mu sbiciq su si bubu mu.","我媽媽說妳小時候她帶過妳。","My mom said she raised you when you're little.",
"997","dngei","0","1","曬乾；烘烤(祈使)","to dry (in the sun) (imperative)","Dngei duma lexi namu; bsiyaq skuwan ka lexi dnngeyan.","曬乾你們的竹筍；筍乾可儲存久些。","Sun dry your bamboo shoots so that they can preserved longer.",
"702","qatan","0","1","夾子","clamp","So ba atak ka ngungu na qbheni qatan ngungu.","燕子尾巴的模樣很像剪刀。",,"名詞"
"703","qsiya","0","1","水",,"So smiicu ka qsiya paru.","洪水很可怕。","Floods are scary.","名詞"
"981","tnngayan","0","1","命名","to name","Ima tnngayan laqi su nii Pawan?","Pawan，你這孩子(的名字)是誰命名的？","Pawan, who named your child?",
"704","pgatuk","1","0",NULL,NULL,NULL,NULL,NULL,
"964","rabang","1","0","更加",,"Rabang su ba qtaan alang hini Dakis？","Dakis，這麼難得在部落看到你？",,"動詞"
"799","doosun","1","0","紡紗","to spin cotton into yarn","Ga doosun na Temi ka dnaus na Iwan.","Temi在紡Iwan捻好的紗。","Temi is spinning Iwan's twisted cotton into yarn.",
"707","hetur","0","1","擋；阻","to block","Hetur qsiya ga han Tado, rwahi kiya hari di.","Tado，先將水阻斷，等一下再放開。","Tado, block the waterflow for a moment before releasing it.","動詞"
"708","braqu","0","1","五色鳥",,"Tikuh hari hei braqu. ","五色鳥的體型不大。",,"名詞"
"982","sksiki","0","1","掃地(祈使)",,"Sksiki kanna hayan, egu dangi na qbsuran su meyah kiya.","先去清掃等一下妳哥哥很多朋友會來。","Sweep the floor, because many of your older brother's friends will come later.",
"710","pspuun","0","1","使加在一起","to put together","Maha piya kanna pila su desu pspuun？","你的錢全部加起來會有多少？","How much money do you have in total?","動詞"
"731","mdakil","0","1","攀爬；成長",,"Iya osa mdakin qhuni baro laqi nii, hae namu naq mtuting hiya.","小朋友們，不要爬到樹上，以免摔下來(受傷)。","Children, do not climb the trees in case you fall (and get hurt).","動詞"
"711","dheran","0","2","泥土；塵土；土地","dust","Egu riyung dheran na ga alang Gluban ka Sapu.","Sapu有很多土地在清流部落。","Sapu has many lands in Gluban.","名詞"
"712","deur","0","1","種苗","sprout; shoot","Kuras, netun msngari deun su horay de krngii ku hii denu.","Kuras，如果你的蓬萊稻苗有剩時留給我。","Kuras, if it is possible, leave some shoots of your Penglai rice shoots for me.","名詞"
"963","cuqi1","1","0","竹杯；竹筒或木製的小杯筒","baboo cup","Smalu cuqi btakan de piimah seediq ka rudan ta cbeyo.","我們的先祖們宴客時，會製作竹杯。","Our ancestors would make bamboo cups before entertaining guests at a banquet.","名詞"
"778","rseno","0","2","男子；男人；男性","man","Miicu su mngkuung de, uxe rseno ka so kiya di wa.","你怕黑的話，那就不是個男人了耶。","If you fear the dark, then you're not a man.","名詞"
"779","cuuxan","0","2","較久的過去","far in the past","Ma ka cuuxan mnosa ta texan han, bsiyaq ka kiya di. ","我們是上回去過一次，那已經是滿久的事了。","We went there once before; that's long time ago.","其它"
"781","tanah","0","1","紅色","red","Tanah ka bunuh na Sapu.","Sapu的帽子是紅色的。","Sapu's hat is red.","其它"
"782","turuq","0","1","口水; 痰",,"Nima turuq nii？ Ma ini osa tmuruq hngali hari.","這是誰的痰？怎麼不到遠一點的地方吐痰。",,"名詞"
"784","mseyaq","0","1","咳嗽","to cough","Kumu, ga mneetuq mseyaq soni keeman ka tama ta, naka saanun pqita ising han.","Kumu，我們的爸爸昨晚不停地咳嗽，應該先帶他去看醫生。",,
"940","htiyun","0","1","遺留；遺忘","to be left","Piya pila ga su htiyun dheya hii?","你留給他們多少錢？","How much money did you leave for them?",
"789","hei","1","0","果實","fruit","Neepah na Umin ga, niqan daha qhuni gitu, malu heyi na.","Umin 的耕地有兩棵山枇杷樹；它結的果實不錯。","There are two Indian almond trees on Umin's field; their fruits are good.","名詞"
"794","curi","1","0","準星","the front sight (of a gun)","Uka curi halung ta cbeyo, asi naq qtai knkela cmebu knkingal seediq, ini so halung saya.","不像現在的槍枝，我們以前的獵槍沒有準星，完全看(靠)個人的槍法。","Unlike the modern hunting gun, the former hunting gun had no front sight; personal skills of shooting matter predominantly.","名詞"
"800","kulo","1","0","前(一節)手臂","forearm","Bbaro kulo baga na runge, ini so ita seediq ge puto hari.","猴子的前手臂是長的，不像人類的比較短。","The monkey's forearms are long, unlike humans'.","名詞"
"802","kulo","0","1","節段(竹子的節，甘蔗的一節，人的小腿長)",,"Sepac kulo qoran qtehur duma gbulan daha qsiya seediq cbeyo.","以前的人汲水用的竹筒，有以四個節的粗麻竹製成的。",,"名詞"
"976","htii","0","1","留下(祈使）","to leave","Htii hini sama bnaruy su si bubu su.","你媽媽說將你買的菜留在這裡。","Your mother said that you should leave the vegetables that you bought.",
"807","qbulic","0","1","灰；灰燼","ash","Saangal daha qbulic rngeung gimax daha pure ware ka mqedin alang nami, kika bhege ware pnrayan daha denu.","我們部落的婦女們會用山麻黃的木灰和麻線一起煮，麻線會煮成白色。","The women of our tribe will cook Trema orientalis ashes with linen threads; the linen threads will become white.","名詞"
"808","ptuting","0","1","掉落；遺失","to lose","Bino wada ptuting pila huwa na sai maruy hiryo ka Ukan Pawan si, Bagah?","Bagah，聽說Ukan Pawan遺失了他本來要買肥料的錢，是真的嗎？","Bagah, is it true that Ukan Pawan lost his money for the fertilizer?",
"809","rulu","0","2","車子","car","Laqi na Takun ka ga rulu truma ma, miicuw de keeman.","在車子裡面的是Takun的孩子，到了晚上(他)會害怕。","In the car is Takun's child; he's scared when it becomes dark.","名詞"
"810","keguy","0","2",,,"Bubu mu rmnengo mesa keguy we niqan daha klegan.","我媽媽說苧麻有兩種。","My mom said there are two knids of ramie.","名詞"
"811","asi ka","0","1","必須；一定","must","Asi ka naq smnegul gaya rudan ta ge, kii si maha qrasun na tama bubu ta dhenu mesa qbsuran mu rseno.","我哥哥說，一定要遵守傳統禮俗與規範，那樣才會使我們的父母親高興。","My brother said that we must obey the traditions so that our parents will be happy.",
"814","rseno","0","3","男子；男人；男性","man","Uka rseno sapah na heya.","她家裏沒有男人。","There's no man in her family.","名詞"
"815","nbuyas","0","3","肚子","stomach","Ini knarux nbuyas mu.","我的肚子沒有不舒服。","I don't feel uncomfortable in my stomache.","名詞"
"816","mkkesa","0","1","走路","to walk","Tama rudan na heya, thuwe mkkesa meniq alang.","他祖父在部落時，很緩慢底散步。","His grandpa took a walk very slowly when he's in the tribe.","名詞"
"817","phuling","0","1","狗獵","to hunt with dogs","Meniq alang ka Sapu han we, mkela phuling.","Sapu在部落時會狗獵。","Sapu would go hunting with dogs when he's in the tribe.",
"865","mbruwa","0","1","打雷","to thunder","Qmuyux paru ka keeman de, mbruwa denu.","晚上下大雨的時候，會打雷的。","It'll thunder when it's raining at night.",
"819","msuwak","0","1","打哈欠","to yawn","Ye ado bsiyaq tmara tloong gakac hii ka Tapas mosa pqita mnarux, kika asi lux msuwak di.","Tapas去看病的時候，因為坐在椅子上等很久而打喝欠。","When Tapas went to see the doctor, he's yawning because he'd been waiting too long in the chair.",
"822","kduruk","0","1",,,"Glahang ka kduruk su.","你的額頭很寬。","You has a wide forehead.","名詞"
"853","qdaanun","0","1","丟棄","to throw away","Wada na qdaanun theya riyung ka kingal sbrangan.","他把一隻長矛丟擲的很遠。","He threw a spear very far.","名詞"
"824","smkenux","0","1","聞(味道)；嗅","to smell","Meyah smkenux ceka dheran de keeman ka ngiyo, meyah skadi qolic.","晚上的時候，貓聞嗅客廳，尋找老鼠。","The cat smells around the living room at night, in search of mice.",
"825","bsukan","0","1","酒醉","to be drunk","Bsukan paru ka tama mu rudan ciga di.","昨天我祖父很醉。","My granpa was very drunk yesterday.","動詞"
"826","cmucac","0","1","舊的","to be old","Cmucac ka sapah mu.","我的房子是舊的。","My house is old.","動詞"
"858","trima","0","1","洗澡及洗身體其他部位","to wash; to have a shower","Malu ka trima hei klaali mesa bubu mu.","我媽媽說，每天洗澡是好的。","My mom said it's good to take a bath every day.","動詞"
"828","qrengul","0","1","煙","smoke","Egu riyung qrengun na hmudur cbeyo.","以前燒墾時，火的煙霧很多。","There used to be lots of smoke when people slashed and burned.","名詞"
"829","msekuy","0","1","冷","cold","Ga qmuyux ka nganguc, kika msekuy nami meniq bebe.","外面下著雨水，所以我們在屋簷下會覺得很冷。","It's raining outside, so we're feeling cold under the eaves.","其它"
"830","ubung","1","0","蓋住","to cover","Ubung ta maanu ka sunguc nii di ha? Ini baka suubung hii ka btuku nii.","我們要用什麼蓋這樹豆了呢？這圓箕不足以將它蓋住。","What do we use to cover the cajans? The round dust basket can't work.","名詞"
"1003","lngisun","0","1","哭泣","to cry","Maanu lngisun su nii? Knbeyax naq hari sluhe su, bobo na de maha malu pnyasan snrhayan su denu.","為什麼在這裡哭泣？你自己要努力學習，將來你也會學好的。",,
"950","kenu","1","0","如何地","how","So kenu ka knsliko tnlaman na Takun？","Takun跑得有多快？","How fast can Takun run?","動詞"
"852","klai","0","1","知道；認知；了解(祈使)","to know ; to understand","Ini daha klai gaga tgleing inu seediq kiya.","他們不知道那個人躲藏在哪裡。","They don't know where that guy hide.",
"835","asuw2","0","0","分(東西)","to share","Asu su ima kanna hlama kii Iwan?","Iwan，妳那麼多的糖果要分給誰？","Iwan, who are you going to share all those candies with?","動詞"
"836","bbali 1","1","0","子彈","bullet","Ini so bbali halung saya ka bbali halung ta ita Seediq cbeyo, tmeetu tikuh so parih naqah ma xiluy bnari daha Mukan.","我們賽德克族人，過去用的槍枝的子彈和今天的不一樣；以前的子彈，是由損壞的鋤頭以及向漢人買來的碎鐵條而得的。","We Seediq people didn't use before the bullets that we're using today; we used to make the bullets from broken hoes, or from broken iron bars bought from the Han people.","名詞"
"967","bale","0","1","真的；真正的；真實的","real","Kingal ba kiya bnege na?","他只給你那麼一顆嗎？","Di he give you just one?","其它"
"838","skesik","1","0","台灣蘆竹","Taiwan Giantreed","Ngalan daha smmalu skesi ka sudu nii, kiya kesun daha skesik.","他們會拿這種草(台灣蘆竹)製做掃把，所以他們稱作skesik。",,"動詞"
"839","qqusun","0","1","沉迷；只貪於做某事",,"Ma wano kii ka qqusun su, ini su qlahangi ka laqi su.","你就沉迷在那樣的事，卻不照顧你的孩子。","You're just wallowing in that kind of thing and don't take care of your kids.","動詞"
"984","bnlbilan","0","1","拔；拉","to pull","Bnlbilan kuna Iban ga! Nasi uxe heya,  naka ku ga truma hii nana.","是Iban把我拉上來的，要不是他，我可能還在那個裡面。",,
"844","krmani","0","1","先做某事",,"Krmani mekan ka iyu su han ma, puqi ido. So kiya kari ising.","先把妳的藥吃了再吃飯；醫生是這麼說(交代)的。","Take your medicine first before you have your meal; that's what the doctor said.",
"850","etuk","1","0","壓; 夾","to place in between","Etuk tikuh sekuy ga han Awi. Bkeyo mu.","Awi，把那箭竹夾住，我來綁。","Awi, place that Yushania niitakayamensis in-between and I will tie it up.","動詞"
"851","etuk","2","0","閉著","to shut","Etuk hari quwaq su wa, kari maanu ka kiya di.","你能不能閉嘴，你講的是什麼話。","Can you shut your mouth? What are you talking about?","動詞"
"857","mhuriq","0","1","濕","being wet","Iya plukus lukus mhuriq ka laqi.","小孩子不要穿濕的衣服。","Kids shouldn't wear clothes that are wet.",
"859","dilun","0","1","提著；抬著","to lift; to carry","Gisu na dilun Umin ka qhuni mdengu di.","Umin把那些乾的木柴抱提過來了。","Umin has carried that dry wood over here.",
"860","msepi","0","1","做夢","to dream","Trqeraq ku tikuh ma, msepi ku kingal runge ini beyo mdakil.","他躺一下休息時，夢見一隻猴子很快底爬上樹。","He dreamed of a monkey climbing up a tree very quickly when he's lying to take a break.",
"861","hmeguc","0","1","吸；抽；收成","to harvest","Ga hmeguc maanu ka swai su rseno ga?","你的弟弟在吸什麼？","What is your brother sucking?",
"862","tloong","0","2","坐下",,"Tloong ku gakac ka matis ku.","我坐下來寫字。","I'm sitting down to write.","動詞"
"863","baga","0","3","手","hand","Niqan luqah ka kulo baga na laqi na Temu.","Temu的孩子的手肘上有小傷口。","Temu's kid's elbow is a bit wounded.","名詞"
"898","narac","0","1","右邊","right","Narac kesun daha ka baga ta mbeyax nii.","我們強邊的這隻手他們稱做narac(右手)。","They call our strong hands ""narac"", meaning ""right hands.""","其它"
"866","dheran","0","3","泥土；塵土；土地","dust","Gheti dheran ga na phmaan brkawe dara ka Umin.","Umin有很多種植紅肉李的地。","Umin has many lands for growing red plums.","名詞"
"867","mhuqil","0","2","死亡；枯死",,"Wada mhuqil preko ga di.","蚊子死掉了。","The mosquito is dead.",
"868","bteriq","0","1","大腿","thigh","Ga mangal luqah ka bteriq na qpatun ga di.","那隻青蛙的腿上有受傷。","That frog's legs are wounded.","名詞"
"869","ledax","0","1","天亮","daybreak","Kedu bale ledax hido nii.","陽光那麼強。","The sun is so bright.","動詞"
"871","siru","0","1","掛；戴",,"Siruy isu gidi nii Ape, malu taan wa.","Ape，妳戴上這頭飾，很漂亮喔。","Ape, the head decoration looks good on you head.","動詞"
"872","bkuun","0","1","捻成線","to twist into threads","Maxal bkuul de mnkingal kesun daha smepu.","十綑捻好的麻紗，她們會以mnkingal來計算。","They will use ""mnkingal"" as a unit to count the ten bundles of linen thread.","名詞"
"873","daus","1","0","紡紗","to spin cotton into yarn","Daus isu ka nuqah qnqihan ga Temi.","Temi，那捻好的麻線妳來紡紗。","Temi, spin that twisted linen threads into yarn.","動詞"
"874","cula","1","0","刨切","to plane","Cula yamu ka qtinuh ga, mcula nami eruc ka yami.","那木板由你們刨切，我們來刨切柱子。","You plane that board; we'll plane the pillar.","動詞"
"875","baso 1","3","0","將煮熟之物移離爐灶","to remove the cooked food from the kitchen stove","Baso begu ga di Rabe, ado so ini ktilux de mahun.","Rabe，把那(煮熟的)湯移離爐灶，喝起來才不那麼熱。","Rabe, remove that soup from the kitchen stove so that it won't be too hot to eat.","動詞"
"876","gsgesi","0","1","刷洗(祈使)","to brush","Gsgesi nhari hari wa; maha ta sapah di.","趕快刷吧；我們要回家了。","Brush it quickly; we're going home.",
"877","glgani","0","1","搖動(祈使)",,"Glgani pusu bubu na aring ga Pering; teta mhrehun hei na?","Pering，搖動那顆桃樹的主幹；看看它的果實會不會散落下來？","Pering, shake the trunk of that peach tree; see if the fruits will fall down.","動詞"
"983","qbciqi","0","1","使變小(祈使)","to make small (imperative)","Qbciqi hari tneetu su; nii scuqi paru di.","你剁小一點；你剁的太大了。","Cut it smaller; you've made it too big.",
"879","meniq","1","0","有",,"Meniq kesun ka Pusu Qhuni mesa pnyahan Seediq mesa.","有一個被稱作「Pusu Qhuni」的地方，是賽德克族的發源地。","There is a place named ""Pusu Qhuni"", the origins of the Seediq.",
"881","mntexal","0","1","一次","one time","Mnexal bale mangal ma, kingal bale ngalun.","只能拿一次以及只能拿一個。","One can take only one and only once.",
"882","mhungul","0","1",,"be sharp","Mhungul riyung slmadac nii, ado bgurah nana.","這個開山刀還很鋒利，因為還是新的。","Ths machete is still edgy because it's still new.",
"883","patis","0","1","寫；書；信件","book ; documents","Patis isu Kuras. Ini ku kela matis ka yaku wa.","Kuras，你來寫。我不會寫啦。","Kuras, you write; I can't.","動詞"
"884","dnyangan","1","0","燻過的獵肉","smoked game","Dnyangan su wawa rqenux nii Takun?","Takun，你這鹿肉是燻過的嗎？","Takun, is your deer smoked?",
"1038","sepu","0","1","數；算","to count","Sepu pila ga su dooyun han. ","算一算你手上拿的錢。","Count the money in your hand.","動詞"
"1039","gseesu","0","1","安靜下來","to quiet down","Gseesu hari lnglungan su; iya prmari di.","讓你的心情安靜下來；不要胡思亂想。","Calm down yourself and don't think about it anymore.","動詞"
"1040","smneqic","0","1","砍下來的","cut by","Ima smneqic btakan nii? Hwaun daha?","這些竹子是誰砍的？他們要幹嘛？",,
"1041","qyexun","0","1","將被雨淋","to be rained on","Iya psai hiya, qyuxun na di.","不要放在那裡，會被雨淋到。","Don't put it there; it'll be wetted by the rain.",
"1042","sgrangan","0","1","生鏽","to rust","Ini eniq sgrangan ka yayu xiluy.","鐵製的刀很容易生鏽。","Iron knives become rusty easily.",
"1043","ptpaan","0","1","交疊著（一個壓著一個)；交叉","to pile up","Ga na ptpaan megul snuyuk ka huling ga.","他把那隻狗用繩子交叉綁起來。","He tied up the dog with a rope around it.","動詞"
"1044","ttei","0","1","剁切(祈使)","to chop (imperative)","Ttei tikuh qwarux nii Puhuk. Ini mu kmkeli tmeetu wa.","Puhuk，幫我剁一下這黃藤。我剁不起來。","Puhuk, chop this yellow rotang palm for me. I can't do it.",
"1045","ptahu","0","1","生火","to make fire","Ptahu han! Kii si ini beyo pure kiya hari.","先起火吧！這樣等一下就可以很快煮東西了。","Light a fire first! Then we can cook soon later.","動詞"
"1046","mtswai","0","1","互為兄弟姊妹","to be brothers and sisters","Mtswai kanna ka seediq gaga mheyu siyo ga.","站在旁邊那一群人都是兄、弟、姊、妹。","Those that are standing aside are brothers and sisters.",
"1047","ssiyo","0","1","旁邊","side; surroundings","Daun daha paha ssiyo pusu na ka tayhi. Ini asi psai pusu na bale.","他們將肥料撒在根的周圍，不直接撒在根部。","They manure the surroundings of the roots, not the roots themselves.",
"1048","smneung","0","1","測量","to measure","Ima smneung qsiya ido nii; ma so hari ini khada nana.","煮飯時誰量的水量？怎麼飯好像沒煮熟。","Who measured the amount of water when cooking? The rice doesn't seem to be cooked.",
"1049","smnetur","0","1","整理","to put things in order","Ga smnetur qyqeya ddesun na gako ka Iwan.","Iwan正在整理她要帶到學校的東西。","Iwan is sorting out what she will bring to school.",
"1050","leexan","0","1","亮；清楚","bright; clear","Leexan mu qmita ka patis Tanah Tunux.","我看日文書容易看得懂。","Japanese books are easier for me to understand.","其它"
"1051","mskuxun","0","1","互相喜歡","to like each other","Heung naq bsiyaq riyung mskuxun dheya kii di; ye ga ini srwai rudan daha ho? Ye kii ini psterung nana.","他倆已相愛很久了；是不是他們的長輩們不肯呢？所以還沒結婚。","They been in love for a long time; wouldn't their parents like to see that? They haven't get married.",
"1052","kuxun","0","1","喜愛","to be fond of","Kuxul riyung mekan pada ka rabu waso qhuni ma sudu.","山羌很喜歡吃嫩的樹葉及嫩草。","Muntjacs love to eat tender leaves and grass.","動詞"
"1053","tngglayan","0","1","打架；鬥毆","to fight; to brawl","Ani ba knkanna tngglayan daha dheya kiya, asi lux mngaangal lukah.","他們兩個打架打的很厲害，雙方都受了傷。 ","They had a terrible fight, and both of them were hurt.","其它"
"1054","tyaqung","0","1","烏鴉","crow","Uxe tanah ka uban hei na tyaqung.","鳥鴉身上的羽毛不是紅色的。","The feathers of crows are not red.","名詞"
"1055","tmbenu","0","1","以土石、砂礫填補窪地","to fill up a low-lying ground with rocks","Egu beling ka eluw osa alang daha,  kika ga daha saun tmbenu.","他們回部落的道路很多坑洞，所以他們去把它填平。","There are many holes on their way to the tribe, so they went to fill them up.","動詞"
"1056","stkuhun","0","1","一點一點","to do piece by piece","Asi naq stkuhun peekan ido laqi, kii si ini cqiri.","小孩子要一點一點的餵才不會噎到。","Children won't get choked if they are fed bit by bit.",
"1057","trasi","0","1","斗笠；雨傘","a wide-brimmed rain hat","Ga su madis trasi?","你有帶雨傘嗎?","Do you bring any umbrella with you?","名詞"
"1058","kuudus","0","1","使活著","to make someone alive","Kuudus han! Iya lngelung ani maanu.","先活著！什麼都不要去想。","Stay alive! Do not think of anything else.","動詞"
"1059","msuupu","0","1","常常在一起","to be together often","Msuupu su ima meyah hini.","你和誰一起來到這裡的？","Who did you come here with?","動詞"
"1060","pngkela","0","1","介紹認識","to introduce","Uma ga pngkela dheya ga.","是 Uma 讓他倆認識的。","It was Uma that introduced them to each other.",
"1061","kyokay","0","1","教會","a church","Mosa ku kyokay klaali niciyobi.","我每個星期天都去教堂。","I go to church every Sunday.","名詞"
"1062","rebu","0","1","浸泡","to soak","Ma tn-go rebu huling ka rhengun ga!","院子怎麼都是狗的尿尿！","There's dog urine all over the yard!","動詞"
"1063","qnnaqah","0","1","有多壞","to be so bad","Qnnaqah na seediq nii, uka tikuh lnglungan na dmayo rudan na.","這個人壞到連幫忙父母的一點點心意都沒有。","The guy is so bad that he doesn't even want to help his parents.","其它"
"1064","limuk","1","0","銅鍋","copper pot","Egu klengan limuk qntaan mu sapah daha.","我在別人家裡看到不同規格的銅鍋。","I saw copper pots of different sizes at other's home.","名詞"
"1066","mnseung","0","1","故意","deliberately","Uxe ka mnseung mangal qyqeya seediq di; irih so gmeeguy ka so kiya.","不可以故意拿走別人的東西；那是小偷的行徑。","Don't take away people's stuff deliberately; that's what a thief does.",
"1067","pnlkusan","0","1","已穿過","to have worn","Pnlkusan mu kana lukus gaga nganguc ga.","外面那些衣服都是我穿過的了。","I've worn all the clothes out there.",
"1068","muhir","0","1","勉強","to force","Muhir miyan mapa srqemu nii; chedil riyung!","我們很勉強的揹這些玉米；非常重！","We can barely carry these corns. They are heavy!",
"1069","klgelu","0","1","晃動","to move; to sway","Iya klgelu hini ha, uxe sumu slaun kiya hari denu.","(你)在這裡不要走動，不然等一下我會找不到你。",,"名詞"
"1070","kulu","1","0","箱子；盒子",,"Hwaun kulu kii Takun? Mtabu su qolic weewe?","Takun，你那箱子要做什麼？你要飼養兔子嗎？",,"名詞"
"1071","paha","1","1","使去",,"Paha ku gako hetay si Dakis su Pawan.","Pawan，你的Dakis說讓他去(讀)軍校。",,"動詞"
"1072","posa","1","1","使去","to make someone go","Posa Hori kusun laqi ga Robo, maha nami maruy lukus si.","Robo，明天讓孩子們去埔里，他們說要去買衣服。",,
"1073","psai","1","0","使去 (祈使)","to make someone go (imperative)","Psai gako laqi su Dakis, hwaun su pgduru alang hini.","Dakis，叫你的小孩去學校，你幹嘛讓他在部落閒著。","Dakis, ask your child to go to school. There is no reason for you to let him stay in the tribe doing nothing.",
"1074","pexi","0","1","按；壓","to press","Pexi nhari. Hawan bale wada tuting duma di.","趕快按住。有一些掉出來了，好可惜。",,"名詞"
"1075","epux","0","1","按(壓)","to press","Epux tikuh tokan rawa ga bukeo mu.","按住那個背籃，我要綁住它。",,"動詞"
"1076","ppexi","0","1","按住；按摩 (祈使)","to massage (imperative)","Ppexi kesun sumu han. Hawan naq.","跟你說了要按住！好可惜喔。",,"動詞"
"1078","qqaras","0","1","高興","happy","Qqaras hari!","高興點啊！","Be happier!",
"1079","kgeli","1","0","太陽穴","temples","Gisu mnarux kgeli ssiyo tunux mu. ","我頭的兩側的太陽穴正在痛。","My temples are aching.","名詞"
"1080","hiqun","1","0","彎曲",,"Kndalax strengan Tangan hiya de, egu riyung eluw hiqun ka eluw oosa Paran.","從眉溪的合流點(今人止關附近)開始，往霧社的道路就很多彎道。",,"名詞"
"1081","hnwaan","0","2","把...怎樣","to do something to another","Hnwaan daha mesa smalu qburic nii？","他們用什麼做這個火藥？","From what did they make the ammo?",
"1082","melux","1","0","不是...怎會...；無由地...",,"Melux namu naq paru, uxe maku dnngaan peni?","不是我養育你們的嗎？不然你們怎麼會長大(成人)呢？",,"動詞"
"1083","qbulic","1","2","火藥","gunpowder","Ini so qbulic halung saya ka qbulic halung snalu ta naq ita Seddiq, ini kbeyax ka nita.","我們賽德克人所製作的火藥不像現代的火藥，我們的比較弱。",,"名詞"
"1086","ngacun","1","0","瘜肉；小肉瘤",,"Malux hmeru ngacun baga ta ha?","我們的手怎麼會長出瘜肉？",,"名詞"
"1085","qbulic","2","1","灰；灰燼","ash","So hari mesa kcugun quyu ka qbulic pnthuwan nii, ye so kiya?","據說，蛇類會怕火堆的灰燼，是這樣嗎？",,"名詞"
"1087","mhenuk","0","1","易斷的 ; 柔軟的","soft; fragile","Nii hlama mhenuk, maha malu pqdalun laqi.","這是軟糖，較適合給孩子吃。","This is a soft candy. It is safer for kids to eat.",
"1088","naaguh","0","1","快點兒","hurry","Naaguh hari meyah su sapah de su mhedu mahu si bubu su.","妳媽媽說，妳洗完衣服就快點回家。","Your mom asks you to hurry home once you've done the laundry.",
"1089","temaq","1","0","碎；爛",,"Scuqi mhada ka hei bluqun nii di, kika tuting de temaq di.","這柿子的果實過熟了，所以掉下來就碎爛掉了。",,"名詞"
"1090","bheniq","0","1","吊桿；彈桿","pole","Malu slmeun bheniq ka sero duri.","九芎木也很適合用來做陷阱用的木桿。","Lagerstroemia subcostata is a good material for poles used to set up a trap.","名詞"
"1091","qburung","2","0",,,,,,"動詞"
"1092","kacuy","1","0",,,,,,"動詞"
"1094","skenux","0","1","聞","to smell","Temi, skenux sknexun su phepah kiya?","Temi，那朵(些)花妳聞起來(會)香嗎？",,"動詞"
"1095","hei","2","0","肉",,"Ngali naq hei rodux peni, pqdali laqi.","自己拿雞肉嘛，給小孩子吃。",,"名詞"
"1096","bnaquy","0","1","沙土；沙子","sand","Wada hqulun toraku kanna bnaquy yayung di.","河邊的沙子都被卡車給運走了。","The sand on the riverside is all carried away by truck.","名詞"
"1097","tsrusuq","0","1","(難過)掉淚","drop tears","Wada huqil huling na, kii tsrusuq laqi ga.","那孩子的狗死了，所以他流著眼淚。","The child's dog died, so he had tears running down the face.",
"1098","anu","1","0","因為","because","Ririh mu so tama ka Awi Dakis, anu ka swai rseno na tama mu ka heya.","Awi Dakis等同於我爸爸，因為他是我爸爸的弟弟。","Awi Dakis is equivalent to my dad because he's my father's brother.","其它"
"1189","nanaq","0","2","僅僅; 只","(the) only (available)","Rteruc baga; bux ima si meekan, ita naq.","用手揉搓即可；又不是要給別人吃，是我們自己要吃的。","Just rub it with your hands; it's not for others to eat, but for us.","名詞"
"1268","srahuq","0","1","錯過",,"Ga humuwa baga mu ini beyo srahug mangan ku qyuqeya.  【意義2】遲到 :   Wada ku srahug jikan di, ki ini ku daha trai.   我遲到了，所以他們沒有等我。","我的手怎麼了拿著東西很快就會滑掉。",,
"1102","kndudul","0","1","漸漸地","gradually","Ga kndudun paru kana pnhmaan mu di.","我種的東西越來越大了。","What I grow becomes increasingly big.",
"1103","tgleing","0","1","躲藏","to hide","Tleing truma hari ga kmuro hini di.","再往裡面躲一下正往這裡看了。","Have yourself hidden inward. They are looking this way.",
"1104","malux","0","1","怎麼","how (could)","Ptahu ta puniq di ho. Ma nii msekuy kana hei mu di.","我們來烤火吧！我的身體怎麼那麼冷！","Let's nurse a fire! My body is so cold!","動詞"
"1105","knngihun","0","1","辣；鹹；苦","to be spicy; to be salty; to be bitter","Ma ini knngihun ani tikuh.","怎麼一點都不辣。",,
"1106","qlengun","0","1","一定；非要；達到；盡；極","necessary; must","Qlengun su bale mekan maanu kana kiya Dakis, pqdali dheya duma da.","Dakis，那全部的（東西）你怎麼吃得了，有的給他們吃了吧。",,
"1107","qlengi","0","1","一定要","must","Qlengi ba mosa mita tikuh ka toruq qsiya ta Takun ha, so klaun ga spuwan sudu peni. ","Takun，你一定（無論如何）要去看（巡勘）我們的水管（toruq qsiya），或許被雜物（sudu）塞住（spuwan）了。",,
"1108","qulung","0","1","持續不懈; 一定；終究；完成","to persist","Qnheqil naq muuyas ciida ka Umin, kika qulung ba wada mangal sikeng pgkoco. ","那時候，Umin自己艱辛地讀書（準備功課），終究考上了校長的職位。",,"動詞"
"1187","knksaan","0","1","走過的(路)","the path that someone passed through","Pkksai laqi su Dakis,  teta piya qango knksaan na?","Dakis，讓你的小孩走路，看他能走幾步？",,"名詞"
"1110","eniq","0","1","所在之處","to be at some place","Eniq hini yamu han, sae mu mita ka Mona,teta gaga hii？","你們先在這裡，我去看看Mona在不在？",,"動詞"
"1111","Sloyan Lukus","0","1","埔里四庄番",,"Ga mssipo Puqan Rodux daka Sloyan Lukus, alang ssaan daha rmiyux qyqeya ka Sloyan Lukus. ","蜈蚣里與守城份是相對望(互為對岸)的，守城份是他們以物換物的交易場所。",,"名詞"
"1112","smnhii","0","1","相信",,"Yaku ge, smnhii ku ka mesa niqan Utux Baro.","我相信有上帝這件事。",,
"1113","snhiyan","0","1","信任；信仰","trust","Paru riyung snhiyan na Utux Baro ka tama bubu mu. ","我父母非常相信/信奉上帝。",,
"1114","mkkesa","0","2","走路","to walk","Ima ka ga mkkesa gaga? Kedu bale knpruwan ka hnyegan na.","那個正在走路的是誰？怎麼那麼高。",,"名詞"
"1115","rngagun","0","2","告訴某人；向誰說；轉達","to tell","Rngagun ku na ka bubu mu, knbeyax meepah mesa. ","我媽媽告訴我，她說要努力工作。",,"名詞"
"1116","mneeru","0","1","告訴","to tell","Hwaun su mneeru heya, haun na mneeru seediq di.","你幹嘛要告訴他，他會去跟別人說的。",,
"1117","mneeru","0","2","告訴","to tell","Sai mneeru tikuh tama su, adis slmaduc kusun kesa. ","(回) 去告訴你爸爸，明天帶著獵刀。",,
"1118","mngihun","0","1","辣；苦(味道)","spicy; bitter","Gisu mngihun riyung ka lnglungan mu.","我的心非常的辣/苦。",,
"1119","mseyang","0","1","生氣","to be angry","Mseyang ba paru ka tama.  ","我爸爸生很大的氣。",,
"1120","lhebun","0","1","胃；心地；心腸","heart","Nagah lhebun（na）seediq kii, snhuur riyung nseediq. ","那個人（不在現場）是個壞心腸的人，很會嫉妒別人。",,"名詞"
"1121","lnglungan","0","1","心思","mind; consideration","Malu lnglungan（na）seediq kii, ini mmhemuc mseyang seediq. ","那個人（不在現場）是個好心腸的人，不會隨便罵人（與人惡言相向）。",,
"1122","qcahul","0","1","心裡；心靈","mind","Sbleqi kanna ka qbubun nami ma qcahun nami.","祈禱中說：（上主啊！）求?讓我們的肉身與心靈都安康。",,"名詞"
"1123","kani1","0","1","本來...",,"Kani su ini osa lmiqu.","你不應該去狩獵。",,"動詞"
"1124","ani naq","0","2","不論",,"Ani naq lmanguy ka heya.","他可以游泳(因為今天天氣好)。",,
"1125","qnbsiyaq","0","1",,,"Kedu qnbsiyaq traun kiya, wada inu di?","等了(他)那麼久了，到底去哪裡了?","I have waited (for him) for so much time. Where is he now?",
"1126","kragan","0","1","整理；清理","to clean","Ga kragan na Dakis ka ooda qsiya ssiyo sapah.","Dakis在清理房子四周的排水道。","Dakis is cleaning the gutters around the house.",
"1127","kseengi","0","1","訓誡","to give a admonition","Asi kseengi wa, kii si mbahang kari denu.","直接罵下去這樣他才會聽話。","Just scold him so he will behave himself.",
"1129","dnngeyan","0","1","曬乾處；曬乾物","being dried","Dengu duma lexi nii denu Takun, hmeri malu puqun ka lexi dnngeyan. ","Takun，把有的(一些)筍子曬乾好了，曬乾的筍子反而好吃。",,"名詞"
"1130","mdengu","0","1","乾","dry","Mdengu lukus pnheyan su di Robo?","Robo，妳洗的衣服乾了嗎？",,
"1131","kleho","0","1","活潑；樂觀",,"Kndalax naq ciga ini kleho ka laqi nii, ye uxe ga mnarux ho?","這小孩從昨天就不舒服(不活潑)的樣子，是不是生病了呢？",,"動詞"
"1132","dengul","0","1","黏稠",,"Kedu dengul na geluq nii. ","這油脂(黏稠物)怎麼那麼稠。",,"動詞"
"1133","rulu puniq","0","1","火車","train","Teyan bale knbbaro rulu puniq.","火車好長啊！","The train is long!","名詞"
"1134","huwa kesun","0","1","如何(做)","how","Huwa kesun pure ka tarux ini krkerak puqul.","如何煮出吃了不會(喉嚨)癢的芋頭莖？",,
"1135","sklui","0","1","嚇一跳","to be terrified","Iya sklui mita namu wa, uka naq brahan ka so kiya.","你們看了不要嚇到，(造成)那(樣)是沒辦法的。",,"動詞"
"1136","melux2","0","1","無故；無由",,"Lux nii kana ka doriq na seediq qmita quyu kii.","所有人看到那條蛇，都瞠目結舌(眼睛睜的大大的)。",,"動詞"
"1137","msdadal","0","1","互為親戚","to be relatives to each other","Ini psterung ka msdadan cbeyo.","過去禁止親戚結婚。","Marriage between relatives was forbidden in the past.",
"1138","gsegus","1","0","刷子",,"Gsegus maanu nii Takun? Gsgesun su maanu?","Takun這是甚麼(用途)的刷子?你要刷甚麼(用)的?",,"名詞"
"1139","lmedax","0","1","有光線",,"Lmedax karac da; tutuy di.","天亮了，起來了。","It's daybreak. Get up!",
"1140","ltlutuc","0","1","子嗣","offspring","Niqan pnkingal patis ltlutuc rudan daha ka knkingal tnsapah alang nami.","我部落的每戶人家都有一本家譜。","Every family has its own lineage.",
"1141","quduq","1","0","胳肢癢",,"Iya qquduq wa! Mnarux.","不要騷胳肢癢！很痛。","Don't tease me in the armpit! It hurts.","動詞"
"1142","qdqudun","0","1","搔別人的胳肢窩","to tickle one's armpits","Gaga mhulis da laqi nii; ye smkuxun qdqudun.","這個小孩子笑了；原來他喜歡胳肢癢。","The kid is laughing because he likes the itch in the armpit.",
"1143","pkuudus","0","1","使活著","to make someone alive","Pkuudus ku nana kesa; iya qqaras kesa!","告訴他不要太高興，我還會活著!","Tell him not to be too happy; I'll still be alive.","動詞"
"1144","pkuudus","0","2","使活著","to make someone alive","Pkuudus tama su rudan nana, iya scuqi lmnelung.","你的阿公/祖父還會活下去，你不要想太多。",,"動詞"
"1145","mccebu","0","1","戰爭；射擊","war","Egu riyung seediq wada mhuqil mccebu.","很多人死於戰爭。","Many people died at war.",
"1146","lhengo","0","2","岩洞","cave; grotto","Niqan kingal lhengo dgiyaq ddupun nami mesa rudan.","老人說過在我們傳統的獵場有一個岩洞。","The senior said there's a grotto in our traditional hunting field.","名詞"
"1147","nleban","0","1","坐牢","to be in jail","Nleban sknuwan Dakis ga, ma ku ini kkela ani ttikuh.","Dakan是什麼時後被關(監獄)的，我怎麼一點都不知到道。",,"名詞"
"1148","psrobo","1","0","下著毛毛雨",,"Uxe mquyux paru, nii psrobo nanaq.","不會下大雨，僅下著毛毛雨。",,
"1157","liingun","0","1","藏起來","to hide","Lingan su inu napa su nii di? Scuqi paru.","你這個包袱要藏在哪裡？它太大了。","Where are you going to hide this bag? It's too big.",
"1153","pika","0","1","跛腳","being lame","Iya mkmhemuc mesa pika seediq wa, naqah so kiya.","不要隨便說人家""跛腳""那樣不好",,"動詞"
"1162","sdiyal","0","1","找到","to find","Ini ku sdiyan wa; ga su psaun inu?","我找不到耶；你放在哪裡？","I can't find it; where did you put it?","動詞"
"1156","gneegan","0","1","挑選過的","to be selected","Gneegan daha malu puqul kana gaga supih ga.","他們選好吃的放在鍋子裡。","They picked the most tasty ones and put them in the pot.",
"1160","peruh","1","0","板機；槍枝",,"需要例句",,,"名詞"
"1159","mnkala","1","0","漲滿；滿溢","to brim","Paru riyung quyux, gisu mnkala alang kana qsiya yayung di.","雨水太大了，河裡的水漲滿正越過部落了。","The rain is too heavy; the river is brimming over the tribe.",
"1161","qcahul","1","0","身軀; 人體",,"例句?",,,"名詞"
"1163","toting","1","0","顴骨",,"需要例句",,,"名詞"
"1164","tgsebu","0","1","倒下","to fall down","Ini qita elu ma, wada tgsebu takun ka laqi ga di.","那小孩沒注意看路而跌跤了。","The child fell down because he did not pay attention to the road ahead.","動詞"
"1165","wawa","1","0","獵肉(中大型走獸)；豬肉以外的肉",,"Dsane ta tama bubu ta ka wawa rnbruban nii.","我們將這燻烤過的獵肉帶給我們的父母親吧。",,"名詞"
"1166","gnxalan","0","1","同學；同年；同儕",,"Gnxalan mu mosa muuyas Hori ka Temi. ","Temi是我到埔里念書時的同學。",,
"1167","mnais","1","0","(被洪水沖)接走",,"Wada daun mnais qsiya tibu mu babuy di. ","我的豬舍被洪水沖走了。",,
"1171","geyu","0","1","砍伐","to chop","Ga sgrangan puru ggeyu na qhuni ka Takun di. ","Takun要用來砍樹的斧頭生鏽了",,"動詞"
"1170","kini","0","1","表結果",,"Sao ta kusun di kini ho? uxe ku pgdema ali saya. ","我們明天去好嗎？我今天要忙。",,"其它"
"1172","tdheriq","1","0","滑落",,"Wada moda tdheriq baga na ka qcurux, ini na qrapi. ","魚從他的手滑溜出去，他沒抓到。",,
"1182","dooi","0","1","拿著；握著","to hold","Dooi baga na! ","牽他的手！",,"動詞"
"1173","gmegang","1","0","攪動",,,,,"動詞"
"1174","akedix","0","1","感覺到痛的驚嘆詞","ouch","Kedix! Ga su trigun luqah mu da!","好痛！你碰到我的傷口啦！","It hurts! You touched my wound!","動詞"
"1217","mtuting","0","1","掉下","to fall","Mhada ka hei qhuni de mtuting naq denu.","樹的果實熟了之後就會掉落。",,
"1176","icux","1","0","飯匙",,,,,"名詞"
"1177","mtduwa","1","0","很在行","to be good at something","mtduwa riyung pstalang na  budi ka riso.","那青年善於弓箭的擊射。",,
"1178","buuc","1","0","種子",,,,,"名詞"
"1181","so hari","0","1","好像",,"So hari mesa ga tuting laqi ka ina na Takun di wa. ","聽說Takun的媳婦生孩子了哦。",,
"1183","kiya ka","0","1","所以","thus","Ga qmuyux ka nganguc, kika msekuy nami meniq bebe.","外面下著雨水，所以我們在屋簷下會覺得很冷。",,
"1184","pneeru","0","1","告訴(別人)","to tell","Iya pneeru seediq mesa bnari ku yqeyaq na Dakis ha.","不要告訴別人我買了Dakis的田喔。",,"動詞"
"1186","kkesa","0","1","走路","to walk","Kkesa naq kesa laqi ga. Chedil riyung paanun.","叫那個孩子自己走路吧，他背起來很重。","Tell him to walk on his own. The child is too heavy to carry.","動詞"
"1188","prnui","0","1","告訴某人(祈使)","to tell someone (imperative)","Iya prnui bubu mu wa, kseengun ku na denu. ","不要告訴我媽媽，她會罵我的。",,
"1190","nanaq","0","3","僅僅; 只","(the) only (available)","Pberih ku cuga da, so klaun rkebun mu naq naqah. ","我昨天吐了；或許是我自己的胃不好吧。",,"名詞"
"1191","sklui","0","2","嚇一跳","to be terrified","Iya skluii ka rudan, naqah so kiya.","不要嚇老人家！那是不好的。",,"動詞"
"1192","pnngalan","0","1","照顧；帶(小孩)",,"Pnngalan mu sapah ising nii ka rupun mu. ","我的牙齒是在這家診所拔掉的。",,"名詞"
"1194","mduwa","0","2","很快(順暢如車輛行駛的快、陀螺旋轉的正、槍枝及弓箭射得準)","to be fast","Mduwa scebu budi na Dakis.","Dakis的弓箭射起來很準。",,"動詞"
"1195","tduwa","0","1","正確；很行","to be correct","Laqi maanu! Ini tduwa kii.","那是什麼孩子！那樣不聽話。",,"動詞"
"1196","mtduwa","0","1","聽話","to be obedient","Mtduwa kana ka laqi na Tado. ","Tado的子女都乖巧、聽話(有所成，但不一定是大成就)。",,
"1197","knduwa","0","1","照樣；依舊","to be as before","Pawan, knduwa naq so soni wa. ","Pawan，再依/做像你剛才的動作/樣子(讓我看看)。",,
"1198","baraq","0","1","肺","lungs","Lux so baraq dqeras na Dakis.","Dakis(因羞愧)臉紅了。(baraq是肺臟，可以用來形容""人的臉紅""。)",,"名詞"
"1199","barux","0","1","又不是(又不會；又不是要)...","it is not that...","Barux yaku di, Temi ga mesa ye su maha.","又不是我(要)，是Temi說你要不要去的。",,"其它"
"1200","kala","0","1","爬",,"Ini nami gkala dgiyaq kiya, mnkala nami dgiyaq tgiicin na.  ","我們沒有爬過那座山嶺，我們是爬過它的另一座山嶺。",,"動詞"
"1201","murux","0","1","獨自一人；單獨","alone","Murux su naq mosa neepah klaali?","你經常一個人去工作嗎？","Do you often go to work alone?",
"1202","mhmetun","0","1","隨便","to be at will","Wada mu mhmetun matis ka naku.","我的我把它亂寫/亂作答。",,
"1203","mmhemuc","0","1","隨便","to be at will","Iya mmhemuc mlukus/plukus lukus seediq.","不要亂穿別人的衣服。",,
"1204","hprayan","0","1","煮熟","to cooked","Ribo nii hprayan na qnilo babuy ka bubu mu rudan. ","我阿嬤是用這鍋子煮餵給豬吃的食物。",,
"1205","hprayun","0","1","煮","to cook","Hprayun su knuwan ka sunguc ga di bubu? ","媽，妳什麼時候要煮這樹豆？",,
"1206","hnprayan","0","1","煮","to cook","Hnprayan na sknuwan bunga nii bubu mu?","我媽媽什麼時候煮這地瓜的呢？",,
"1212","mptgesa","1","0","老師","teacher",,,,
"1210","maha","1","2","大約；約略","about","Maha mriman hari knkawas na ciida.","他當時約50歲左右。","He was about 50 at that time.",
"1211","maha","1","3","大約；約略","about","Maha piya ka pnqan su?","你大概吃了幾個？",,
"1213","tuting","1","0","生產(女性)；掉落","to give birth; to fall dawn","So hari mesa ga tuting kingal laqi mqedil ka Obing.","聽說Obing好像生了一個女兒(女嬰)。",,"動詞"
"1215","tuting","0","1","鐵鎚","hammer","Uka su tuting paru hari Walis?","Walis，你有較大一點的鐵鎚嗎？",,"名詞"
"1218","tuting","1","1","生產(女性)；掉落",,"Smnegul tnhridan na baro mquri ngeractuting ka dara hido kii.","那顆太陽的血隨著它的上昇而向外掉落。(兩個太陽的故事)",,"動詞"
"1219","tlami","0","1","試試看","to try","Tlami mekan Dakis, teta cheya puqun?","Dakis 你試著吃看看，看好不好吃？",,"動詞"
"1220","tlmanun","0","1","試試","to try","Ga tlmanun pstalang na Takun ka halung.  ","槍，Takun正在試射著。",,
"1221","baso 2","0","1",,,"Baso begu ga di Rabe, ado so ini ktilux de mahun.","Rabe，把那(煮熟的)湯移離爐灶，喝起來才不那麼熱。","Rabe, remove that soup from the kitchen stove so that it won't be too hot to eat.","動詞"
"1222","betaq 2","0","1","(以銳器)刺","stab","Betaq isu babuy ga Pawan, ini ku kela metaq ka yaku.Pawan，","豬你來刺，我不會刺。",,"動詞"
"1224","rehaq 2","0","1","樹皮；果皮；蛇皮；魚皮；(核果類)殼","skin (of non-animate)","Mgceas ka rehaq blebun de mhada.","香蕉成熟時皮呈黃色。",,"名詞"
"1225","rehaq 2","0","2","樹皮；果皮；蛇皮；魚皮；(核果類)殼","skin (of non-animate)","Spuun daha tmekan qraqil pada ka rehaq trabus (?) de smmalu lubuy qraqil. ","他們製作皮袋(包)時，會將山羌皮與花生殼一起搗衝。",,"名詞"
"1226","rehaq 2","0","3","樹皮；果皮；蛇皮；魚皮；(核果類)殼","skin (of non-animate)","Misa asi ka qcurux paru rhequn daha rehaq na! ","應該是大型魚類他們才剝牠們的皮吧！",,"名詞"
"1227","bobo na","0","2","接續；之後","continuing; afterwards","Bobo na de, ini ku kela wada inu ka Dakis di. ","之後，我就不知道Dakis到哪裡去了。",,
"1229","tbyaxi","0","1",,,"Tbyaxi megul dapa ga, hmuwa de tlherah. ","把牛綁緊，鬆綁了怎麼辦。",,
"1230","tmeetu","0","1","剁","to chop","Nii ku tmeetu papak boyak bnege daha wa.  ","我在剁人家給的山豬腿(腳)。",,"動詞"
"1231","nii","1","0","正在","is V-ing","Nii ku tmeetu papak boyak bnege daha wa.","我在剁人家給的山豬腿(腳)。",,"動詞"
"1232","tteyun","0","1","剁切","to chop","Tteyun ta maanu di Walis?","Walis，我們要用什麼來剁了呢？",,
"1233","kadi","1","0","以網撈捕","to net","Kadi hini isu, maha ku kmadi hiya ka yaku. ","你在這裡網(魚蝦)，我到那裡網(魚蝦)。",,"名詞"
"1234","betaq 2","0","2","(以銳器)刺","stab","Isu betaq Tado, uxe gndara babuy ka Dakis nii.","Tado，你來刺(殺)，Dakis沒殺過豬。",,"動詞"
"1237","rudan","1","0","年老(了)","old","Ga ini kbeyax hei na Tado saya da, ado ka rudan di.","Tado的身體已沒力量，因為(他)老了。",,"動詞"
"1236","betaq 1","0","1","(從某處)到某處","from somewhere to another","Uxe betaq hini ayus ta dheran peni Pawan? ","Pawan，我們地的界線不是到這裡嗎？",,"其它"
"1238","negul","0","1","繩索","rope","Uli negul nuqah, kiya si mkere. ","用麻繩綁，麻繩比較堅韌。",,"名詞"
"1239","qbsuran","1","0","領導人",,"Walis Temu ka qbsuran alang miyan saya.","我們現在的部落領導人是Walis Temu.",,"名詞"
"1240","qnsingan","0","1","醃製(肉)",,"Kedu knremun qnsingan nii Ape?","Ape, 這醃肉怎麼那麼鹹？",,
"1241","qsingan","0","1","醃製(肉)","to pickle","Qsingan daha rusuq pklihu qtaan ka qnsingan. ","他們把醃肉醃在透明的玻璃瓶。",,
"1242","snbasi","0","1","(因而)酸",,"Saani mekan icil ricah kii Pawan, snbasi su seediq. ","Pawan，你把那梅子帶到別處吃，(你在這裡吃)讓人嘴裡酸酸的。",,
"1243","mbasi","0","1","酸澀","sour","Ini khada lipas nii dungal, mbasi puqun.","這葡萄還沒熟，吃起來酸酸的。",,
"1244","mbasi","1","0","守喪期間；家有喪事",,"Ga mlukus lukus mbasi ka Dakis.","Dakis在穿喪服。",,
"1245","rbruban","0","1","烘烤；燒烤","to dry by fire","Rbruban daha wawa camac de mosa dqiyaq ka rudan ta cbeyo.","我們的先祖去到高山的狩獵時會將獵肉以火燻烤(以利存放)。",,"動詞"
"1246","cuqi1","2","0","竹杯；竹筒或木製的小杯筒","baboo cup","Smalu cuqi btakan de piimah seediq ka rudan ta cbeyo.","我們的先祖們宴客時，會製作竹杯。","Our ancestors would make bamboo cups before entertaining guests at a banquet.","名詞"
"1247","cuqi1","2","1","性事；性交","intercourse","Kari na maanu mesa cuqi laqi ga ha?","那孩子在說什麼肏(操)她？","What did that child say about having intercourse with her?","名詞"
"1251","scuqi","0","1","(竹筒滿而)溢出；超過、過分、太","to overflow","Iya scuqi (sgcuqi) mimah sino Dakis, smeeliq hei wa.","Dakis，喝酒不要過量，會傷身體的。",,"動詞"
"1252","slau","1","0","母蟋蟀",,"Slau kesun daha bubu bsiyus.","他們稱母蟋蟀為slau。",,"名詞"
"1253","tnunan","0","1","織物件數","the unit of the weave",,,,"名詞"
"1254","tndadal","1","0","陪伴",,"Bubu mu ka tndadal yaku mosa Hori.","是我媽媽陪我到埔里的。",,"名詞"
"1255","tndadal","0","1","有親戚關係","to be related with",,,,"名詞"
"1256","mkmatak","1","0","夾",,"Mkmekan ku siyang ga, kika mkmatak ku tikuh ppuqun mu.","我想吃豬肉，所以我想夾一點來吃。",,"名詞"
"1257","yahan","1","0","來",,"Yahan ku na smgila dPawan, kika ini ku skela yamu di.","我被Pawan他們所耽擱，所以沒能趕上你們。",,"名詞"
"1258","smkela","1","0","趕得上",,"Smkela su de eyah sapah mu han.","你趕得上的話先到我家。",,"名詞"
"1259","berih","1","0","解開(毛線)；折返; 把話收回(向別人致歉)",,,,,"動詞"
"1260","kbberih","0","1","後退；折返；解開","to be backward","Qnuuqu madis eluw Dakis ga wa, kiya ka kbberih nami dungan.","Dakis帶錯了路，所以我們又折回來(重走)。",,"動詞"
"1261","kenu","0","1","哪一個","which one","Ginu ka trasi su isu?","你的雨傘是哪一把？",,"動詞"
"1262","pungu","0","2","關節","joint","Iwan, spegi qnqihan su, kklaan su mesa piya pungu kanna. Iwan，","你要算妳所捻過的紗，（算過之後）妳才知道全部捻了多少結。",,"名詞"
"1263","sgaya","0","1","破壞規矩??","to break the rules","Ani mmaanu sgaya daha ka rudan."," 祖先對任何事都有忌諱的。",,
"1264","tdadal","0","1","作伴","to accompany","Asi ka tdalan bubu na mtaqi ka laqi na. ","她的小孩一定要媽媽陪著才會睡。",,
"1265","tduwa","0","2","正確；很行","to be correct","Tduwa hari musa su muuyas. ","你上學要安分一點。",,"動詞"
"1266","gqiyan","0","1","插(入)","to insert","Gqiyan qhuni kana ka gnblingan.","挖掘的洞都要插入木頭。",,"名詞"
"1269","srahuq","1","0","遲到",,"Wada ku srahug jikan di, ki ini ku daha trai.   ","我遲到了，所以他們沒有等我。",,
"1270","pahung","0","1","膽囊","gall bladder","Swai na mqedil paru ba ka pahung na.","他妹妹的脾氣是最兇的。",,"名詞"
"1272","ali","1","0","因...而浪費時間","to waste time on","Nleeluw hari mosa namu sapah pyasan; iya ali moda theyaq eluw.","你們快點去學校，不要浪費時間在路上玩。","Don't play around on your way to school, get there quickly.","動詞"
"1273","mesa","0","1","說；據說；這樣做","to say; to be said; to do so","Ga mesa maanu laqi ga Robo? ","Robo，那小孩在向妳要什麼？(確認此句)","Robo, what did that kid ask you for?",
"1274","qhdeyun","0","1","完成","to finish","Wada namu qhdeyun tmatak ratuc ini ta qhdei di?","我們沒砍完的部分你們已經砍完了嗎？","Have you finished chopping all the remaining part we left?",
"1275","pheyun","0","1","洗","to wash","Pheyun mu kiya hari da, lukus ga.","我等一下才要洗那些衣服。","I will wash the clothes a moment later.",
"1276","mptuting","0","1","正要掉落；快出生",,"Ali kurisumasu ka Mptuting Yesu.","聖誕節是耶穌的降生日。",,
"1277","mtbleyaq","0","1","好好的",,"Bleyaq ta mprengo ita mtbleyaq.","我們好好溝通彼此尊重。",,
"1278","serus","1","0","擦子",,"Ga su madis serus?","你有攜帶擦子嗎？",,"動詞"
"1279","snqsiya","0","1","浪費水",,"Snqsiya bale cuncaman qlliyan ka qsiyan sapah.","家用水流了一整夜真是浪費。",,"動詞"
"1280","cmuhing","0","1","地撥鼠","nesokia","Smeeli bale tnukuy ma pnhuma ka cmuhing pkari dheran.","土撥鼠專鑽地常破壞撒種與種植的農作物",,"名詞"
"1281","gqiyan","0","2","插(入)","to insert","Bobo gqiyan hido de sreesa da!","太陽下沉時天就要黑了。",,"名詞"
"1283","kchungi","0","1","忘掉","to forget","Ini kchungi madis hlmadac musa phuling ka seediq mqlmiqu.","獵人狩獵不會忘記攜帶獵刀。",,
"1284","smmaxal","0","1","十","ten","Ani smmaxal rnsgun ini thei.","無論說了多少次都不願聽從。",,
"1285","skgigan","0","1","剝、刮苧麻皮","to strip bark","Skgigan ka keguy hayan kika maha mgnuqah.","苧麻先要剝皮才能成苧麻絲。",,
"1286","snlhelih","0","1","讓人感到麻煩","troublesome","Ma su so ba snlhelih wano naq quwaq smkagun. ","只用嘴巴呼來呼去的真麻煩。",,
"1287","snlmeyan","0","1","製作","to make; to repair","Snlmeyan su na ka gagac nii?","這個椅子是你自己製造的嗎？",,
"1288","teebun","0","1","塌陷","to collapse","Ni teebun naqah ka neluk nii di?","這凹下去的門是壞了嗎？",,
"1289","tgmaxan","0","1","混雜; 混合",,"Malu ba qtaan tgmaxan tikuh tntanah ka pala tninun! ","參雜一些紫紅色的織布真好看！",,
"1290","tubu","0","2","口簧琴","musical instrument","Niqal seediq mkela smmalu tubu saya di.","現在有人會製造口簧琴了。",,"名詞"
