標記內容	宣傳手法	原句	
鄭秀玲	ATA	台灣 大學 經濟系 教授 鄭秀玲 最近 又 指出 一 項 新 論據 ，	
鄭秀玲	ATA	根據 鄭秀玲 整理 的 項目 不 對等 對照表 中 ，	
國際 媒體	ATA	國際 媒體 也 嚴厲 譴責 。	
國際 媒體	ATA	國際 媒體 的 報導 應該 不 是 「 錯覺 」 。	
《 時代 》	ATA	《 時代 》 駐 北京 特派員 指出 ，	
紐約時報	ATA	」 《 紐約時報 》 指出 ，	
中國 移居 美國 的 經濟 社會 學者	ATA	一 位 中國 移居 美國 的 經濟 社會 學者 則 指出 ：	
《 彭博 商業 周刊 》	ATA	《 彭博 商業 周刊 》 的 評論 稱 ，	
華爾街日報	ATA	馬英九 拿 亞洲 華爾街日報 的 社論 為 自己 撐腰 。	
國際 媒體	ATA	要 談 國際 媒體 ，	
經濟 學人 雜誌	ATA	英國 經濟 學人 雜誌 稱 馬英九 「 無能 」 ，	
華爾街日報	ATA	華爾街日報 上 週 以 「 台灣 自甘 落後 」 （ Taiwan Leaves Itself Behind ） 為題 ，	
華爾街日報	ATA	不論 馬英九 的 講話 或 華爾街日報 社論 ，	
華爾街日報	ATA	剛 過 一百二十五 年 社慶 的 華爾街日報 ，	
華爾街日報	ATA	馬英九 單挑 華爾街日報 這 一 社論 高談闊論 ，	
台灣 公報	ATA	有如 台灣 公報 （ Taiwan Communique ） 總編輯 韋傑理 （ Gerrit van der Wees ） 十一日 在 台北 時報 （ Taipei Times ） 的 文章 所 指出	
長期 關心 台灣 的 專家	ATA	這 位 長期 關心 台灣 的 專家 所 說 的 ，	
華爾街日報	ATA	華爾街日報 未加 體察 ，	
希拉蕊	ATA	但 美國 前 國務卿 希拉蕊 （ Hillary Clinton ） 的 「 經濟 依賴 中國 、 台灣 容易 受傷 」 ，	
傳統 基金會	ATA	傳統 基金會 資深 研究員 威爾遜 （ William T . Wilson ） 的 「 經濟 傾斜 、 台灣 命運 操 諸 中國 政治 決定 」 ，	
華爾街日報	ATA	對 內 有如 華爾街日報 所 指 的 ，	
威爾遜	ATA	威爾遜 建議 美國 政府 以 實際 行動 促進 台灣 加入 ＴＰＰ ，	
「 紐約時報 」	ATA	「 紐約時報 」 本 週二 社論 指 「 在 香港 事態 之後 ，	
希拉蕊 ． 柯林頓	ATA	有如 希拉蕊 ． 柯林頓 所 說 ，	
甄妮	ATA	選出 歌星 甄妮 所 說 的 「 無能 領導 者 」 ，	
「 經濟 學人 」	ATA	他 的 無能 且 經 「 經濟 學人 」 國際 認證 。	
華爾街日報	ATA	最近 他 在 華爾街日報 專訪 中 強調 ，	
傳統 基金會	ATA	美國 傳統 基金會 日昨 也 強調 ，	
國際 媒體	ATA	許多 國際 媒體 看出 台灣 民意 這 一 明確 走勢 ，	
「 紐約時報 」	ATA	「 紐約時報 」 近日 刊登 幾 位 經濟 學者 研究 ，	
國際 媒體	ATA	國際 媒體 則 將 他 定位為 「 無能 」 。	
國際 媒體	ATA	國際 媒體 則 將 他 定位為 「 無能 」 。	
國際 媒體	ATA	而且 不 避諱 大 批 國際 媒體 正在 北京 現場 。	
紐約時報	ATA	紐約時報 的 評論 更 擔憂 ，	
華爾街日報	ATA	華爾街日報 的 評論 很 有 結論性 ，	
終極 統一	ATF	只有 追求 「 終極 統一 」 的 馬英九 執迷不悟 。	
統戰	ATF	肆 行 其 直接 接觸 三 中 一 青 的 新 統戰 攻勢 ，	
一 中	ATF	完成 超 穩定 一 中 結構 。	
一 中	ATF	從而 接下 一 個 綁手綁腳 的 「 一 中 架構 」 ！	
一 中	ATF	更 要 加緊 形塑 一 中 架構 ，	
一 中	ATF	加緊 趕工 一 中 架構 鞏固 工程 ，	
一 中	ATF	蓄意 要 把 台灣 鎖進 一 中 架構 。	
一 中	ATF	只 對 一 中 架構 起 了 鞏固 作用 。	
一 中	ATF	台灣 經濟 也 一步步 鎖進 一 中 市場 。	
一 中	ATF	一 以 追求 不可 逆轉 的 一 中 架構 。	
統戰	ATF	卻 被 共匪 統戰 ，	
一 中	ATF	把 「 九二 共識 」 深化 、 豐富 為 「 兩岸 同屬 一 中 」 。	
一 中	ATF	改變為 「 兩岸 同屬 一 中 」 的 國共 共識 ，	
一 中	ATF	以為 將來 過渡到 「 兩岸 同屬 一 中 」 ，	
一 中	ATF	他 的 用意 顯然 只是 想 用 「 同屬 一 中 」 ，	
一 中	ATF	把 台灣 與 二千三百萬 人 推向 「 一 中 流沙 」 ，	
一 中	ATF	馬 政府 現在 實踐 「 兩岸 同 屬 一 中 」 是 多麼 明目張膽 。	
一 中	ATF	隨著 馬英九 深化 一 中 框架 ，	
一 中	ATF	馬英九 從 「 一 中 各 表 」 深化 到 「 兩岸 同 屬 一 中 」 ，	
一 中	ATF	恐 將 迷航 於 「 一 中 萬有引力 」 ，	
一 中	ATF	ＥＣＦＡ 、 服貿 協議 、 亞投行 、 兩岸 同 屬 一 中 ，	
一 中	ATF	在 「 朱 習會 」 演出 馬英九 的 「 兩岸 同屬 一 中 」 劇本 之後 ，	
一 中	ATF	一 是 將 虛構 的 「 九二 共識 」 升級 為 更 虛構 的 「 兩岸 同屬 一 中 」 ，	
一 中	ATF	加緊 把 台灣 套上 「 兩岸 同屬 一 中 」 的 枷鎖 。	
一 中	ATF	相較 對 內 宣稱 「 一 中 各 表 」 時 ，	
一 中	ATF	民進黨 新 政府 不 接受 一 中 絞索 ，	
一 中	ATF	沒有 一 中 問題 ，	
一 中	ATF	一 中 之下 ，	
一 中	ATF	「 我 是 一 中生 、 我 反 黑箱 微調 課綱 」 。	
一 中	ATF	一起 為 未來 的 新政府 劃下 「 一 中紅線 」 ，	
一 中	ATF	新政府 不僅 無須 臣服 於 「 一 中紅線 」 ，	
一 中	ATF	只 對 同 表 一 中 、 追求 終極 統一 有 熱誠 。	
一 中	ATF	「 同 屬 一 中 、 終極 統一 」 乃是 他 執政 之後 的 國共 共識 ，	
一 中	ATF	「 同 屬 一 中 、 終極 統一 」 的 國共 共識 ，	
一 中	ATF	一 中 各 表 ，	
一 中	ATF	一 中 各 表 同 表 ，	
一 中	ATF	兩岸 同 屬 一 中 ，	
一 中	ATF	朱立倫 繼 兩岸 「 同 屬 一 中 」 論調 ，	
一 中	ATF	其實 只是 馬英九 、 朱立倫 「 只 顧 一 中 、 不顧 台灣 」 的 顯性 版本 ，	
一 中	ATF	把 一 中 框架 拴 得 更 緊 一些 ，	
一 中	ATF	接受 一 中 共識 ，	
一 中	ATF	馬英九 這 組 「 中華 台北隊 」 接受 一 中 共識 ，	
終極 統一	ATF	但 一意孤行 追求 終極 統一 ，	
一 中	ATF	一 中 各 表 、 同 屬 一 中 、 一 中 同 表 ，	
一 中	ATF	一 中 各 表 、 同 屬 一 中 、 一 中 同 表 ，	
一 中	ATF	一 中 各 表 、 同 屬 一 中 、 一 中 同 表 ，	
一 中	ATF	也 難逃 一 中 框架 的 陰影 。	
一 中	ATF	「 換 柱 不 換 一 中 」 ，	
一 中	ATF	國民黨 堅持 一 中 路線 ，	
一 中	ATF	所謂 「 兩岸 同 屬 一 中 」 ，	
一 中	ATF	它 預設 「 九二 共識 」 、 「 一 中 原則 」 等 政治 條件 ，	
一 中	ATF	主張 「 一 中 同 表 」 ，	
一 中	ATF	有 落入 「 兩岸 同 屬 一 中 」 問題 ，	
一 中	ATF	施壓 新 政府 接受 證明 只有 一 中 沒有 各 表 的 九二 共識 ，	
一 中	ATF	赤裸裸 臣服 於 一 中 原則 。	
一 中	ATF	正好 尖銳 對比 這 個人 「 一 中 有勁 、 各 表 無能 」 。	
一 中	ATF	新 政府 大可 擺脫 國 共 一 中 干擾 ，	
一 中	ATF	外交部 則 稱 針對 邀請函 牽扯 一 中 原則 的 抗議函 不宜 公布 ，	
一 中	ATF	把 獨立 現狀 修正 到 曖昧 一 中 。	
一 中	ATF	中國 絕對 會 把 它 視為 挪向 「 同 屬 一 中 」 的 第一 步 ，	
一 中	ATF	從而 承襲 「 一 中 各 表 」 走向 「 同 屬 一 中 」 的 歸宿 ？	
一 中	ATF	以 「 深化 九二 共識 」 取代 「 九二 共識 、 一 中 各 表 」 ，	
一 中	ATF	開門揖盜 歡迎 北京 把 台灣 同 屬 一 中化 ，	
一 中	ATF	閹割 「 一 中 各 表 」 ，	
一 中	ATF	日本 政府 承認 一 中 原則 ，	
一 中	ATF	此 舉 在 北京 「 九二 共識 、 同 屬 一 中 」 的 恫嚇聲 中 ，	
一 中	ATF	同時 蠻橫 灌輸 一 中 原則 成為 國際 組織 通則 ，	
一 中	ATF	社論 》 一 中 各 表 也 是 分裂 主張 ？	
一 中	ATF	紛紛 要求 洪在習 面前 一 中 各 表 ，	
一 中	ATF	洪在習 面前 「 求 一 中 原則 之 同 ，	
一 中	ATF	存 一 中 涵義 之 異 」 ，	
一 中	ATF	一 中 各 表 睜 一 隻 眼 閉 一 隻 眼 ，	
一 中	ATF	「 馬英九 執政 八 年 死抱 不 統 、 不獨 、 不 武 、 一 中 各 表 （ 即便 下台 ，	
一 中	ATF	馬英九 要 洪在習 面前 一 中 各 表 ，	
一 中	ATF	求 一 中 原則 之 同 ，	
一 中	ATF	馬英九 言 必 稱 一 中 各 表 ，	
一 中	ATF	馬英九 依舊 一 中 各 表 、 三 不 ，	
一 中	ATF	求 一 中 原則 之 同 ，	
一 中	ATF	馬英九 一 中 各 表 ，	
一 中	ATF	北京 原本 不 承認 所謂 的 一 中 各 表 ，	
一 中	ATF	北京 對 他 一 中 各 表 睜 一 隻 眼 閉 一 隻 眼 ，	
一 中	ATF	蔡英文 執政 之後 九二 共識 的 核心 又 變成 兩岸 同 屬 一 中 ，	
一 中	ATF	馬 且 遭 批 死抱 一 中 各 表 。	
一 中	ATF	不能 閃躲 模糊 讓 人 誤以為 一 中 有理 。	
一 中	ATF	三民主義 統一 中國 ，	
一 中	ATF	一 中 曖昧 各 表 ，	
一 中	ATF	總路線 還是 一 中 之下 的 各 表 同 表 之 爭 而已 ，	
一 中	ATF	或 明 或 暗地 吞下 「 同 屬 一 中 」 。	
一 中	ATF	自 成 一 國 而 非 同 屬 一 中 。	
一 中	ATF	一 中 框架 的 兩岸 互動 模式 遂 告 動搖 。	
一 中	ATF	自 鎖 於 一 中 囚虜 困境 ，	
一 中	ATF	而 一九九六年 來自 中國 的 飛彈 則 徹底 解構 了 「 一 中 神話 」 。	
一 中	ATF	到 廈門 參加 海峽 論壇 重 彈 一 中 同 表 、 和平 協議 ；	
一 中	ATF	則 由 消滅 共匪 、 三民主義 統一 中國 ，	
一 中	ATF	倒退 到 一 中 各 表 、 一 中 同 表 。	
一 中	ATF	一 中 各 表 ，	
一 中	ATF	一 中 同 表 ，	
一 中	ATF	堅持 「 九二 共識 、 一 中 各 表 」 。	
一 中	ATF	壓縮 一 中 各 表 的 想像 空間 。	
一 中	ATF	所謂 的 一 中 各 表 ，	
一 中	ATF	不斷 往 一 中 屋頂 趨近 ，	
一 中	ATF	馬英九 一 中 各 表 ，	
一 中	ATF	一 中 各 表 滋生 了 台灣 的 天然 獨 世代 ，	
一 中	ATF	北京 似 已 難耐 一 中 各 表 所 產生 的 灰色 地帶 ，	
一 中	ATF	「 他 直到 今天 還 死抱 著 所謂 一 中 各 表 、 不 統 、 不獨 、 不 武 ，	
一 中	ATF	他 卻 在 台灣 賣 力拚 一 中 。	
一 中	ATF	也 就是 來自 中國 的 一 中 憲法 。	
一 中	ATF	本土 政權 也 把 台灣 納入 一 中 憲法 ，	
一 中	ATF	從而 脫身 不 了 一 中 緊身衣 。	
一 中	ATF	將 台灣 自 一 中 概念 鬆綁 出來 ，	
一 中	ATF	中美 沒有 兩岸 同 屬 一 中 的 「 政治 契約 」 ，	
一 中	ATF	馬英九 卻 揚言 有 兩岸 同 屬 一 中 的 「 政治 契約 」 ，	
一 中	ATF	把 「 國共 一 中 共識 」 當作 翻 盤 的 法寶 ，	
一 中	ATF	此 時 還 在 擁抱 同 屬 一 中 的 中國 夢 ，	
一 中	ATF	完全 符合 美國 的 一 中 政策 ；	
一 中	ATF	從 連戰 到 馬英九 的 一 中 各 表 、 終極 統一 、 同 屬 一 中 ，	
一 中	ATF	偷渡 兩岸 同 屬 一 中 ，	
一 中	ATF	一 中 總路線 導致 國民黨 完全 在野 ，	
一 中	ATF	同時 扶植 認同 一 中 的 台灣 經濟 統派 。	
一 中	ATF	直到 不 抵抗 地 吞下 一 中 。	
一 中	ATF	那些 鼓吹 同 屬 一 中 ，	
一 中	ATF	台灣 沒有 統一 中國 的 野心 ，	
一 中	ATF	「 一 中 各 表 」 遭 看破 手腳 ，	
一 中	ATF	即 「 光復 大陸 」 、 「 三民主義 統一 中國 」 的 擁護 者 。	
一 中	ATF	一如 「 同 屬 一 中 」 ，	
一 中	ATF	將 會 使 兩岸 的 倒數 計時器 從 「 一 中 不能 各 表 」 開始 啟動 。	
一 中	ATF	與 中國 簽署 促進 「 一 中 市場 」 的 各 項 協議 ，	
任何 一 個 上軌道 的 國家 絕不 會 允許 在 毫無 討論 、 不准 修正 改良 的 粗暴 過程 中 ，	BW	任何 一 個 上軌道 的 國家 絕不 會 允許 在 毫無 討論 、 不准 修正 改良 的 粗暴 過程 中 ，	
不 是 「 錯覺 」	BWF	國際 媒體 的 報導 應該 不 是 「 錯覺 」 。	
無疑	BWF	無疑 是 影射 蔣介石 的 「 中國 軍閥 鐵蹄 」 蹂躪 台灣 人民 。	
必須	DS	全體 社會 必須 對 馬英九 所 領導 的 政府 與 國民黨 ，	
必須	DS	我們 也 將 呼籲 全體 國人 必須 正視 這 個 最 危機 的 時刻 ，	
必須	DS	那麼 人民 就 必須 站出來 訓令 違法 總統 下台 。	
絕不	DS	馬 政府 依舊 堅稱 服貿協議 絕不 撤回 ，	
必須	DS	但 台灣 人民 必須 嚴肅 提防 ，	
絕不	DS	絕不 在 民意 面前 低頭 ，	
絕非	DS	但 製造 對立 絕非 正常 總統 所 當為 。	
必須	DS	必須 強調 ，	
必須	DS	必須 確實 改革 ，	
絕非	DS	領導人 無能 絕非 國家 之 福 ，	
這 豈不 說明 M 503 航路 對 我國 飛 安 與 國安 確實 存在 威脅 ？	DS	這 豈不 說明 M 503 航路 對 我國 飛 安 與 國安 確實 存在 威脅 ？	
必須	DS	必須 脫胎換骨 ，	
必須	DS	政治力 必須 反映 社會力 ，	
必須	DS	黨意 必須 貼近 民意 。	
必須	DS	必須 國 、 民 兩 個 主要 政黨 堅守 台灣 價值 ，	
必須	DS	朝野 必須 有效 制止 ，	
必須	DS	必須 歸因於 兩 個 錯誤 觀念 。	
必須	DS	馬政府 必須 認清 一 個 殘酷 的 事實 ：	
必須	DS	必須 審慎 以 對 ，	
絕不	DS	英明 的 領導人 絕不 願 為 。	
必須	DS	都 必須 穿著 他 留下來 的 緊身衣 ，	
必須	DS	也 是 國際 涉 外 談判 必須 建構 的 透明化 程序 ，	
絕不	DS	黨權 、 黨產 、 立委 提名 絕不 能 落入 「 非我族類 」 的 手 裡 。	
必須	DS	必須 向 人民 道歉 ，	
必須	DS	這 顯然 是 必須 面對 的 問題 。	
絕非	DS	絕非 請客 吃飯 ，	
必須	DS	必須 看到 ，	
必須	DS	必須 集體 自救 。	
必須	DS	必須 看透 這 種 障眼法 。	
必須	DS	必須 讓 運動 夥伴 乃至 公民 嚴格 檢驗 。	
必須	DS	就 必須 以 民意 為 標準 ，	
必須	DS	必須 強調 ，	
必須	DS	必須 未雨綢繆 ，	
必須	DS	必須 起來 捍衛 我們 的 國家 ，	
必須	DS	必須 妥善 處理 這 個 「 國安 問題 」 ，	
必須	DS	也 就是 必須 遵守 授權 明確性 原則 ，	
必須	DS	所有 行事 必須 在 明確 的 授權 目的 、 內容 、 範圍 之內 ，	
絕不	DS	事實 絕不 是 「 所有 用來 癱瘓 二○一二 民選 政府 的 理由 ，	
必須	DS	台灣 前途 必須 由 二千三百萬 的 台灣 人民 來 決定 ，	
必須	DS	必須 臣服 於 中國 專制 政權 。	
絕不	DS	絕不 可 了解 與 尊重 。	
絕不	DS	嘴巴 說 絕不 會 「 賣台 」 ，	
絕不	DS	也 絕不 鬆手 。	
必須	DS	必須 嚴加 檢驗 的 是 ，	
必須	DS	卻 也 提醒 中國 對 台 必須 亮出 更 有力 的 拳頭 ，	
絕非	DS	絕非 單純 的 自由 市場 交易 ，	
絕不	DS	絕不 可 「 引 清兵 入關 」 ，	
必須	DS	必須 在 打 選戰 的 同時 ，	
必須	DS	未來 的 執政 者 必須 提前 扛 起 責任 ，	
絕不	DS	明年 新 執政 者 絕不 可 重蹈覆轍 ，	
必須	DS	政策 必須 改弦更張 ，	
絕非	DS	否則 當前 困境 絕非 外在 經濟 景氣 回春 所 能 顯著 改變 。	
必須	DS	「 國會 必須 過半 、 選票 不能 分散 」 。	
必須	DS	單一 政黨 必須 過半 才能 改革 ，	
絕非	DS	美 豬 絕非 不能 解決 的 問題 ，	
必須	DS	必須 強調 ，	
必須	DS	必須 放 在 相對 於 「 外來 政權 」 的 脈絡 ，	
絕非	DS	絕非 有效 會議 之 合理 規模 ，	
必須	DS	把 毛澤東 的 「 文藝 為 人民 服務 」 上綱 為 「 官方 媒體 必須 姓黨 」 ；	
必須	DS	必須 強調 ，	
絕不	DS	經貿 絕不 能 背向 中國 ，	
必須	DS	必須 記取 這 眼前 的 教訓 ，	
絕不	DS	新 政府 也 絕不 能 接受 中國 的 要脅 。	
絕非	DS	觀光 旅遊業 鎖進 中國 絕非 發展 正途 ，	
必須	DS	必須 強調 ，	
必須	DS	新 政府 必須 積極 經營 台灣 ，	
必須	DS	必須 強調 ，	
必須	DS	必須 小心 航行 於 民意 氣候 截然 不同於 以往 的 台灣 。	
必須	DS	必須 由 下 而 上 。	
必須	DS	政府 決策 必須 專業化 、 科學化 ，	
必須	DS	必須 強調 ，	
必須	DS	我們 必須 要 讓 自己 成為 不 一樣 的 執政黨 ，	
絕非	DS	絕非 好事 。	
必須	DS	必須 經由 台灣 全體 住民 以 公民 投票 的 方式 決定 」 ，	
絕非	DS	絕非 對 內 欺騙 。	
必須	DS	整理 隊伍 就 必須 交心 表態 。	
必須	DS	特首 人選 必須 「 愛國 愛港 」 ，	
必須	DS	蔡英文 領導 的 政府 必須 認清 選民 的 付託 ，	
絕不	DS	也 絕不 能 重蹈 養癰貽患 的 覆轍 。	
必須	DS	但 也 必須 消極 守勢 與 積極 攻勢 雙管齊下 ，	
絕非	DS	絕非 馬英九 的 主觀 願望 ，	
必須	DS	蔡英文 必須 維持 他 的 現狀 。	
絕非	DS	絕非 停駐 於此 一 路線 上 的 一 個 定點 或 一 個 片段 。	
必須	DS	政黨 與 政治 人物 必須 與時俱進 ，	
必須	DS	國家 總 目標 必須 由 主人 決定 ，	
絕不	DS	也 絕不 可能 基於 北京 的 前提 條件 ，	
必須	DS	國家 前途 的 最終 選擇權 必須 保留 在 人民 手 上 。	
必須	DS	中國 必須 以 文明 方式 處理 李明哲案 ，	
絕不	DS	而 「 屠殺 有理 」 、 「 絕不 平反 」 ，	
絕不	DS	北京 向來 堅持 自己 的 主張 絕不 動搖 ，	
絕不	DS	中國 國民黨 絕不 改名 ，	
必須	DS	必須 設法 做到 貌似 台灣 國民黨 ，	
必須	DS	反 台獨 卻 必須 讓 選民 有 國獨 的 聯想 ，	
必須	DS	必須 注意 。	
必須	DS	賴院長 必須 緊 盯 重大 政策 ，	
必須	DS	挑戰 者 必須 想 一 想 ：	
必須	DS	勞基法 所以 必須 再 翻修 ，	
必須	DS	台灣 社會 必須 要 有 公民 倫理 的 新 自覺 。	
必須	DS	必須 排除 泛政治化 ，	
絕不	DS	絕不 可 效法 對岸 人 臉 辨識 控制 人民 ，	
必須	DS	必須 基於 對 政策 的 周邊 影響 之 全盤 掌握 ，	
必須	DS	勞基法 之所以 必須 一 修 再 修 ，	
必須	DS	反而 必須 另外 兼差 ，	
必須	DS	勞動力 必須 因應 實際 需要 而 調整 ，	
必須	DS	必須 擁有 更多 的 彈性 與 鬆綁 。	
必須	DS	否則 必須 接受 現行 法令 制度 規範 。	
必須	DS	現在 必須 靠 自己 的 翅膀 滑翔 。	
必須	DS	必須 在 相對 脆弱 下 保持 平衡 到達 彼岸 。	
絕非	DS	絕非 毫無 代表性 的 個人 ，	
絕非	DS	社論 》 「 經濟 是 台灣 的 命脈 」 絕非 口頭禪	
必須	DS	乃是 台灣 必須 務實 面對 的 挑戰 。	
絕非	DS	「 經濟 是 台灣 的 命脈 」 絕非 口頭禪 。	
必須	DS	必須 好壞 兩 面 兼 籌 並重 ，	
必須	DS	但 必須 適切 決斷 ，	
必須	DS	必須 具有 承擔 的 勇氣 。	
絕不	DS	「 絕不 容許 中國 武力 犯台 」 ，	
必須	DS	這些 台灣 必須 「 外爭 國權 」 的 中國 威脅 ，	
必須	DS	因為 領有 者 在 本 國 的 權利 與 義務 上 必須 衡平 。	
必須	DS	必須 自問 自答 的 大 問題 。	
絕不	DS	絕不 愚蠢 魯鈍 ，	
絕不	DS	絕不 僥倖 。	
絕非	DS	絕非 莫須有 的 栽贓 ，	
必須	DS	必須 強調 ，	
必須	DS	已然 成為 二○一九 有識之士 必須 團結 克服 的 挑戰 ！	
絕非	DS	絕非 一時 之 念 ，	
必須	DS	必須 強調 ，	
絕不	DS	而且 「 統一 」 絕不 保證 「 和平 」 。	
其 此 之 謂 乎 ？	DT	其 此 之 謂 乎 ？	
難道 是 這樣 的 想法 嗎 ？	DT	難道 是 這樣 的 想法 嗎 ？	
哪來 「 深 自 反省 」 ？	DT	哪來 「 深 自 反省 」 ？	
致命	EXAGGERATION	犯下 諸多 愚蠢 且 致命 的 錯誤 。	
國家 安全	FW	致 令 國家 安全 受到 強大 威脅 。	
國家 安全	FW	種種 這些 影響 國家 安全 的 憂慮 ，	
國家 安全	FW	國家 安全 是 公共 財 ，	
民調	FW	這 也 是 坊間 各 種 民調 都 顯示 ：	
民意	FW	必要 時 重新 談判 的 堅實 民意 所在 。	
民意	FW	這 已經 是 把 民意 當作 糞土 。	
主權	FW	關於 服貿協議 的 辯論 圍繞 著 對於 中國 利用 經濟 進一步 加強 對 台灣 主權 主張 的 憂慮 。	
民意	FW	想 用 公民權 拆掉 這 個 背離 民意 的 政府 ，	
民怨	FW	罔顧 民怨 強推 服貿 ，	
捍衛 民主	FW	既 無以 動搖 學子 捍衛 民主 決心 ，	
民調	FW	政大 新聞 研究所 以 民調 指 九成四 民眾 認同 「 政府 逮捕 審訊 肇事 份子 」 。	
民主 課程	FW	也 讓 台灣 社會 上 了 一 堂 寶貴 的 民主 課程 。	
民意	FW	民意 不 買 馬 黨國 的 帳 。	
民意	FW	選擇 站 在 民意 與 年輕 世代 的 對立面 ，	
民意	FW	導致 立法院 的 生態 向 民意 微調 嗎 ？	
民意	FW	絕不 在 民意 面前 低頭 ，	
民意	FW	必然 會 形成 對 民意 的 霸凌 ，	
公民 覺醒	FW	太陽花 學運 為 代表 的 公民 覺醒 ，	
民意	FW	並 與 民意 站 在 對立面 ，	
民意	FW	正 因 馬英九 與 民意 站 在 對立面 ，	
民意	FW	都 有 廣大 民意 基礎 。	
民調	FW	民調 明白 顯示 ，	
民調	FW	且 明顯 反映 於 民調 ，	
主權	FW	台灣 是 主權 獨立 的 國家 ，	
國安	FW	這 豈不 說明 M 503 航路 對 我國 飛 安 與 國安 確實 存在 威脅 ？	
主權	FW	馬英九 不惜 讓 中國 鯨吞 蠶食 我國 主權 、 國安 ，	
國安	FW	馬英九 不惜 讓 中國 鯨吞 蠶食 我國 主權 、 國安 ，	
公民 覺醒	FW	公民 覺醒 遍 地 開花 。	
民意	FW	面對 民意 ，	
正常 民主 程序	FW	背離 正常 民主 程序 ，	
民主 價值	FW	「 以 民主 之 名 毀滅 民主 價值 」 ，	
民意	FW	中國 國民黨 所 掌控 的 立法院 罔顧 民意 ，	
民意	FW	太陽花 所 激發 的 民意 變革 要求 ，	
民意	FW	其 所 表達 的 要求 政經 社會 變革 沛然 民意 ，	
心聲	FW	主要 政黨 及 政治 領袖 不可 漠視 這 一 人民 求變 求新 求 合理 的 心聲 與 要求 。	
民調	FW	日前 民調 顯示 ，	
民意	FW	能 有效 回應 這 一 廣大 民意 的 政黨 ，	
公眾 支持	FW	才 有 可能 獲得 公眾 支持 ，	
心聲	FW	有如 太陽花 的 代表 歌曲 「 島嶼 天光 」 所 唱出 的 普遍 心聲 與 目標 ，	
民意	FW	馬英九 已 遭 民意 淘汰 ，	
民意	FW	朱立倫 貼近 民意 、 重視 青年 諸多 宣示 ，	
民意	FW	給 人 游離 民意 ，	
民意	FW	而 非 貼近 民意 之 感 ，	
主權	FW	堪稱 「 主權 在 民 」 價值 的 深化 與 鞏固 。	
民意	FW	黨意 必須 貼近 民意 。	
民意	FW	黨意 霸凌 民意 ，	
主義	FW	中國 想 利用 落伍 的 民族 主義 ，	
主義	FW	老共 總是 揮舞 民族 主義 的 大刀 橫衝直撞 ，	
主權	FW	既 矮化 台灣 的 主權 地位 ，	
主義	FW	還 玩弄 民族 主義 ，	
國安	FW	馬英九 親自 召開 國安 高層 會議 ，	
主權	FW	根本 不顧 國家 主權 ，	
主權	FW	還要 讓 主權 ；	
民意	FW	一 個 民選 總統 失去 民意 支持 ，	
民意	FW	他 卻 是 霸凌 民意 倒 向 中國 ！	
民意	FW	跳過 民意 ，	
跳過	FW	跳過 民意 ，	
民意	FW	台灣 的 民意 趨向 與 國家 認同 ，	
民意	FW	目無 民意 ，	
民意	FW	經 此 重大 民意 挫折 ，	
民意	FW	他 漠視 民意 ，	
民意	FW	要求 管控 的 民意 高漲 。	
主權	FW	馬 政府 遇 中國 官員 前來 就 自動 收藏 主權 國家 表徵 ，	
民意	FW	馬英九 悖離 民意 、 心態 不變 ，	
民意	FW	也 漠視 要求 修憲 的 普遍 民意 。	
民意	FW	與 民意 站 在 對立面 的 堅持 依然故我 。	
主權	FW	主權 上 ，	
主權	FW	捍衛 台灣 主權 ，	
民意	FW	民意 基礎 薄 如 紙 的 馬英九 ，	
民意	FW	目前 的 民意 走向 非常 清楚 ，	
主權	FW	不論 主權 、 經濟 ，	
民意	FW	難道 該 黨 對 民意 風向 已經 遲鈍 至 此 ？	
民意	FW	民意 向背 ，	
民意	FW	不 願 面對 民意 的 馬英九 ，	
主權	FW	主權 也 落空 ，	
主權	FW	儘管 他 想盡 辦法 把 台灣 主權 連結 中國 、 台灣 經濟 鎖進 中國 ，	
民意	FW	眼 中 毫無 民意 ，	
民意	FW	明知 民意 向 中國 說 不 ，	
主權	FW	主權 定位 也 黑箱 。	
民意	FW	民意 幾乎 觸底 的 馬英九 ，	
民意	FW	憑甚麼 霸凌 民意 ，	
民意	FW	都 缺乏 民意 基礎 ，	
民意	FW	被 民意 唾棄 ，	
民意	FW	明知 大多數 民意 已 不 信任 他 ，	
國家 安全	FW	中國 也 公布 了 「 國家 安全法 草案 」 ，	
國安	FW	如果 中國 的 「 國安法 」 完成 立法 ，	
民意	FW	馬英九 背離 民意 ，	
民意	FW	一再 宣傳 他 獲得 民意 支持 。	
主權	FW	捍衛 國家 主權 的 總統 ，	
民調	FW	多 家 民調 機構 公布 滿意度 ，	
民調	FW	台灣 指標 民調 結果 ，	
民調	FW	而 本報 民調 也 顯示 ，	
民調	FW	上述 幾 種 民調 ，	
民意	FW	但 民意 滿意度 低迷 又 怎樣 ？	
民意	FW	遂 能 不顧 民意 ，	
民意	FW	馬意霸凌 民意 ，	
主權	FW	以 體現 主權 在 民 ，	
民意	FW	他 還 「 反擊 」 對 他 高度 不滿 的 民意 說 ：	
民意	FW	堪稱 一 位 目 無 民意 的 總統 ，	
主權	FW	更 不顧 主權 尊嚴 ，	
主權	FW	要 把 台灣 主權 融入 中國 ，	
民意	FW	他 的 所作所為 完全 與 民意 對作 。	
民意	FW	讓 人民 實質 控制 最 高 民意 機關 ，	
民意	FW	雙方 要 比 的 是 誰 貼近 民意 。	
民意	FW	也 要 受 民意 嚴格 檢驗 ，	
國安	FW	加上 她 所 推出 的 「 國安 顧問團 」 顯 有 物以類聚 的 特質 ，	
民意	FW	就 必須 以 民意 為 標準 ，	
民意	FW	顯 與 台灣 民意 背道而馳 。	
民意	FW	以 長期 追蹤 民意 的 新 台灣 國策 智庫 民調 為 例 ，	
主權	FW	至少 六成 以上 台灣 人民 認為 台灣 是 一 個 主權 獨立 國家 ，	
民意	FW	卻 與 廣大 民意 脫節 ；	
民意	FW	且 不惜 違逆 民意 潮流 而 行 ，	
國家 安全	FW	宣稱 要 以 此 「 確保 兩岸 和平 、 國家 安全 、 國際 空間 開拓 」 。	
民意	FW	其實 要 看 它 自己 能否 認清 民意 與 時勢 ，	
心聲	FW	已 道出 不少 人民 心聲 ；	
主權	FW	也 出現 「 不 享有 主權 或 無法 對 自身 國際 關係 行為 負責 的 申請 方 」 ，	
主權	FW	反而 可以 鞏固 台灣 主權 ，	
民意	FW	執意 與 多數 民意 站 在 對立面 。	
民意	FW	遭到 民意 唾棄 ，	
民意	FW	民意 調查 也好 ，	
民主 價值	FW	而且 有 戰略 機會 與 美國 形成 基於 民主 價值 的 「 台美 共識 」 ，	
主權	FW	不惜 犧牲 國家 主權 、 國內 產業 ，	
心聲	FW	當今 最 直 白 的 心聲 ，	
民調	FW	民調 低迷 不振 ，	
民意	FW	民意 滿意度 剩下 九 趴 左右 ，	
民意	FW	美國 方面 當然 很 清楚 台灣 民意 的 新 趨勢 。	
國安	FW	還 通過 「 反 分裂 國家法 」 、 「 國安法 」 ，	
國家 安全	FW	白宮 國家 安全 顧問 公開 表示 ，	
主權	FW	導致 台灣 從 主權 獨立 到 經濟 自主 都 有 流失 之 虞 。	
民意	FW	人民 展現 新 民意 ，	
民意	FW	被 民意 唾棄 的 馬英九 ，	
民意	FW	對 多數 民意 置若罔聞 ，	
民意	FW	沒有 貼近 主流 民意 ，	
民意	FW	何必 把 主流 民意 當真 ？	
民意	FW	真 有 更 接近 主流 民意 嗎 ？	
民意	FW	主流 民意 置若罔聞 ，	
民意	FW	國民黨 執意 背離 民意 ，	
民意	FW	這 是 台灣 主流 民意 的 大勢 所 趨 。	
民意	FW	不顧 民意 ，	
民意	FW	更 應 尊重 新 民意 ，	
主權	FW	一 個 攸關 台灣 主權 的 兩岸 領導人 會面 ，	
民意	FW	這 個 最 高 民意 機關 ，	
民調	FW	已 具體 反映 於 近年 民調 、 選票 及 太陽 花 運動 ；	
民意	FW	正 是 對 普遍 民意 的 忠實 回應 ；	
民意	FW	社論 》 廣納 民意 者 廣納 選票	
民意	FW	也 讓 大家 對於 各 黨 對 民意 的 回應 有 更 進一步 的 認識 。	
民意	FW	缺乏 廣納 民意 的 企圖心 。	
民意	FW	一定 要 依 民意 調整 步伐 ，	
民意	FW	兩 眼 不 看 多數 民意 ，	
主權	FW	排除 堅持 台灣 主權 背景 者 ，	
民意	FW	台灣 民意 傾向 維持 獨立 現狀 ，	
民意	FW	與 台灣 民意 漸 行 漸 遠 ，	
民意	FW	以致 對 台灣 民意 不屑一顧 ？	
心聲	FW	這 也 正 是 許多 民眾 的 共同 心聲 ，	
民意	FW	只 聽 黨意 而 心 中 毫無 民意 ，	
民意	FW	廣大 民意 也 難以 接受 。	
民意	FW	老共 卻 以 各 種 手法 左右 民意 ，	
民主	FW	遂 令 「 中華 台北隊 」 搞 得 台灣 民主 失 能 、 政府 失靈 、 經濟 失血 、 人民 失業 。	
民調	FW	各 方 民調 支持度 相當 懸殊 ，	
民意	FW	馬 政府 本 有 高 民意 支持度 ，	
民調	FW	民調 就是 起 不 來 。	
民意	FW	一切 交由 新 民意 定奪 ？	
民意	FW	表達出 民意 多麼 反對 馬 政府 ，	
民意	FW	不 願 以 民 為主 緊跟 民意 。	
民意	FW	有 人 根本 與 民意 背道而馳 ，	
民意	FW	有 人 本質 上 與 民意 站 在 同 一 邊 ，	
民意	FW	但 為了 保留 權力 轉圜 空間 刻意 與 民意 若即若離 。	
民意	FW	體現出 從政 者 不 服從 民意 ，	
烏賊 戰術	FW	還 放任 烏賊 戰術 搞 黑 戰場 ，	
民調	FW	至於 各 種 民調 顯示 ，	
民意	FW	認同 台灣 反 併吞 的 民意 趨勢 快速 攀升 ，	
民意	FW	這樣 的 民意 走向 ，	
民意	FW	因為 候選 名單 上 找 不 到 如實 反映 民意 者 ，	
民意	FW	習於 罔顧 民意 ，	
民意	FW	導致 民意 落空 ，	
民意	FW	例如 國民黨 之 背離 民意 ，	
打壓	FW	甚至 與 外力 聯手 打壓 民意 ；	
民意	FW	甚至 與 外力 聯手 打壓 民意 ；	
民意	FW	例如 民進黨 之 與 民意 保持 距離 。	
民意	FW	國民黨 完全 對立 民意 ，	
民意	FW	以致 遭 民意 當頭棒喝 ；	
民意	FW	但 民進黨 顯然 也 低估 民意 ，	
民意	FW	其實 就是 為 對立 民意 的 陣營 儲藏 能量 ，	
民調	FW	選 前 各 方 民調 多 預期 將 出現 歷來 首見 政黨 輪替 。	
民意	FW	已 因 黨意 永遠 凌駕 民意 ，	
民調	FW	大選 民調 顯示 執政黨 即將 大敗 ，	
民意	FW	這 也 提供 新 政府 堅強 的 民意 基礎 ，	
民意	FW	他 是否 充分 尊重 已 決 的 沛然 民意 ，	
國安	FW	就 應 進行 國安 移交 」 之 議 ，	
國家 安全	FW	這 是 基於 國家 安全 及 憲政 發展 的 必要 之 舉 。	
民意	FW	這 次 民意 反撲 ，	
民意	FW	對 馬 政府 妄圖 通過 與 中國 的 服貿 協議 且 無視 民意 及 程序 正義 ，	
民意	FW	兩 人 與 台灣 主流 民意 相去 如此 遙遠 ，	
國家 安全	FW	基於 台灣 國家 安全 的 必要 考量 與 行動 ，	
公民 覺醒	FW	也 一 步 一 腳印 連結 出 公民 覺醒 的 民主 里程 。	
民意	FW	能夠 結合 民意 奪取 黨權 ，	
民意	FW	於是 該 黨 的 自我 改革 、 迎向 民意 也 便 成為 不可能 的 任務 ，	
民意	FW	如果 辜負 民意 ，	
民意	FW	民意 如 流水 ，	
民意	FW	如果 民進黨 執政 不符 民意 ，	
民意	FW	加速 背離 民意 ，	
主權	FW	對於 主權 在 民 的 台灣 ，	
民意	FW	社論 》 新 國會 要 反映 台灣 新 民意	
民意	FW	新 國會 要 反映 台灣 新 民意	
民意	FW	台灣 民意 走向 如此 明顯 ，	
民意	FW	這 就是 民意 的 可貴 ，	
民意	FW	應 即 忠實 反映 新 民意 ，	
民意	FW	都 簡單 明白 而 貼近 民意 與 現實 。	
民意	FW	新 民意 既已 拒絕 馬 政府 全面 親 中 政策 ，	
民意	FW	新 國會 反映 新 民意 ，	
民意	FW	既 忠實 反映 民意 ，	
民意	FW	台灣 民意 充分 展現 ，	
民調	FW	近年 民調 不斷 顯示 ，	
民意	FW	全然 無視 民意 。	
民意	FW	立委 須 回歸 傾聽 民意 ，	
民意	FW	與 年輕 世代 及 更 廣大 的 社會 民意 一直 站 在 對立面 的 國民黨 ，	
民意	FW	太陽花 兩 年 來 因此 顯 已 激發 民意 ，	
民意	FW	就 民意 而 言 ，	
民意	FW	台灣 民意 透過 大選 已 清楚 表達 ，	
民意	FW	不惜 與 台灣 民意 站 在 對立面 ，	
民意	FW	中國 背離 台灣 民意 ，	
民意	FW	自己 也 因 聽信 政媒 讕言 而 與 台灣 民意 對立 。	
讕言	FW	自己 也 因 聽信 政媒 讕言 而 與 台灣 民意 對立 。	
主權	FW	說出 主權 國家 的 格局 ，	
民意	FW	沒 太多 民意 說話 的 份 ，	
民調	FW	但是 台灣 人民 最終 卻 給 了 他 個人 最 低 的 民調 支持 ，	
民意	FW	是 沒有 辦法 以 民意 為 後盾 全力 攘外 的 。	
民意	FW	「 九 趴 」 民意 反映 在 兩 次 大選 大敗 ，	
民意	FW	但 畢竟 匯聚 了 主流 民意 ，	
民意	FW	重大 決策 與 民意 為敵 ，	
主權	FW	卻 把 台灣 的 民主 、 主權 、 安全 、 民生 搞 得 一塌糊塗 。	
民主	FW	卻 把 台灣 的 民主 、 主權 、 安全 、 民生 搞 得 一塌糊塗 。	
民意	FW	承接 頭家 授權 也 須 接受 民意 檢驗 ，	
民意	FW	遵循 民意 唾棄 九二 共識 ，	
民意	FW	但 依 目前 的 民意 氣候 來 看 ，	
民意	FW	民意 如 流水 ，	
主權	FW	主權 在 民 ，	
民意	FW	所以 總是 與 民意 對撞 ，	
民意	FW	一 上任 就 要 端出 「 牛肉 」 、 接受 民意 考驗 。	
民意	FW	有 台灣 強大 民意 為 依靠 ，	
民意	FW	只要 新 政府 一切 以 民意 為 依歸 ，	
主權	FW	但 至少 對 台灣 主權 論述 沒有 曖昧 ；	
民意	FW	在 新 的 民意 氣候 下 穩健 航行 ，	
民意	FW	至今 仍 契合 主流 民意 。	
國安	FW	政府 應 拉高 到 國安 層次 來 綢繆 。	
民意	FW	獲得 民意 肯定 。	
民意	FW	政府 與 民意 將 漸 行 漸 遠 。	
漸 行 漸 遠	FW	政府 與 民意 將 漸 行 漸 遠 。	
民意	FW	長期 漠視 民意 也 是 民怨 發酵 的 大 悶 鍋 。	
民意	FW	都 是 長期 漠視 民意 與 公民權 利 所 致 。	
民意	FW	新 的 民意 氣候 ，	
民意	FW	重大 決策 切記 傾聽 民意 ，	
民意	FW	讓 民意 成為 國家 的 引水人 。	
主權	FW	它 不 是 往 伸張 台灣 主權 的 方向 前進 ，	
民意	FW	認同 台灣 的 主流 民意 擴大 深化 ，	
主權	FW	「 台灣 是 一 主權 獨立 國家 ，	
民意	FW	符合 主流 民意 的 長期 走勢 。	
民意	FW	難道 要 反噬 民意 微調 現狀 ，	
民意	FW	對撞 主流 民意 ，	
心聲	FW	傾聽 人民 的 心聲 。	
民意	FW	貼近 民意 的 公義 欲求 ，	
民意	FW	與 一般 常識 與 主流 民意 漸 行 漸 遠 ，	
民意	FW	既然 民意 授命 ，	
民調	FW	陸委會 且 做出 五二○ 以來 支持 台獨 者 降低 的 詭異 民調 。	
民意	FW	向 更 少數 的 民意 角落 與 北京 立場 靠攏 。	
主權	FW	主權 流失 怵目驚心 ，	
民主 價值	FW	杜絕 兩 個 黨國 顛覆 民主 價值 。	
國安	FW	倒是 前 國安會 副秘書長 陳忠信 點出 ，	
心聲	FW	說出 台灣 人民 的 普遍 心聲 ，	
民意	FW	台聯 的 行動 正 反映 這 一 民意 。	
民意	FW	只 讓 國民黨 背離 民意 更 遙遠 ，	
民意	FW	服貿 協議 、 黑箱 課綱 被 民意 洪流 擋 了 下來 。	
主權	FW	陳水扁 以 執政 高度 堅持 台灣 主權 、 一 邊 一 國 ，	
主權	FW	國家 主權 論述 處於 灰色 地帶 。	
民意	FW	洪秀柱 更 無視 台灣 主流 民意 ，	
主權	FW	強調 中華民國 是 主權 獨立 國家 ，	
民意	FW	至少 要 遷就 主流 民意 ，	
民意	FW	絕大 多數 民意 維持 台灣 獨立 現狀 ，	
主權	FW	只要 接受 主權 在 民 的 遊戲 規則 ，	
主權	FW	併吞 主權 獨立 的 台灣 ，	
主權	FW	站穩 台灣 主權 屬於 台灣 人民 的 立場 ，	
主權	FW	隨著 中國 加緊 對 台灣 主權 的 霸凌 侵奪 ，	
民意	FW	如此 快速 擴大 民意 基礎 ，	
民意	FW	努力 貼近 主流 民意 ，	
民意	FW	與 主流 民意 背道而馳 ，	
民意	FW	而 現實 上 政見 組合 愈 接近 主流 民意 ，	
民意	FW	繼續 反 主流 民意 而 行 。	
民意	FW	在在 都 是 民意 所 切望 ，	
民意	FW	契合 民意 的 「 台灣 國民黨 」 看來 不會 出現 在 這 次 的 主席 選舉 。	
主權	FW	結果 帶來 主權 、 經濟 巨大 危機 ，	
民調	FW	但 從此 以後 他 的 民調 也 是 快速 走下坡 ，	
民調	FW	民調 是 參考 ，	
民意	FW	迅速 有效 回應 民意 。	
民意	FW	也 是 基於 這 種 民意 新 趨勢 的 警覺 。	
民意	FW	民意 如 急流 ，	
民意	FW	錯失 儘早 察覺 民意 風向 的 契機 。	
民意	FW	而 自己 昧於 民意 如 流水 ，	
民調	FW	短 時間 內 民調 雪崩式 下滑 ，	
民意	FW	民意 支持 逐漸 鬆動 ，	
民調	FW	柯文哲 、 馬英九 民調 溜滑梯 ，	
民意	FW	民意 挫折 容忍力 極 低 ，	
民意	FW	權力 高層 似 對 這樣 的 民意 未 予 快速 回應 。	
民調	FW	陸委會 的 最 新 民調 顯示 ：	
主權	FW	選 邊 站 也 不能 選 企圖 併吞 我國 主權 者 。	
民意	FW	但 與 民意 感受 實有 一段 距離 ，	
主權	FW	較少 凸顯 台灣 主權 獨立 現狀 ，	
民意	FW	依舊 選擇 敵視 主流 民意 的 牆角 ；	
國家 安全	FW	抵制 維護 國家 安全 的 認同 、 保防 、 防禦 等 ，	
民意	FW	背對 台灣 主流 民意 ，	
民調	FW	成為 拖垮 民調 的 原因 之 一 ，	
民意	FW	爭取 社會 多數 民意 支持 。	
民調	FW	民調 顯示 ，	
民意	FW	反 年金 改革 者 明顯 是 民意 的 少數 或 甚至 站 在 一般 公眾 的 對立面 。	
民調	FW	也 未必 不能 成為 民調 中 的 多數 。	
民意	FW	反而 激發 更 強大 的 改革 民意 。	
民意	FW	包括 先 建立 監督 機制 再 審查 、 資訊 公開 、 民意 高於 黨意 等 主張 ，	
主權	FW	主權 、 外交 、 國防 、 經濟 為之 耗弱 ，	
民意	FW	照理 說 朝野 政要 應當 體察 民意 好惡 ，	
民調	FW	但 從 選舉 、 民調 來 看 ，	
民意	FW	所以 還 把 台灣 主流 民意 看 在 眼 裡 ，	
民意	FW	也 得以 在 台灣 有 足夠 的 民意 基礎 為 前提 ，	
民意	FW	不 敢 完全 不 顧慮 民意 、 不 顧慮 美國 ，	
民意	FW	便 不得不 爭取 台灣 的 主流 民意 。	
民意	FW	而 國民黨 停留 在 主流 民意 輻射 範圍 內 ，	
民調	FW	至於 多 家 媒體 民調 顯示 ，	
民意	FW	民進黨 或 比 國民黨 更 貼近 民意 ，	
民意	FW	目前 的 民意 想像 ，	
民意	FW	背後 的 主流 民意 要求 ，	
民意	FW	在 民主 時代 要 贏得 多數 民意 ，	
民調	FW	跟 民調 高達 六成 的 支持率 ，	
民意	FW	與 整體 社會 的 主流 民意 漸 行 漸 遠 。	
主權	FW	進一步 彰顯 台灣 之 主權 在 民 。	
公民 覺醒	FW	有鑑於 台灣 的 民主 多元 、 公民 覺醒 ，	
民意	FW	民意代表 的 定期 改選 ，	
民意	FW	代議 民主 與 主流 民意 之間 出現 緊張 ，	
民意	FW	甚至 黨意 公然 凌駕 民意 ，	
民意	FW	真實 民意 隱 而 不彰 ，	
民意	FW	無非 是 少數 民粹 與 多數 民意 的 對撞 。	
民意	FW	為 多數 民意 打開 大門 ，	
民意	FW	愈 需要 事 前 的 多數 民意 集結 。	
民意	FW	小英 政府 的 民意 支持度 也 遭受 磨損 ，	
民意	FW	即使 擁有 六成 民意 支持 ，	
民意	FW	冷卻 了 民意 的 支持 熱情 。	
民意	FW	其 得失 對 民意 觀感 更 容易 產生 直接 印象 ，	
民調	FW	對於 國民 兩 黨 可能 候選人 的 民調 差距 ，	
民調	FW	三 個 月 內 一定 可 把 民調 拉平 」 。	
主權	FW	主權 在 民 意識 高漲 ，	
民意	FW	需要 回溯 民意 付託 來 突圍 。	
民意	FW	面對 改革 民意 能 擋 就 擋 、 以 撐 待 變 ，	
民意	FW	主流 民意 頭 也 不 回 地 往 「 國 與 國 」 的 定位 前進 ，	
主權	FW	國民黨 只 學 兩 蔣 抗拒 主權 在 民 ，	
民意	FW	以致 百 年 老店 在 民意 市場 難 有起色 。	
民意	FW	前者 貼近 台灣 主流 民意 ，	
民意	FW	後者 至今 黨意 高於 民意 。	
民意	FW	背離 民意 將 遭 民意 拋棄 得 更 遠 ，	
民意	FW	台灣 的 主流 民意 ，	
民意	FW	順 主流 民意 則 昌 ，	
民意	FW	逆 主流 民意 則 亡 ；	
民意	FW	政客 可以 欺騙 主流 民意 於 一時 ，	
民意	FW	無法 欺騙 主流 民意 於 永遠 ，	
民意	FW	馬英九 表面 上 迎合 主流 民意 ，	
民意	FW	執政 八 年 卻 與 主流 民意 背道而馳 ，	
民意	FW	沒有 人 可以 用 意識 形態 綁架 主流 民意 ，	
民意	FW	黨意 凌駕 民意 的 時代 一去不復返 了 。	
民意	FW	言行 早 被 主流 民意 唾棄 了 ，	
民意	FW	對 台灣 主流 民意 毫無 影響 。	
民意	FW	只 會 讓 台灣 的 主流 民意 對 北京 漸 行 漸 遠 。	
民意	FW	都 應 跟 台灣 主流 民意 ，	
民意	FW	尤其 是 主流 民意 所 選出 的 政府 對話 ，	
民意	FW	亦 非 疏離 主流 民意 的 政黨 ，	
民意	FW	不啻 是 拒絕 與 主流 民意 對話 ，	
民意	FW	誤以為 迴避 主流 民意 、 拉攏 親 中 勢力 ，	
民意	FW	不然 就 得以 主流 民意 為 標竿 進行 基因 改造 ！	
主權	FW	主權 方面 有 戰略 盟友 共同力 抗 中國 威脅 ，	
主權	FW	所以 對 台灣 全力 操弄 「 以 經濟 腐蝕 主權 」 。	
主權	FW	活化 經濟 與 捍衛 主權 ，	
主權	FW	經濟 環境 搞好 就是 維持 主權 現狀 的 要害 。	
主權	FW	本來 就 主張 台灣 主權 獨立 ，	
民意	FW	彷彿 終極 統一 代表 台灣 的 主流 民意 。	
主權	FW	維持 台灣 主權 獨立 現狀 才 是 台灣 共識 。	
民意	FW	如果 連 台灣 的 最 高 行政 首長 在 最 高 民意 機關 ，	
民調	FW	民調 支持度 欲振乏力 ，	
民調	FW	小英 政府 雖然 民調 低迷 ，	
民意	FW	小英 政府 願意 傾聽 民意 ，	
主權	FW	各自 主權 獨立 ，	
民意	FW	維持 現狀 走向 獨立 成為 穩定 的 主流 民意 ，	
公民 覺醒	FW	它 未必 是 上街 遊行 而是 一 種 公民 覺醒 運動 。	
民意	FW	只要 主流 民意 選擇 本土 政權 ，	
國安	FW	社論 》 黑槍 治安 國安	
國安	FW	那 就 更 有 國安 之 虞 了 。	
國安	FW	國安 想像 並 非 杞人憂天 ，	
國安	FW	這 種 比較 敏感 的 國安 想像 ，	
國安	FW	這 對 台灣 的 治安 與 國安 皆 屬 警訊 ，	
民意	FW	選擇 具有 政治 象徵 意義 卻 相對 脆弱 的 行政 或 民意 機構 ，	
民意	FW	民意 高度 支持 的 年改 ，	
國安	FW	治安 與 國安 應該 一 盤 棋 來 看 ，	
國安	FW	當 川普 認定 美 中 的 貿易 逆差 、 智財權 盜用 與 強迫 技轉 等 爭議 為 國安 問題 ，	
主權	FW	最後 連 政治 主權 都 丟掉 了 ，	
民意	FW	「 被 統派 」 因而 在 台灣 的 民意 市場 一路 萎縮 ，	
民意	FW	不但 不甘 順從 民意 ，	
民意	FW	竟 導致 民意 支持度 低迷 不振 。	
民意	FW	民意 對 執政 者 的 期待 也 相對 提高 了 。	
民意	FW	完全 執政 承擔 了 高度 民意 期待 ，	
民意	FW	民意 的 失望 也 會 形成 更 強烈 的 對比 。	
民調	FW	兩 年 多 來 的 民調 低迷 ，	
民意	FW	讓 民意 耳目一新 ，	
捍衛 民主	FW	為了 捍衛 民主 ，	
民意	FW	付出 了 民意 支持度 的 代價 。	
民意	FW	展現 了 主流 民意 的 民主 選擇 ，	
主權	FW	把 台灣 主權 硬生生 地 鎖入 中國 。	
公民 覺醒	FW	太陽 花 學運 刺激 了 公民 覺醒 ，	
民意	FW	在 二○一六 的 大選 瞬間 壓縮 背離 民意 的 國民黨 的 政治 能量 。	
民意	FW	推動 超過 半數 以上 民意 支持 的 改革 ，	
主權	FW	台灣 的 民主 與 主權 危 矣 ！	
民意	FW	小英 政府 也 正面 回應 最 新 民意 ，	
民意	FW	是否 意味 著 台灣 主流 民意 已經 對 改革 、 正義 不再 在乎 ，	
民意	FW	他們 在 國家 論述 上 更 藐視 二○一六 所 呈現 的 主流 民意 ，	
民意	FW	只 給 一 個 缺乏 足夠 民意 基礎 的 特 首 ，	
民意	FW	絕大 多數 台灣 民意 堅決 反對 一國兩制 」 ，	
國安	FW	當前 情勢 嚴峻 」 是 葉國興 接受 國安會 副秘書長 當天 表示 的 一 句 警語 。	
國安	FW	大眾 所 盼望 的 「 國安 立法 」 一 無 所 成 。	
國家 安全	FW	對 國家 安全 面對 中國 的 滲透 ，	
國家 安全	FW	遑論 什麼 「 國家 機密 保護法 」 、 「 科技 保護法 」 、 「 國家 安全 查核 制度 」 。	
主權	FW	完全 侵害 我國 主權 ，	
國安	FW	尤其 國安 立法 而 言 ，	
國安	FW	難道 六十九 席 立委 經 三 年 努力 連 一 個 國安 立法 都 通 過不了 ？	
國安	FW	在 剩下 的 八 個 月 期間 完成 一 套 有力 可行 的 國安法制 ，	
主權	FW	包藏 在 裡面 的 毒藥 則 是 主權 掠奪 ，	
主權	FW	主權 一旦 到手 了 ，	
民意	FW	雙 普選 的 強烈 民意 要求 ，	
主權	FW	國家 主權 意識 啦 ，	
民意	FW	民意 支持度 也 在下 樓梯 ，	
天安門 事件	HA	幹出 「 台灣版 天安門 事件 」 ，	
美麗島 事件	HA	一如 一九七九年 的 美麗島 事件 ，	
「 引 清兵 入關 」	HA	這 位 九 趴 總統 會不會 像 亞努科維奇 那樣 「 引 清兵 入關 」 。	
美麗島 事件	HA	卻 仍 如 三十多 年前 美麗島 事件 的 翻版 。	
美麗島 事件	HA	黨國 當局 處理 美麗島 事件 ，	
美麗島 事件	HA	從 美麗島 事件 看 如今 學運 ，	
美麗島 事件	HA	凡 此手法 都 見 諸 美麗島 事件 。	
美麗島 事件	HA	高雄 美麗島 事件 ，	
引 清兵 入關	HA	絕不 可 「 引 清兵 入關 」 ，	
美麗島 事件	HA	更 有 中壢 事件 、 「 中 美 斷交 」 、 美麗島 事件 、 江南案 ，	
美麗島 事件	HA	台灣 從 一九七九 美麗島 事件 到 二○一四 太陽 花 學運 ，	
天安門 事件	HA	中國 從 一九八九 天安門 事件 到 二○○八 的 零八 憲章 ，	
粗暴	LL	社論 ─ 粗糙 ． 粗暴 ． 蠻橫 ． 愚蠢	
混亂	LL	在 國會 全武行 的 混亂 中 ，	
剝奪	LL	剝奪 了 人民 表意 的 自由 ，	
譴責	LL	提出 最 嚴厲 的 抗議 與 譴責 ；	
動盪	LL	否則 社稷 陷入 動盪 的 嚴重 後果 ，	
暴力	LL	徹底 不顧 程序 正義 的 多數 暴力 ，	
永無寧日	LL	已經 讓 國會 今後 就此 癱瘓 、 永無寧日 ，	
癱瘓	LL	已經 讓 國會 今後 就此 癱瘓 、 永無寧日 ，	
惡果	LL	種下 了 惡果 。	
硬	LL	硬 在 去年 六月 由 海基 、 海協 兩 會 逕行 「 畫押 」 的 服貿 協議 ，	
粗糙	LL	卻 在 政府 粗糙 輕忽 的 態度 中 ，	
輕忽	LL	卻 在 政府 粗糙 輕忽 的 態度 中 ，	
愚蠢	LL	犯下 諸多 愚蠢 且 致命 的 錯誤 。	
錯誤	LL	犯下 諸多 愚蠢 且 致命 的 錯誤 。	
罔顧	LL	事 後 更 罔顧 眾多 各 行業 經營 者 不斷 提出 警告 ，	
濫行	LL	仍 執意 濫行 ，	
不可 原諒	LL	實在 不可 原諒 。	
卸責	LL	不容 主管 部門 再行 搪塞 卸責 。	
搪塞	LL	不容 主管 部門 再行 搪塞 卸責 。	
蠻幹	LL	這 個 政府 在 蠻幹 之餘 ，	
傷害	LL	尤其 是 嚴峻 的 傷害 。	
威脅	LL	其 衝擊 遠大 於 其他 國家 業者 所 帶來 的 威脅 。	
五花大綁	LL	台灣 少數 特定 企業 五花大綁 去 中國 打拚 ，	
門戶 大開	LL	中國 國企 卻 可 全面 進入 門戶 大開 的 台灣 ，	
宰殺	LL	宰殺 所有 產業 ，	
軟土 深 掘	LL	這 個 政府 軟土 深 掘 ，	
險境 ，	LL	將 人民 直接 曝 於 險境 ，	
毫不 在意 。	LL	毫不 在意 。	
糞土	LL	這 已經 是 把 民意 當作 糞土 。	
危機 的 時刻	LL	我們 也 將 呼籲 全體 國人 必須 正視 這 個 最 危機 的 時刻 ，	
毀壞	LL	當 民選 政府 已經 毀壞 民主 機制 時 ，	
血腥	LL	| 2014 - 03 - 26 | 自由時報 | A 02 | 反 服貿 血腥 鎮壓 | 社論 | By 何 新興	
抹黑	LL	把 手無寸鐵 的 學生 抹黑 為 「 暴民 」 ，	
幹譙	LL	不僅 國人 一 片 幹譙 ，	
譴責	LL	國際 媒體 也 嚴厲 譴責 。	
暴力	LL	反而 是 政府 的 語言 暴力 不斷 升級 ，	
暴力	LL	最後 化 語言 暴力 為 行動 暴力 。	
暴力	LL	最後 化 語言 暴力 為 行動 暴力 。	
國民黨 「 暴政 」	LL	這 根本 是 國民黨 「 暴政 」 下 的 「 暴鎮 」 ！	
惡評	LL	國際 惡評 、 抗議 連署 、 罷課 風潮 方興未艾 。	
暴力	LL	一九四七年 二月 二十八日 國民黨 暴力 鎮壓 反 政府 示威 ，	
惡評	LL	儘管 惡評 如 潮 ，	
爛 講義	LL	把 爛 講義 再 念 一 遍 吧 。	
權謀	LL	利用 權謀 算計 讓 太陽 花 學運 的 氣勢 再 而 衰 、 三 而 竭 ，	
壓制	LL	同時 壓制 在野黨 。	
交叉 感染	LL	馬 政府 已經 交叉 感染 了 國民黨 威權 遺毒 與 共產黨 專政 遺毒 ，	
遺毒	LL	馬 政府 已經 交叉 感染 了 國民黨 威權 遺毒 與 共產黨 專政 遺毒 ，	
遺毒	LL	馬 政府 已經 交叉 感染 了 國民黨 威權 遺毒 與 共產黨 專政 遺毒 ，	
目 無 頭家	LL	他們 總是 目 無 頭家 ，	
背對 人民	LL	他們 永遠 背對 人民 。	
來 洗 人民 的 腦	LL	他們 只 想 用 臭 酸 的 政治 宣導 來 洗 人民 的 腦 ，	
臭 酸 的 政治 宣導	LL	他們 只 想 用 臭 酸 的 政治 宣導 來 洗 人民 的 腦 ，	
恐嚇	LL	甚至 動員 利益 共同體 的 企業 來 恐嚇 人民 ；	
背離	LL	想 用 公民權 拆掉 這 個 背離 民意 的 政府 ，	
暴力	LL	他們 就 搬出 國家 暴力 來 「 法治 」 ：	
蹂躪	LL	無疑 是 影射 蔣介石 的 「 中國 軍閥 鐵蹄 」 蹂躪 台灣 人民 。	
被迫	LL	而 一九六○年 被迫 停刊 的 《 自由 中國 》 雜誌 ，	
封殺	LL	立刻 遭 中國 影視 公司 封殺 。	
封殺	LL	台灣 藝人 聲援 學生 者 遭 中國 封殺 ，	
任 人 宰割	LL	下場 就是 這樣 任 人 宰割 ！	
罔顧	LL	罔顧 民怨 強推 服貿 ，	
騙局	LL	馬英九 自己 拆穿 了 「 以 台灣 為主 、 對 人民 有利 」 的 騙局 。	
覺醒	LL	促使 愈來愈 多 人民 覺醒 ，	
激勵	LL	激勵 愈來愈 多 人民 抗爭 。	
日薄西山	LL	馬英九 政權 日薄西山 ，	
太陽 花 學子	LL	老把戲 打 不 倒 太陽 花 學子	
一意孤行	LL	九 趴 總統 至今 仍 執迷 不誤 、 一意孤行 。	
執迷 不誤	LL	九 趴 總統 至今 仍 執迷 不誤 、 一意孤行 。	
跳針式 喊話	LL	這 個人 繼續 貌似 誠懇 地 做 跳針式 喊話 ，	
玩弄	LL	立委 投票 部隊 玩弄 虛假 審查 招數 ，	
虛假	LL	立委 投票 部隊 玩弄 虛假 審查 招數 ，	
招數	LL	立委 投票 部隊 玩弄 虛假 審查 招數 ，	
唬弄	LL	行政 部門 推出 經貿 會議 、 監督 條例 唬弄 大眾 ，	
圍 事	LL	連 黑道 都 出動 圍 事 。	
變 不 出新 把戲	LL	只 自 曝馬 政府 變 不 出新 把戲 ，	
諷刺	LL	諷刺 的 是 ，	
對付	LL	馬 政府 對付 學生 的 手法 ，	
轉捩點	LL	被 視為 威權 體制 走向 解體 、 台灣 加速 民主化 的 轉捩點 。	
衝突	LL	事件 因 美麗島 雜誌社 辦 世界 人權日 集會 爆發 衝突 ，	
叛國	LL	蔣經國 政府 宣稱 黨 外 人士 黃信介 等 陰謀 叛國 ，	
陰謀	LL	蔣經國 政府 宣稱 黨 外 人士 黃信介 等 陰謀 叛國 ，	
專制	LL	凸顯 專制 特質 。	
暴力	LL	參與 者 都 是 「 陰謀 暴力 份子 」 。	
陰謀	LL	參與 者 都 是 「 陰謀 暴力 份子 」 。	
暴力	LL	它 形塑 黨 外 人士 暴力 屬性 ，	
羅織 罪名	LL	接下來 是 羅織 罪名 的 司法 程序 。	
暴力	LL	當時 「 兩 大 報 」 的 社論 標題 「 支持 警總 依法 制裁 陰謀 暴力 份子 」 、 「 策動 暴行 應 受 國法 制裁 」 ，	
陰謀	LL	當時 「 兩 大 報 」 的 社論 標題 「 支持 警總 依法 制裁 陰謀 暴力 份子 」 、 「 策動 暴行 應 受 國法 制裁 」 ，	
暴行	LL	當時 「 兩 大 報 」 的 社論 標題 「 支持 警總 依法 制裁 陰謀 暴力 份子 」 、 「 策動 暴行 應 受 國法 制裁 」 ，	
暴力	LL	指責 「 暴力 邊緣 」 的 主張 和 行動 ，	
譴責	LL	同聲 譴責 叛國 行為 ；	
叛國	LL	同聲 譴責 叛國 行為 ；	
抹黑	LL	抹黑 民主 人士 的 謊言 ，	
嫁禍	LL	即 官方 派 打手 混入 人群 製造 事端 嫁禍 黨 外 。	
慷慨 陳詞	LL	被告 慷慨 陳詞 ，	
圖謀	LL	有效 破除 了 當局 的 污名 化 圖謀 ，	
寶貴 的	LL	也 讓 台灣 社會 上 了 一 堂 寶貴 的 民主 課程 。	
令 人 感嘆	LL	不能不 令 人 感嘆 ，	
變 不 出新 把戲	LL	馬 黨國 老狗 變 不 出新 把戲 ，	
賤 招	LL	仍 重拾 已經 失敗 的 賤 招 對付 學生 。	
暴力	LL	把 學生 與 暴力 畫上 等號 ，	
肖 話	LL	講出 「 警察 受傷 人數 比 民眾 多 」 的 肖 話 ，	
暴力	LL	卻 對 國家 暴力 閉口 不 談 。	
遭 打 臉	LL	自製 服貿 「 懶人 包 」 也 遭 打 臉 ，	
賠上	LL	卻 賠上 專業 形象 。	
失敗 的	LL	過去 失敗 的 手法 再現 ，	
墮落	LL	只 凸顯 新黨國 的 墮落 。	
不實	LL	揭露 、 反擊 、 破解 了 過氣 不實 的 黨國 輿論 製造術 。	
輿論 製造術	LL	揭露 、 反擊 、 破解 了 過氣 不實 的 黨國 輿論 製造術 。	
謊話 連篇	LL	謊話 連篇 的 官方 文宣 難以 混淆 大眾 視聽 ，	
混淆	LL	謊話 連篇 的 官方 文宣 難以 混淆 大眾 視聽 ，	
報復	LL	即使 司法 報復 ，	
恐嚇	LL	當局 只 剩 消耗戰 和 黑道 恐嚇 的 伎倆 。	
伎倆	LL	當局 只 剩 消耗戰 和 黑道 恐嚇 的 伎倆 。	
冥頑不靈	LL	馬 政府 冥頑不靈 ，	
暴力	LL	他 把 矛頭 指向 在野黨 的 「 暴力 杯葛 」 ，	
可笑	LL	真是 可笑 ，	
黑箱	LL	反對 黑箱 服貿 ，	
有志一同	LL	多數 民眾 有志一同 ，	
暴力	LL	難道 這 是 人民 的 「 暴力 杯葛 」 嗎 ？	
馬王 惡鬥	LL	不 就是 馬英九 發動 的 馬王 惡鬥 至今 未 歇 ，	
戲本	LL	以上 戲本 說明 甚麼 ？	
恐嚇 牌	LL	老是 拿 自由 貿易 及 韓國 恐嚇 牌 ，	
優哉游哉 ，	LL	但 國人 救災 、 馬英九 優哉游哉 ，	
情何以堪 。	LL	情何以堪 。	
最 爛	LL	遭 各界 批評為 有史以來 最 爛 的 名單 ，	
咎由自取	LL	被 刷掉 的 十一 人 固然 咎由自取 ，	
內慚 神明	LL	不 是 更 應該 閉門思過 、 內慚 神明 嗎 ？	
回 嗆	LL	立即 搬出 憲法 回 嗆 會 補提名單 ，	
傲慢	LL	這 就 叫做 權力 的 傲慢 ，	
高高在上	LL	那 種 高高在上 的 優越感 ，	
霸凌	LL	必然 會 形成 對 民意 的 霸凌 ，	
淪為	LL	國家 的 主人 逆來順受 就 會 淪為 僕人 。	
傲慢	LL	除了 權力 的 傲慢 ，	
垂涎三尺	LL	只 看到 讓 他們 垂涎三尺 的 「 領土 」 。	
「 無能 」	LL	英國 經濟 學人 雜誌 稱 馬英九 「 無能 」 ，	
無能	LL	馬英九 就是 「 無能 」 ，	
束手無策	LL	雙手 獨攬 權力 的 馬英九 對 天災人禍 都 是 束手無策 。	
獨攬 權力	LL	雙手 獨攬 權力 的 馬英九 對 天災人禍 都 是 束手無策 。	
「 獨裁 」	LL	馬英九 之所以 能 「 獨裁 」 ，	
無能	LL	加上 一再 證明 的 「 無能 」 ，	
自我 吞噬	LL	卻 讓 馬英九 的 黨國 權勢 走向 自我 吞噬 。	
低聲下氣	LL	他 為 「 馬習會 」 低聲下氣 ，	
復健	LL	已經 指出 台灣 民主 復健 的 方向 ，	
落伍	LL	連 民進黨 都 顯得 相對 落伍 了 ，	
黑箱	LL	馬英九 還 在 怪罪 學運 妨礙 黑箱 服貿 ，	
煙霧	LL	釋放 「 雙英會 」 的 煙霧 。	
慢半拍	LL	中央 慢半拍 ，	
杯葛	LL	拿 它 來 批評 反對黨 杯葛 服貿 協議 在 國會 審議 。	
自 失	LL	我們 對 相關 爭論 的 看法 是 ︰ 馬英九 自 失 總統 高度 ，	
中肯	LL	但 在 中肯 的 論點 之外 ，	
一廂情願	LL	這 不但 一廂情願 ，	
單挑	LL	馬英九 單挑 華爾街日報 這 一 社論 高談闊論 ，	
「 氣 爆扯 服貿 」	LL	「 氣 爆扯 服貿 」 ，	
目 無 災民	LL	離題 且 目 無 災民 ，	
不當	LL	顯 已 不當 ；	
低迷	LL	也許 自認 拉高 藍 綠 對抗 有助 拉抬 個人 和 執政黨 低迷 的 人氣 ，	
罔顧	LL	罔顧 事實 ，	
大放厥詞 。	LL	大放厥詞 。	
一意孤行 ，	LL	有 馬 主席 一意孤行 ，	
強推	LL	強推 服貿 ，	
對付	LL	正 是 中國 對付 台灣 的 「 口袋 戰術 」 ︰ 既 打壓 台灣 與 國際 經貿 互動 ，	
杯葛	LL	杯葛 與 重要 經貿 夥伴 簽署 ＦＴＡ ，	
誘使	LL	也 透過 ＥＣＦＡ 、 服貿 誘使 台灣 落入 預設 的 陷阱 ，	
一針見血	LL	都 是 一針見血 的 警告 。	
執迷不悟	LL	只有 追求 「 終極 統一 」 的 馬英九 執迷不悟 。	
併吞	LL	中國 卻 以 併吞 台灣 為 目標 ，	
不 倫	LL	「 南韓 威脅 論 」 顯然 比擬 不 倫 。	
獨沽 中國 一味	LL	馬英九 獨沽 中國 一味 ，	
無能	LL	但 無心 也 無能 的 馬 政府 能否 積極 行動 ，	
顏面 盡失	LL	讓 中國 當局 顏面 盡失 。	
食言而肥	LL	「 雨傘 革命 」 肇因 於 中國 食言而肥 ，	
障礙	LL	八月 又 對 香港 特首 普選 橫置 障礙 ，	
操控	LL	企圖 透過 篩選 候選人 以 操控 選舉 ，	
破產	LL	對 香港 及 國際 間 的 承諾 破產 ，	
奮起	LL	港人 乃 奮起 抵抗 。	
玩弄	LL	中國 殖民 與 玩弄 香港 的 本質 顯露 無遺 ，	
危機	LL	其 間 隱藏 的 危機 ，	
門戶 洞開 ，	LL	門戶 洞開 ，	
沾沾自喜	LL	馬英九 政府 沾沾自喜 的 觀光客 成長 ，	
嘈雜	LL	台灣 社會 所 詬病 的 「 一 條 龍 」 和 名勝 景點 嘈雜 紛亂 ，	
衝突	LL	香港人 與 中國客 的 衝突 不斷 ，	
惡果	LL	都 是 其 惡果 。	
對付	LL	由於 「 以 經 促 統 」 是 中國 明示 的 對付 台灣 策略 ，	
壓制	LL	中國 壓制 越 甚 ，	
「 以 商 逼 政 」	LL	經濟 受制於 中國 所 導致 的 「 以 商 逼 政 」 效應 早已 發生 ，	
哈腰	LL	紅頂 商人 對 中國 官員 哈腰 諂媚 的 場面 從 北京 演 到 台北 ，	
投票 部隊	LL	且 發動 中國 台商 投票 部隊 ，	
食髓知味	LL	且 食髓知味 ，	
危機	LL	這 是 台灣 民主 最 大 危機 。	
傷害	LL	但 傷害 更 大 的 ，	
卑躬屈膝	LL	是 他 對 中國 的 卑躬屈膝 ，	
困境	LL	把 台灣 帶 向 難以 擺脫 中國 的 困境 。	
唯命是從	LL	梁振英 對 中國 當局 唯命是從 ，	
自恃	LL	卻 自恃 曾 受 多數 選民 付託 ，	
一意孤行 ，	LL	一意孤行 ，	
傷害	LL	更 可能 幹下 嚴重 傷害 台灣 的 事 ；	
朝氣	LL	特別 是 年輕 一 代 的 清新 理想 朝氣 ，	
專制	LL	香港 不甘 被 關入 專制 牢籠 ，	
牢籠	LL	香港 不甘 被 關入 專制 牢籠 ，	
壯志	LL	如此 壯志 與 決心 ，	
見賢思齊 。	LL	見賢思齊 。	
輸掉	LL	社論 》 小心 贏得 二○一六 輸掉 台灣	
虛晃 一 招	LL	經過 兩岸 協商 虛晃 一 招 ，	
開門揖盜	LL	選擇 開門揖盜 。	
開門揖盜	LL	而 如此 開門揖盜 ，	
鯨吞	LL	馬英九 不惜 讓 中國 鯨吞 蠶食 我國 主權 、 國安 ，	
蠶食	LL	馬英九 不惜 讓 中國 鯨吞 蠶食 我國 主權 、 國安 ，	
可悲	LL	且 對 台灣 而 言 極為 可悲 的 是 ：	
併吞	LL	此 兩 者 的 結局 都 一樣 有利於 中國 併吞 。	
黑 箱	LL	馬英九 強推黑 箱 服 貿 ，	
強 渡 關山	LL	企圖 在 立法院 倚仗 優勢 強 渡 關山 ，	
民怨	LL	「 半 分 忠 」 引爆 民怨 火山 噴發 ，	
火山 噴發	LL	「 半 分 忠 」 引爆 民怨 火山 噴發 ，	
黑箱	LL	成功 阻擋 黑箱 服 貿 ，	
崩盤	LL	國民黨 選舉 崩盤 主席 換人 ，	
撐腰	LL	他 只 能 倚賴 中國 撐腰 ，	
敲詐	LL	中國 也 極 有 技巧 地 敲詐 馬英九 奉送 更多 的 籌碼 ，	
放任	LL	放任 中國 如 入 無 人 之 境 ，	
肆	LL	肆 行 其 直接 接觸 三 中 一 青 的 新 統戰 攻勢 ，	
暗潮 比 浪花 還 多	LL	暗潮 比 浪花 還 多 。	
害 台	LL	阻擋 這 種 新 型態 的 「 無 作為 」 害 台 。	
蕩然無存	LL	武德 蕩然無存 ，	
賣國	LL	形同 賣國 叛國 ，	
叛國	LL	形同 賣國 叛國 ，	
爽 歪歪	LL	先 讓 那些 軍官 共諜 爽 歪歪 ，	
逢迎	LL	那些 逢迎 中國 來人 ，	
向 中國 傾斜	LL	不僅 是 政策 向 中國 傾斜 ，	
向 中國 靠攏	LL	連 認同 都 已經 向 中國 靠攏 了 。	
分官	LL	忙著 分贓 分官搶 立委 ，	
分贓	LL	忙著 分贓 分官搶 立委 ，	
媚共	LL	文官 媚共 不 以 為恥 ，	
不 以 為恥	LL	文官 媚共 不 以 為恥 ，	
怵目驚心	LL	這些 看 得到 的 已經 夠 怵目驚心 了 ，	
恐怖	LL	還 有 多少 看 不 到 卻 更 恐怖 的 事情 正在 發生 ？	
矛盾	LL	中國 必 會 利用 馬朱 的 黨政 矛盾 ，	
漁獵	LL	漁獵 最 大 的 利益 。	
輸掉	LL	輸掉 台灣 ，	
悲哀	LL	那 才 是 沒 救 的 悲哀 。	
石破天驚	LL	各 方 對 這 一 石破天驚 的 公民 運動 熱烈 回顧 並 展望 。	
挺身而出	LL	青年 學生 與 公民 挺身而出 ，	
黑箱	LL	為 抗議 馬政府 服貿 協議 黑箱 作業 ，	
罔顧	LL	中國 國民黨 所 掌控 的 立法院 罔顧 民意 ，	
無比 威力	LL	發揮 了 網路 世代 全球 連結 的 無比 威力 ，	
震撼	LL	也 震撼 馬 黨國 ，	
向 中國 傾斜	LL	對 馬政府 向 中國 傾斜 政策 當頭棒喝 ，	
熱潮	LL	不但 在 台北 捲起 柯 Ｐ 熱潮 ，	
灰頭土臉	LL	讓 執政黨 灰頭土臉 ，	
被迫	LL	馬英九 因之 被迫 辭去 黨主席 ，	
熱力	LL	太陽花 的 熱力 還 渡海 到 香港 ，	
助成	LL	助成 「 雨傘 革命 」 。	
反感	LL	最 令 人 反感 的 ，	
傷害	LL	傷害 社會 正義 ，	
吐 槽	LL	三一八 週年 日 卻 不惜 對 民間版 「 兩岸 監督 條例 」 吐 槽 ，	
施暴	LL	而 其 不 放棄 追訴 太陽花 青年 、 不 細究 對 手無寸鐵 民眾 施暴 的 公務員 ，	
言行 不一	LL	最 是 言行 不一 。	
偷渡	LL	服貿 自 經 別 偷渡 」 ；	
偷渡	LL	監督 馬政府 濫 以 行政 命令 偷渡 對 中國 開放 政策 。	
偷渡	LL	馬政府 的 高官 仍 不惜 以 偷渡 方式 繼續 其 對 中國 門戶 洞開 的 作為 。	
偷偷	LL	但 雙方 貨貿 協議 談判 仍 偷偷 進行 ，	
詬病	LL	從 打破 最 受 詬病 的 鳥籠 公投 限制 ，	
鳥籠	LL	從 打破 最 受 詬病 的 鳥籠 公投 限制 ，	
失靈	LL	匡正 代議 政治 失靈 的 國會 選制 改革 ，	
紙上談兵	LL	一切 都 仍 停留 在 紙上談兵 階段 ；	
中肯	LL	最為 中肯 。	
漠視	LL	主要 政黨 及 政治 領袖 不可 漠視 這 一 人民 求變 求新 求 合理 的 心聲 與 要求 。	
「 改變成 真 」	LL	帶領 台灣 邁向 「 改變成 真 」 新 境界 。	
啟發	LL	太陽花 雖 「 有 歷史 啟發 作用 」 ，	
崩盤	LL	主要 原因 自是 九合一 崩盤 ，	
矛盾	LL	馬吳王朱 之間 的 矛盾 、 心結 、 鬥爭 ，	
心結	LL	馬吳王朱 之間 的 矛盾 、 心結 、 鬥爭 ，	
鬥爭	LL	馬吳王朱 之間 的 矛盾 、 心結 、 鬥爭 ，	
諷刺	LL	諷刺 的 是 ，	
低迷	LL	國民黨 陷入 低迷 ，	
背離	LL	這 便 形成 一 種 政治力 與 社會力 背離 的 變態 ，	
變態	LL	這 便 形成 一 種 政治力 與 社會力 背離 的 變態 ，	
淘汰	LL	馬英九 已 遭 民意 淘汰 ，	
虛晃 一 招	LL	修憲 口號 僅 止於 虛晃 一 招 ，	
游離	LL	給 人 游離 民意 ，	
深化 	LL	堪稱 「 主權 在 民 」 價值 的 深化 與 鞏固 。	
鞏固	LL	堪稱 「 主權 在 民 」 價值 的 深化 與 鞏固 。	
脫胎換骨	LL	必須 脫胎換骨 ，	
霸凌	LL	黨意 霸凌 民意 ，	
一廂情願	LL	社論 》 參與 亞投行 不可 一廂情願	
向 中國 傾斜	LL	也許 很 符合 馬 政府 一貫 的 向 中國 傾斜 政策 ，	
愚蠢	LL	卻 是 冒進 、 愚蠢 而 一廂情願 。	
一廂情願	LL	卻 是 冒進 、 愚蠢 而 一廂情願 。	
向 中國 傾斜	LL	即使 要 向 中國 傾斜 ，	
淪為	LL	以致 如今 淪為 騙人 的 口號 。	
騙人 的 口號	LL	以致 如今 淪為 騙人 的 口號 。	
打壓	LL	實際 上 中國 對 台灣 的 國際 打壓 從不 鬆手 ；	
傷害	LL	只 開 觀察員 等 小 門 也 總 令 國家 尊嚴 備受 傷害 。	
被迫	LL	仍 因 中國 因素 被迫 改名為 「 中國 ． 台北 」 至今 。	
困境	LL	經濟 困境 無解 ，	
奮起	LL	反而 人民 奮起 反對 後續 的 服貿 協議 之後 ，	
惡果	LL	其 政經 惡果 卻 由 社會 整體 承擔 ，	
震撼	LL	經過 太陽花 及 九 合一 的 震撼 ，	
向 下 扎根	LL	老共 想 進一步 「 向 下 扎根 」 ，	
落伍	LL	中國 想 利用 落伍 的 民族 主義 ，	
利用	LL	中國 想 利用 落伍 的 民族 主義 ，	
打入 黑 牢	LL	老共 卻 將 他 打入 黑 牢 ，	
大刀	LL	老共 總是 揮舞 民族 主義 的 大刀 橫衝直撞 ，	
橫衝直撞	LL	老共 總是 揮舞 民族 主義 的 大刀 橫衝直撞 ，	
矮化	LL	既 矮化 台灣 的 主權 地位 ，	
淪為	LL	也 淪為 中國 在 國際 製造 麻煩 的 幫凶 。	
騙局	LL	民族 主義 不只 一 次 被 證明 是 一 場 騙局 。	
玩弄	LL	還 玩弄 民族 主義 ，	
向 中國 傾斜	LL	一 則 虛張 向 中國 傾斜 乃至 終極 統一 的 聲勢 。	
淪為	LL	否則 淪為 站 在 香港 旁邊 的 「 中國 的 台北 」 ，	
一意孤行 ，	LL	馬 政府 仍 一意孤行 ，	
無能	LL	真是 治國 無能 、 害台 有 謀 。	
害台	LL	真是 治國 無能 、 害台 有 謀 。	
有 謀	LL	真是 治國 無能 、 害台 有 謀 。	
不顧	LL	根本 不顧 國家 主權 ，	
偷偷摸摸	LL	何必 偷偷摸摸 ？	
崩盤	LL	選舉 崩盤 ，	
反擊	LL	馬英九 才 握 著 拳頭 說 要 「 反擊 」 ，	
握 著 拳頭	LL	馬英九 才 握 著 拳頭 說 要 「 反擊 」 ，	
反擊	LL	他 所謂 的 「 反擊 」 ，	
黑箱	LL	無非 是 濫用 總統 職權 當 「 黑箱 」 ，	
濫用	LL	無非 是 濫用 總統 職權 當 「 黑箱 」 ，	
綁手綁腳	LL	從而 接下 一 個 綁手綁腳 的 「 一 中 架構 」 ！	
覺醒	LL	公民 要 覺醒 ，	
黑箱	LL	繼續 搞 黑箱 「 反擊 」 ，	
反擊	LL	繼續 搞 黑箱 「 反擊 」 ，	
濫用	LL	馬英九 濫用 總統 職權 ，	
目無	LL	目無 民意 ，	
錯誤	LL	此 種 錯誤 思維 導致 其 中國 政策 愈 陷 愈 深 ，	
愈 陷 愈 深	LL	此 種 錯誤 思維 導致 其 中國 政策 愈 陷 愈 深 ，	
嚴重	LL	嚴重 損害 台灣 的 利益 。	
損害	LL	嚴重 損害 台灣 的 利益 。	
高高在上	LL	而 中國 卻 高高在上 ，	
錯誤	LL	必須 歸因於 兩 個 錯誤 觀念 。	
向 中國 傾斜	LL	錯 把 向 中國 傾斜 ，	
向 中國 傾斜	LL	操作 成 台灣 要 向 中國 傾斜 ，	
操作	LL	操作 成 台灣 要 向 中國 傾斜 ，	
嚴重	LL	這 是 嚴重 的 扭曲 。	
扭曲	LL	這 是 嚴重 的 扭曲 。	
崩盤	LL	價格 崩盤 ，	
淪為	LL	蕭習 會 淪為 握手 寒暄 的 儀式 ，	
儀式	LL	蕭習 會 淪為 握手 寒暄 的 儀式 ，	
殘酷	LL	馬政府 必須 認清 一 個 殘酷 的 事實 ：	
被迫	LL	馬英九 因此 被迫 辭去 中國 國民黨 主席 職務 。	
挫折	LL	經 此 重大 民意 挫折 ，	
傷害	LL	都 可 降低 對 國家 社會 的 繼續 傷害 。	
漠視	LL	他 漠視 民意 ，	
一意孤行 ，	LL	仍 一意孤行 ，	
不 倫	LL	既 不 倫 也 不智 ，	
不智	LL	既 不 倫 也 不智 ，	
打壓	LL	都 是 中國 打壓 所 致 。	
打壓	LL	卻 主動 接受 被 打壓 的 名稱 ，	
虛假	LL	也 再度 印證 「 九二 共識 」 的 虛假 詐騙 本質 。	
詐騙	LL	也 再度 印證 「 九二 共識 」 的 虛假 詐騙 本質 。	
矛盾	LL	矛盾 衝突 事件 頻傳 ，	
威脅	LL	習 近 平 上 月 以 「 地 動 山搖 」 威脅 台灣 接受 「 九二 共識 」 ，	
卑躬屈膝	LL	不過 是 建立 在 馬 政府 對 中國 卑躬屈膝 之上 的 表象 ；	
危機	LL	有如 近日 阿帕契 案 所 暴露 的 危機 ，	
悖離	LL	馬英九 悖離 民意 、 心態 不變 ，	
漠視	LL	也 漠視 要求 修憲 的 普遍 民意 。	
併吞	LL	企圖 併吞 台灣 的 中國 ，	
淪為	LL	淪為 在野黨 的 國民黨 ，	
崩盤	LL	馬英九 跛腳 、 選舉 崩盤 ，	
跛腳	LL	馬英九 跛腳 、 選舉 崩盤 ，	
崩盤	LL	到 九 合一 選舉 國民黨 崩盤 ，	
崩盤	LL	國民黨 崩盤 。	
薄 如 紙	LL	民意 基礎 薄 如 紙 的 馬英九 ，	
一意孤行 ，	LL	一意孤行 ，	
危機	LL	這 就是 台灣 當前 危機 的 寫照 ：	
害 台	LL	馬英九 把 危害 台灣 的 事 ，	
強 渡 關山	LL	編 一 大 堆 歪理強 渡 關山 ，	
歪理	LL	編 一 大 堆 歪理強 渡 關山 ，	
反擊	LL	所謂 的 「 反擊 」 ，	
無能	LL	所謂 治國 無能 、 害台 有 能 ，	
害台	LL	所謂 治國 無能 、 害台 有 能 ，	
一針見血	LL	確實 一針見血 道出 馬英九 的 心 跡 。	
危機	LL	看透 危機 。	
失敗 的	LL	如果 還要 「 延續 」 失敗 的 總路線 ，	
淪為	LL	搞不好 還 淪為 「 葬送 本土 」 的 政權 哩 。	
淪為	LL	搞不好 還 淪為 「 葬送 本土 」 的 政權 哩 。	
剝奪	LL	卻 剝奪 大多數 人 的 就業 、 所得 、 居住 等 人權 與 正義 。	
遲鈍	LL	難道 該 黨 對 民意 風向 已經 遲鈍 至 此 ？	
諷刺	LL	諷刺 的 是 ，	
困境	LL	恐 將 面臨 進退失據 的 困境 。	
進退失據	LL	恐 將 面臨 進退失據 的 困境 。	
衝突	LL	表面 上 有效 降低 了 衝突 的 發生 ，	
淪為	LL	在 國際 組織 淪為 中國 的 小 跟班 ，	
小 跟班	LL	在 國際 組織 淪為 中國 的 小 跟班 ，	
騙局	LL	也 都 是 騙局 居多 。	
黑箱	LL	二○一○年 黑箱 簽署 的 ＥＣＦＡ ，	
黑箱	LL	接下來 的 黑箱 服 貿 ，	
暴力	LL	馬英九 仍 想 藉 國會 多數 暴力 強 渡 關山 ，	
崩盤	LL	從而 導致 國民黨 在 九 合一 選舉 崩盤 。	
反擊	LL	依舊 揚言 要 反擊 ，	
淪為	LL	「 三 限 六 不 」 隨即 淪為 具文 ，	
敲詐	LL	敲詐 跛腳 馬 的 價碼 也 愈來愈 高 。	
無能	LL	「 把 無能 當 有趣 」 ，	
諷刺	LL	真是 民主 的 莫大 諷刺 。	
黑箱	LL	《 社論 》 黑箱 課綱 黨國 餘孽	
黑箱	LL	教育部 強行 要求 教科書 根據 黑箱 課綱 編寫 ，	
硬	LL	且 硬 拗 課綱 內容 沒 問題 。	
黑箱	LL	「 反 黑箱 課綱 行動 聯盟 」 痛 批 ，	
恐怖	LL	新課 本 把 二二八 事件 、 白色恐怖 悉 予 刪除 ，	
眼 中 毫無	LL	眼 中 毫無 民意 ，	
恐怖	LL	把 二二八 事件 、 白色恐怖 悉 予 顛覆 ，	
顛覆	LL	把 二二八 事件 、 白色恐怖 悉 予 顛覆 ，	
黑箱	LL	在 黑箱 課綱 ，	
恐怖	LL	卻 迴避 他 在 白色恐怖 蒙冤 被 槍斃 。	
黑箱	LL	黨 產 黑箱 ，	
黑箱	LL	服貿 黑箱 ，	
黑箱	LL	課綱 黑箱 ，	
崩盤	LL	去年 選舉 崩盤 ，	
黑箱	LL	都 對 黑箱 政治 深惡痛絕 。	
暴力	LL	崇拜 黑箱 政治 的 權力 暴力 ，	
專制	LL	卻 與 對岸 的 專制 者 如膠似漆 ，	
風險	LL	冒 著 命喪 黑 水溝 的 風險 ，	
黑箱	LL	拒絕 這 種 黑箱 課綱 、 倒退 嚕 教科書 ，	
倒退 嚕	LL	拒絕 這 種 黑箱 課綱 、 倒退 嚕 教科書 ，	
崩盤	LL	國民黨 崩盤 ，	
反擊	LL	甚至 還 握拳 揚言 要 「 反擊 」 ！	
反擊	LL	如何 「 反擊 」 ？	
反擊	LL	他 的 「 反擊 」 就是 把 虛構 的 「 九二 共識 」 假戲真做 走到 底 ，	
無能	LL	這 位 跛腳 總統 無能 也 無心 推動 內政 了 ，	
硬	LL	竟 可 穿越 時空 硬 栽 到 一九九二年 ，	
瞎掰	LL	中國黨 的 瞎掰 能力 ，	
唾棄	LL	被 民意 唾棄 ，	
戲碼	LL	最近 在 立法院 院會 又 上演 闖關 、 杯葛 、 棄守 、 反制 的 戲碼 ，	
困境	LL	民進黨 似乎 對於 做為 國會 少數 黨 的 困境 並 不以為意 ，	
杯葛	LL	為何 還要 耗費 資源 杯葛 ？	
明目張膽	LL	馬 政府 現在 實踐 「 兩岸 同 屬 一 中 」 是 多麼 明目張膽 。	
濫	LL	依舊 濫用 其 實質 影響力 ，	
淪為	LL	朱立倫 淪為 「 看板 主席 」 ，	
淪為	LL	二 是 即使 淪為 在野黨 ，	
傷害	LL	對 台灣 人民 感情 傷害 很 大 。	
可笑	LL	可笑 的 是 ，	
傷害	LL	這 叫 甚麼 傷害 ？	
恐嚇	LL	來 恐嚇 台灣 人民 接受 任由 中國 定義 的 「 九二 共識 」 ？	
背離	LL	馬英九 背離 民意 ，	
破解	LL	破解 「 馬英九 思想 萬歲 」 的 迷宮 。	
迷宮	LL	破解 「 馬英九 思想 萬歲 」 的 迷宮 。	
迷航	LL	恐 將 迷航 於 「 一 中 萬有引力 」 ，	
恐	LL	恐 將 迷航 於 「 一 中 萬有引力 」 ，	
併吞	LL	對 外 無法 抗拒 併吞 壓力 ，	
詬病	LL	馬英九 施政 最 令 人 詬病 之 處 ，	
沾沾自喜	LL	他 沾沾自喜 的 稅改 便是 假 改革 的 負面 教材 。	
大肆	LL	在 全球 市場 大肆 炒作 ，	
淪為	LL	遂 淪為 假 改革 。	
假	LL	遂 淪為 假 改革 。	
障礙	LL	所有 阻擋 年金 改革 的 行政 立法 障礙 皆 不 存在 ，	
危機	LL	化解 台灣 希臘化 危機 ，	
反擊	LL	或者 採取 政治 反擊 ，	
錯誤	LL	社論 》 經國 先生 最 大 的 錯誤 ？	
崩盤	LL	九 合一 選舉 崩盤 ，	
反擊	LL	誓言 反擊 。	
被迫	LL	被迫 辭去 黨主席 ，	
灰頭土臉	LL	國民黨 灰頭土臉 ，	
淪為	LL	黨 內 初選 也 淪為 一 場 兒戲 。	
兒戲	LL	黨 內 初選 也 淪為 一 場 兒戲 。	
玩弄	LL	一 面 玩弄 實質 影響力 ，	
杯葛	LL	施政 備受 杯葛 。	
淪為	LL	淪為 他 的 護航 部隊 。	
霸凌	LL	馬意霸凌 民意 ，	
遍 地 開花	LL	即使 公民 之 怒 遍 地 開花 ，	
錯誤	LL	「 經國 先生 最 大 的 錯誤 就是 開放 報禁 ，	
塗脂抹粉	LL	竟 有 國策 顧問 為 主子 塗脂抹粉 說 ：	
錯誤	LL	經國 先生 最 大 的 錯誤 ，	
大言不慚	LL	竟 大言不慚 「 我 晚上 都 睡 得 很 好 」 。	
反擊	LL	處處 針對 在野黨 總統 候選人 「 反擊 」 ，	
反擊	LL	除了 「 反擊 」 在野黨 ，	
目 無	LL	堪稱 一 位 目 無 民意 的 總統 ，	
反擊	LL	至於 對 「 本黨 」 的 「 反擊 」 ，	
劇本	LL	在 「 朱 習會 」 演出 馬英九 的 「 兩岸 同屬 一 中 」 劇本 之後 ，	
反擊	LL	他 的 「 反擊 」 目標 便 集中 在 主張 「 維持 兩岸 現狀 」 的 蔡英文 身 上 。	
不顧	LL	更 不顧 主權 尊嚴 ，	
黑箱	LL	反對 黑箱 課綱 ，	
黑箱	LL	延續 反對 黑箱 服 貿 的 公民 運動 ！	
淪為	LL	主張 淪為 少數 ，	
反擊	LL	他 的 「 反擊 」 部署 ，	
淪為	LL	二 是 掐住 可能 淪為 在野黨 的 國民黨 ，	
強迫	LL	透過 老共 、 老美 強迫 蔡英文 吞下 他 過去 七 年 來 改變 過 的 「 現狀 」 。	
反擊	LL	人民 終於 「 反擊 」 了 ，	
崩盤	LL	國民黨 崩盤 ，	
反擊	LL	握 著 拳頭 誓言 「 反擊 」 ！	
反擊	LL	他 的 「 反擊 」 ，	
危機	LL	台灣 今天 真的 面臨 了 罕見 的 危機 ，	
淪為	LL	那麼 一次次 的 投票 將 淪為 線 上 遊戲 ，	
遊戲	LL	那麼 一次次 的 投票 將 淪為 線 上 遊戲 ，	
覺醒	LL	台灣 人民 需要 更 高程度 的 覺醒 ，	
強 渡 關山	LL	馬政府 在 打烊 前夕 仍 想 強 渡 關山 推動 洗腦 工程 ，	
洗腦	LL	馬政府 在 打烊 前夕 仍 想 強 渡 關山 推動 洗腦 工程 ，	
黑箱	LL	微調 過程 極其 黑箱 ，	
恐嚇	LL	教育部 、 國教院 還 不斷 恐嚇 書商 、 教師 ，	
黑箱	LL	去年 的 黑箱 服貿 ，	
黑箱	LL	馬政府 跟 老共 搞出 一 個 黑箱 ，	
老共	LL	馬政府 跟 老共 搞出 一 個 黑箱 ，	
黑箱	LL	想 用 「 半 分 忠 」 把 黑箱 漂白 ，	
漂白	LL	想 用 「 半 分 忠 」 把 黑箱 漂白 ，	
黑 箱	LL	全民 蜂擁 而 起 支持 反黑 箱 服貿 。	
崩盤	LL	馬英九 的 國民黨 崩盤 。	
黑 箱	LL	反黑 箱 微調 課綱 行動 ，	
遍 地 開花	LL	也 在 全 國 高中職 遍 地 開花 ，	
覺醒	LL	這 是 年輕人 反 洗腦 的 集體 覺醒 。	
黑 箱	LL	面對 反黑 箱 課綱 的 燎原 之 火 ，	
燎原 之 火	LL	面對 反黑 箱 課綱 的 燎原 之 火 ，	
悲哀	LL	更 悲哀 的 是 ，	
霸凌	LL	只 想 霸凌 。	
黑箱	LL	黑箱 服貿 ，	
黑箱	LL	黑箱 課綱 ，	
黑箱	LL	黑箱 微調 課綱 那 批 人 想 的 ，	
風險	LL	他們 想 把 幸福 台灣 連結 風險 中國 ，	
錯誤	LL	催眠 他們 錯誤 產生 幸福感 的 幻覺 ，	
幸福感	LL	催眠 他們 錯誤 產生 幸福感 的 幻覺 ，	
幻覺	LL	催眠 他們 錯誤 產生 幸福感 的 幻覺 ，	
黑箱	LL	那些 「 黑箱 集團 」 完全 錯 了 ！	
錯	LL	那些 「 黑箱 集團 」 完全 錯 了 ！	
謊言	LL	他們 的 「 懶人 包 」 往往 就是 炸毀 謊言 世界 的 原子彈 。	
炸毀	LL	他們 的 「 懶人 包 」 往往 就是 炸毀 謊言 世界 的 原子彈 。	
原子彈	LL	他們 的 「 懶人 包 」 往往 就是 炸毀 謊言 世界 的 原子彈 。	
淪為	LL	股市 、 房市 淪為 殺戮 戰場 ，	
殺戮=	LL	股市 、 房市 淪為 殺戮 戰場 ，	
戰場	LL	股市 、 房市 淪為 殺戮 戰場 ，	
綑綁	LL	體制 綑綁 令 大人 無能為力 之 際 ，	
無能為力	LL	體制 綑綁 令 大人 無能為力 之 際 ，	
挺身而出	LL	大學生 、 高中職 生 挺身而出 ，	
害	LL	想 害 台灣 的 人 卻 要 注意 了 ：	
黑箱	LL	你們 再 黑箱 黑心 ，	
黑心	LL	你們 再 黑箱 黑心 ，	
傷害	LL	不要 讓 人民 受 傷害 」 。	
恐怖	LL	白色恐怖 、 戒嚴 統治 期間 ，	
傲慢	LL	從而 表現出 一 種 民主 勢力 甚至 台灣 人民 永遠 都 對 他 有所 虧欠 的 傲慢 。	
併吞	LL	且 與 意圖 併吞 台灣 的 共匪 裡應外合 ，	
障眼法	LL	必須 看透 這 種 障眼法 。	
嚴厲	LL	也 嚴厲 指責 民進黨 ，	
物以類聚	LL	加上 她 所 推出 的 「 國安 顧問團 」 顯 有 物以類聚 的 特質 ，	
掌控	LL	以致 國民黨 極 可能 落入 死硬派 掌控 ，	
危害	LL	洪秀柱 指摘 「 分離 主義 」 從 安全 、 鎖國 、 經濟 、 社會 危害 台灣 ，	
嚴厲	LL	其 口氣 之 嚴厲 ，	
譴責	LL	較諸 同 一 天 在 北京 譴責 美國 高度 禮遇 民進黨 主席 蔡英文 的 中國 國台辦 發言人 馬曉光 ，	
錯誤	LL	不 向 台獨 發出 錯誤 訊號 。	
有志一同	LL	國共 兩 黨 反 「 台獨 」 有志一同 ，	
背道而馳	LL	顯 與 台灣 民意 背道而馳 。	
脫節	LL	卻 與 廣大 民意 脫節 ；	
失敗 的	LL	一如 政治 上 因 偏執 而 自 招 失敗 的 政客 通病 ，	
通病	LL	一如 政治 上 因 偏執 而 自 招 失敗 的 政客 通病 ，	
黑箱	LL	就 不至於 在 高中 黑箱 課綱 至今 仍 恣意妄為 ，	
併吞	LL	與 公然 宣稱 要 以 包括 武力 併吞 台灣 的 中國 簽訂 和平 協定 ，	
執迷不悟	LL	它 若 執迷不悟 ，	
黑箱	LL	反 黑箱 課綱 微調 ，	
玩弄	LL	執政 期間 玩弄 政商 關係 ，	
濫	LL	將 美麗 之 島 重 汙染 、 濫 開發 ，	
背離	LL	完全 背離 台灣 主體性 的 外來 政權 史觀 。	
黑箱	LL	黑箱 課綱 微調 ，	
被迫	LL	年輕 世代 被迫 集體 反抗 ，	
黑箱	LL	到 高中職 生 為主 的 反 黑箱 課綱 微調 ，	
淪為	LL	卻 要 終身 淪為 那些 老人 的 黨國 奴隸 ，	
奴隸	LL	卻 要 終身 淪為 那些 老人 的 黨國 奴隸 ，	
反擊	LL	堪稱 老人 的 「 反擊 」 。	
陳腔濫調	LL	通 篇 只 見 「 提升 國際 能見度 」 、 「 融入 區域 經濟 整合 」 、 「 增進 跨國 商機 」 、 「 增加 兩岸 合作 方案 」 之類 陳腔濫調 ，	
打壓	LL	是 中國 從未 鬆手 的 國際 打壓 。	
對付	LL	是 中國 對付 台灣 的 現在 進行式 。	
陷阱	LL	須 趁 中國 落入 中等 收入 的 陷阱 ，	
困境	LL	台灣 的 外交 困境 ，	
恐嚇	LL	來日 卻 可以 做為 恐嚇 新 政權 的 工具 ，	
危機	LL	邦交國 大量 斷交 的 可能 危機 ，	
黑箱	LL	高中職 生 的 反 黑箱 課綱 ，	
黑箱	LL	社論 》 我們 站 在 反 黑箱 課綱 學生 這邊	
黑箱	LL	儘管 眾多 中學生 堅決 反對 黑箱 課綱 ，	
黑箱	LL	它 黑箱 作業 ，	
一意孤行 ，	LL	仍 一意孤行 ，	
詬病	LL	尤 遭 詬病 。	
黑箱	LL	教育部 卻 黑箱 作業 ，	
圖謀	LL	既 以 「 中國化 」 為 圖謀 ，	
蠻幹	LL	教育部 仍 一味 蠻幹 。	
黑箱	LL	要求 「 捍衛 教育 尊嚴 、 退回 黑箱 課綱 」 ；	
黑箱	LL	清楚 思辨 且 凝聚 反 黑箱 課綱 各 項 議題 。	
執迷不悟	LL	顯然 執迷不悟 。	
灰頭土臉	LL	最終 搞 到 灰頭土臉 。	
黑箱	LL	今天 學生 要求 撤回 黑箱 課綱 期限 將屆 ，	
黑箱	LL	用 不 正義 程序 、 毫無 專業 素養 、 黑箱 作業 ，	
恐嚇	LL	中國 官員 一再 恐嚇 ：	
唾棄	LL	遭到 民意 唾棄 ，	
黑箱	LL	黑箱 服 貿 終於 導致 太陽 花 學運 佔領 立法院 議場 ，	
黑箱	LL	黑箱 課綱 終於 導致 高中職 生 群起 反 洗腦 ，	
無能	LL	治國 無能 ，	
反擊	LL	又 對 台灣 人民 痛快 「 反擊 」 ，	
四面 埋伏	LL	才能 「 反擊 」 聯共制台 的 四面 埋伏 。	
反擊	LL	才能 「 反擊 」 聯共制台 的 四面 埋伏 。	
黑箱	LL	阻擋 了 黑箱 服貿 協議 ，	
黑箱	LL	反 黑箱 課綱 的 高中職生 ，	
剝奪	LL	卻 隨著 成長 逐漸 被 剝奪 。	
危機	LL	對 此 內部 危機 視若無睹 ，	
視若無睹	LL	對 此 內部 危機 視若無睹 ，	
黑箱	LL	黑箱 為之 ；	
黑箱	LL	洗腦 「 民主 之 子 」 的 黑箱 課綱 ，	
洗腦	LL	洗腦 「 民主 之 子 」 的 黑箱 課綱 ，	
一意孤行 ，	LL	仍 一意孤行 ，	
黑箱	LL	黑箱 為之 。	
可笑	LL	真是 可笑 ，	
黑箱	LL	反 黑箱 服貿 、 反 黑箱 課綱 ，	
慢半拍	LL	政黨 勢力 慢半拍 ，	
抹黑	LL	刻意 抹黑 ，	
霸凌	LL	完全 霸凌 人民 意志 ，	
打壓	LL	打壓 十八 歲 公民權 是 沒有用 的 ，	
崩盤	LL	類似 九 合一 選舉 崩盤 ，	
黑箱	LL	卻 被 三○ 人 、 數百人 或 數十萬 人 以 『 不 民主 』 、 『 黑箱 』 為由 ，	
癱瘓	LL	是 不 是 可以 拿來 癱瘓 二○一六 選出 的 民選 政府 ？	
癱瘓	LL	那麼 現在 所有 用來 癱瘓 二○一二 民選 政府 的 理由 ，	
嚴重	LL	警察 濫權 並 不 是 那麼 嚴重 的 事 ，	
暴力	LL	有 權 者 總 希望 無 權 者 不要 計較 其 為 意志 貫徹 所 施加 的 暴力 。	
可笑	LL	真是 可笑 ，	
遍 地 開花	LL	引起 公民 之 怒 遍 地 開花 ，	
黑箱	LL	黑箱 服貿 協議 ，	
黑箱	LL	黑箱 課綱 微調 ，	
恐怖	LL	從 二二八 屠殺 、 白色恐怖 以來 ，	
覺醒	LL	九 合一 選舉 「 暴民 」 普遍 覺醒 了 ，	
反擊	LL	處心積慮 要 反擊 人民 的 「 暴政 集團 」 ，	
恐怖	LL	二○一六 恐怕 要 面對 更 恐怖 的 「 選票 大 暴動 」 了 。	
謊言	LL	「 大概 是 現代 世界 持續 時間 最 久 、 輿論 力量 捲入 最多 的 一 個 謊言 」 。	
謊言	LL	現代 世界 持續 時間 最 久 、 輿論 力量 捲入 最多 的 一 個 謊言 ，	
併吞	LL	中國 併吞 西藏 所 需 付出 的 代價 ，	
矛盾	LL	將 西藏 的 矛盾 推到 新 的 高點 ，	
謊言	LL	中國 舉世 矚目 的 「 謊言 」 ，	
譴責	LL	聲援 西藏 、 譴責 中國 ，	
謊言	LL	這些 聲明 「 馬上 」 證明 也 是 「 謊言 」 。	
專制	LL	必須 臣服 於 中國 專制 政權 。	
謊言	LL	但 那 個 假動作 也 證明 是 個 「 謊言 」 。	
霸凌	LL	馬英九 也 是 打 著 人權 公約 霸凌 民主 自由 人權 。	
開門揖盜	LL	竟 成 開門揖盜 的 「 聯共制台 」 。	
謊言	LL	馬英九 的 「 謊言 」 終於 被 拆穿 了 ，	
無能	LL	治國 無能 、 藍 綠 共憤 ，	
共憤	LL	治國 無能 、 藍 綠 共憤 ，	
謊言	LL	不約而同 拆穿 「 中華民國頌 」 的 「 謊言 」 ，	
危機	LL	這 是 外來 黨國 的 危機 ，	
威脅	LL	除了 對 台 武力 威脅 逐年 上升 ，	
嚴重	LL	正 是 「 台灣 關係法 」 所 嚴重 關切 。	
唾棄	LL	被 民意 唾棄 的 馬英九 ，	
置若罔聞	LL	對 多數 民意 置若罔聞 ，	
被迫	LL	「 被迫 參選 」 者 笑罵 由 人 ，	
謊言	LL	六三三成 為 謊言 的 專有名詞 。	
撐腰	LL	二 是 老共 撐腰 ，	
謊言	LL	乘 著 馬英九 的 世紀 謊言 重 回 執政 。	
危機	LL	恐怕 才 是 台灣 正常化 的 最 大 危機 吧 ？	
困境	LL	如何 掙脫 二○○○年 至今 的 民主 困境 ，	
置若罔聞	LL	主流 民意 置若罔聞 ，	
恐怖	LL	難道 還 不 足以 警惕 兩 黨 「 壟斷性 競爭 」 的 恐怖 ？	
黑箱	LL	社論 》 中國 證實 國共 藉 兩岸 黑箱 牟私	
牟私	LL	社論 》 中國 證實 國共 藉 兩岸 黑箱 牟私	
黑箱	LL	兩岸 政商 以 黑箱 作業 牟取 少數 特定人 的 利益 ；	
嚴厲	LL	經 此 嚴厲 的 監督 ，	
一針見血	LL	一針見血 ，	
諷刺	LL	這 是 一 大 諷刺 。	
黑箱	LL	以 此 來 摒棄 黑箱 決定 、 暗室 作業 、 圖利 權貴 的 既有 國共 關係 。	
摒棄	LL	以 此 來 摒棄 黑箱 決定 、 暗室 作業 、 圖利 權貴 的 既有 國共 關係 。	
暗室 作業	LL	以 此 來 摒棄 黑箱 決定 、 暗室 作業 、 圖利 權貴 的 既有 國共 關係 。	
圖利	LL	以 此 來 摒棄 黑箱 決定 、 暗室 作業 、 圖利 權貴 的 既有 國共 關係 。	
嚴峻	LL	台灣 未來 的 新 政府 恐怕 將 面臨 兩岸 環境 丕變 所 帶來 的 嚴峻 挑戰 ，	
大肆	LL	大肆 吹擂 政績 ，	
威脅	LL	安峰山 不但 宣稱 「 炒作 所謂 大陸 對 台 軍事 威脅 ，	
衝突	LL	而 共軍 能 在 爆發 衝突 時 ，	
對付	LL	中國 對付 台灣 採取 「 溫水 煮 青蛙 」 策略 ，	
提供 柴火 	LL	就是 為 中國 向 台灣 社會 提供 柴火 、 增添 溫水 的 幫凶 。	
增添 溫水	LL	就是 為 中國 向 台灣 社會 提供 柴火 、 增添 溫水 的 幫凶 。	
打壓	LL	他們 看到 中國 在 國際 間 不斷 打壓 台灣 ，	
恐嚇	LL	對 台灣 常 出言 恐嚇 ，	
低迷	LL	反映 在 它 因 不得 民心 而 極度 低迷 的 人氣 。	
可笑	LL	真是 可笑 的 鬧劇 一 場 。	
鬧劇	LL	真是 可笑 的 鬧劇 一 場 。	
致命	LL	國民黨 的 致命 要害 ，	
危害	LL	怎能 不 危害 台灣 ，	
背離	LL	國民黨 執意 背離 民意 ，	
黑箱	LL	反 黑箱 課綱 ，	
黑箱	LL	反 黑箱 服 貿 ，	
黑箱	LL	反 黑箱 課綱 ，	
黑箱	LL	社論 》 終結 黑箱 治國 清理 民主 廢墟	
不顧	LL	不顧 民意 ，	
黑箱	LL	七 年 多 來 「 黑箱 治國 」 成為 常態 。	
黑箱	LL	立法院長 不 配合 儘速 通過 黑箱 服 貿 ，	
濫用	LL	加緊 濫用 權力 ，	
黑箱	LL	將 「 黑箱 治國 」 發揮 到 淋漓盡致 。	
黑箱	LL	堪稱 台灣 最 大 的 黑箱 。	
賣台	LL	嘴巴 說 絕不 會 「 賣台 」 ，	
揭露	LL	不 是 在 本報 獨家 揭露 之後 ，	
併吞	LL	以及 意圖 併吞 台灣 的 習近平 ，	
黑箱	LL	如果 這 不 叫 黑箱 ，	
黑箱	LL	怎樣 才 叫 黑箱 ？	
黑箱	LL	「 馬式 獨裁 」 還 有 多少 黑箱 正在 進行 ？	
黑箱	LL	還 有 多少 黑箱 未 被 揭露 ？	
黑箱	LL	包藏 多少 禍國殃民 的 黑箱 ，	
禍國殃民	LL	包藏 多少 禍國殃民 的 黑箱 ，	
黑箱	LL	依 「 黑箱 治國 」 的 操作 ，	
操作	LL	依 「 黑箱 治國 」 的 操作 ，	
傷害	LL	豈非 二 度 傷害 民主 ？	
嚴重	LL	所 承接 的 都 是 馬英九 所 留下 的 爛攤子 ︰ 一 個 陷入 嚴重 困境 的 台灣 ，	
爛攤子	LL	所 承接 的 都 是 馬英九 所 留下 的 爛攤子 ︰ 一 個 陷入 嚴重 困境 的 台灣 ，	
困境	LL	所 承接 的 都 是 馬英九 所 留下 的 爛攤子 ︰ 一 個 陷入 嚴重 困境 的 台灣 ，	
嚴厲	LL	正 因 國家 社會 面臨 如此 嚴厲 挑戰 ，	
可笑	LL	可笑 的 是 ，	
打壓	LL	同樣 只有 中國 在 國際 外交 打壓 台灣 ，	
封殺	LL	中國 不但 在 國際 組織 封殺 台灣 加入 ，	
打壓	LL	中國 的 打壓 ，	
嚴重	LL	他們 都 犯 了 嚴重 的 斯德哥爾摩 症候群 ︰ 犯罪 的 被害 者 對於 加害 者 產生 情感 ，	
門戶 洞開	LL	須 再 往 門戶 洞開 的 方向 推進 。	
障礙	LL	最 大 障礙 就是 中國 阻撓 。	
卑躬屈膝	LL	馬 政府 對 中國 卑躬屈膝 ，	
最 爛	LL	則 遭 自己人 評為 史 上 最 爛 ，	
淪為	LL	朱立倫 上任 之初 的 改革 淪為 口號 ，	
口號	LL	朱立倫 上任 之初 的 改革 淪為 口號 ，	
操作	LL	政治 操作 過度 權謀 ，	
權謀	LL	政治 操作 過度 權謀 ，	
致命	LL	更 致命 的 是 馬英九 執政 失敗 ，	
失敗	LL	更 致命 的 是 馬英九 執政 失敗 ，	
黑箱	LL	他 甚至 把 黑箱 馬習 會 引起 國內 輿論 批評 聲浪 ，	
不顧	LL	其實 只是 馬英九 、 朱立倫 「 只 顧 一 中 、 不顧 台灣 」 的 顯性 版本 ，	
黑箱	LL	馬英九 的 「 黑箱 政治 」 ，	
不屑一顧	LL	以致 對 台灣 民意 不屑一顧 ？	
衝擊	LL	受 衝擊 的 只是 獨享 黨國 體制 利益 的 少數 權貴 ，	
淪為	LL	以致 淪為 橡皮 圖章 。	
一意孤行 ，	LL	即使 執政 者 一意孤行 ，	
失靈	LL	以 「 太陽 花 」 運動 對 立院 審議 「 服 貿協 議 」 所 凸顯 的 代議 政治 失靈 強力 反應 ，	
寶貴 的	LL	亟應 掌握 寶貴 的 「 憲改 時刻 」 ，	
封殺	LL	當初 封殺 憲改案 的 政黨 主席 重提 憲改案 ，	
最 爛	LL	不 分區 名單 被 黨 內 批評為 史 上 最 爛 ，	
左右	LL	老共 卻 以 各 種 手法 左右 民意 ，	
輕忽	LL	不可 輕忽 。	
淪為	LL	久而久之 民主 也 就 淪為 裝飾品 ，	
淪為	LL	無法 改變 台灣 淪為 中國 「 屬地 」 的 本質 ，	
傷害	LL	德國 人民 也 受到 嚴重 傷害 。	
恐嚇	LL	這 根本 就是 意在 弦 外 的 恐嚇 ，	
威脅	LL	以 看 不 見 的 恐怖 來 威脅 台灣 人民 ，	
錯誤	LL	二○○八 、 二○一二年 台灣 人民 的確 做出 錯誤 的 判斷 ，	
謊言	LL	誤信 那些 向 台灣 靠攏 的 謊言 ，	
失 能	LL	遂 令 「 中華 台北隊 」 搞 得 台灣 民主 失 能 、 政府 失靈 、 經濟 失血 、 人民 失業 。	
失靈	LL	遂 令 「 中華 台北隊 」 搞 得 台灣 民主 失 能 、 政府 失靈 、 經濟 失血 、 人民 失業 。	
遍 地 開花	LL	公民 意識 遍 地 開花 了 ；	
一意孤行	LL	但 一意孤行 追求 終極 統一 ，	
困境	LL	導致 國計民生 陷入 困境 ，	
傷害	LL	傷害到 自己 的 事業 ，	
傷害	LL	更 傷害到 台灣 的 根基 。	
情何以堪 。	LL	真 叫 王如玄 情何以堪 。	
抹黑	LL	不擇手段 抹黑 所謂 的 「 宇昌案 」 ，	
衝擊	LL	此 一 明顯 意在 降低 大選 衝擊 的 決議 ，	
抹黑	LL	從 抹黑 所謂 的 「 宇昌案 」 ，	
背道而馳	LL	有 人 根本 與 民意 背道而馳 ，	
站 在 同 一 邊	LL	有 人 本質 上 與 民意 站 在 同 一 邊 ，	
若即若離	LL	但 為了 保留 權力 轉圜 空間 刻意 與 民意 若即若離 。	
反感	LL	連 所謂 的 「 鐵票 」 都 反感 ，	
放任	LL	還 放任 烏賊 戰術 搞 黑 戰場 ，	
搞 黑	LL	還 放任 烏賊 戰術 搞 黑 戰場 ，	
戰場	LL	還 放任 烏賊 戰術 搞 黑 戰場 ，	
罔顧	LL	習於 罔顧 民意 ，	
背離	LL	例如 國民黨 之 背離 民意 ，	
當頭棒喝	LL	以致 遭 民意 當頭棒喝 ；	
覺醒	LL	普遍 覺醒 的 公民 意識 ，	
落伍	LL	維持 現狀 就是 落伍 ，	
危機	LL	捱過 災難 、 苦悶 、 危機 的 二○一五年 ，	
災難	LL	捱過 災難 、 苦悶 、 危機 的 二○一五年 ，	
苦悶	LL	捱過 災難 、 苦悶 、 危機 的 二○一五年 ，	
困境	LL	新 的 一 年 可能 是 當前 困境 的 延續 ，	
凌駕	LL	已 因 黨意 永遠 凌駕 民意 ，	
失靈	LL	導致 代議 政治 嚴重 失靈 。	
危機	LL	都 出現 極 大 的 瓶頸 、 困境 或 危機 。	
瓶頸	LL	都 出現 極 大 的 瓶頸 、 困境 或 危機 。	
困境	LL	都 出現 極 大 的 瓶頸 、 困境 或 危機 。	
嚴重	LL	民生 經濟 的 問題 最 嚴重 ，	
嚴重	LL	而是 台灣 從 產業 競爭力 到 經濟 發展 模式 已 出現 嚴重 偏差 與 問題 。	
衝擊	LL	但 中國 因素 對 台灣 經濟 的 衝擊 ，	
嚴重	LL	以致 投資 、 創新 、 上進 、 升級 嚴重 不足 ，	
向 中國 靠攏	LL	一切 向 中國 靠攏 。	
粗暴	LL	但 以 手法 粗暴 醜陋 ，	
醜陋	LL	但 以 手法 粗暴 醜陋 ，	
罔顧	LL	罔顧 基本 溝通 及 程序 正義 ，	
被迫	LL	被迫 中止 。	
困境	LL	台灣 延續 當前 困境 ，	
謊言	LL	顯示 馬英九 的 世紀 謊言 ，	
遍 地 開花	LL	乃至 遍 地 開花 的 公民 運動 ，	
強 渡 關山	LL	肇因 於 馬 政權 想 把 黑箱 服 貿 協議 強 渡 關山 。	
危害	LL	危害 台灣 一言難盡 ，	
向 中國 傾斜	LL	社論 》 拒絕 再 向 中國 傾斜	
向 中國 傾斜	LL	都 根源於 馬英九 政府 過度 向 中國 傾斜 。	
向 中國 傾斜	LL	台灣 不容 再 向 中國 傾斜 。	
無視	LL	對 馬 政府 妄圖 通過 與 中國 的 服貿 協議 且 無視 民意 及 程序 正義 ，	
正義	LL	對 馬 政府 妄圖 通過 與 中國 的 服貿 協議 且 無視 民意 及 程序 正義 ，	
一意孤行 ，	LL	執迷不悟 的 當事人 一 年 來 仍 一意孤行 ，	
執迷不悟	LL	執迷不悟 的 當事人 一 年 來 仍 一意孤行 ，	
低迷	LL	國民黨 選情 低迷 不足 惜 ，	
淪為	LL	卻 因 過度 傾中 將 淪為 「 衰退 俱樂部 」 一 員 。	
威脅	LL	卻 飽受 中國 文攻武嚇 威脅 ︰ 中國 不僅 對 台灣 部署 幾千 枚 飛彈 ，	
恐嚇	LL	它 出言 恐嚇 ，	
打壓	LL	突破 中國 對 台灣 國際 打壓 封鎖 的 努力 ，	
傷害	LL	針對 中國 傷害 台灣 的 反制 政策 作為 ，	
向 中國 傾斜	LL	全面 而 積極 推動 向 中國 傾斜 ，	
門戶 洞開	LL	只是 對 中國 門戶 洞開 ；	
傷害	LL	因此 是 台灣 人民 向 嚴重 傷害 台灣 的 傾中 政策 再一次 說 不 的 機會 。	
動盪	LL	中國 遭逢 股匯 金融 市場 動盪 ，	
向 中國 傾斜	LL	拒絕 再 向 中國 傾斜 ，	
黑箱	LL	到 反 黑箱 課綱 ，	
封殺	LL	不 也 在 「 台獨 剋星 」 出現 前 便 遭 中國 封殺 嗎 ？	
恐嚇	LL	以致 仍 被 當作 台獨 來 地 動 山搖 地 恐嚇 ；	
反感	LL	台灣 對 中國 的 反感 ，	
利用	LL	懂得 利用 老共 的 狂妄 來 牟利 ，	
狂妄	LL	懂得 利用 老共 的 狂妄 來 牟利 ，	
牟利	LL	懂得 利用 老共 的 狂妄 來 牟利 ，	
封殺	LL	一旦 「 台獨 」 這 個 「 主要 敵人 」 被 徹底 封殺 了 ，	
撤旗	LL	老共 面前 撤旗 、 老共 背後 搖旗 ，	
搖旗	LL	老共 面前 撤旗 、 老共 背後 搖旗 ，	
危機	LL	堪稱 王金平 從政 以來 的 最 大 危機 。	
灰頭土臉	LL	結果 灰頭土臉 、 自討沒趣 ，	
自討沒趣	LL	結果 灰頭土臉 、 自討沒趣 ，	
震撼	LL	除非 出 之 以 革命性 的 震撼 療法 。	
辜負	LL	如果 辜負 民意 ，	
危機	LL	台灣 將 面臨 回天乏術 的 危機 。	
回天乏術	LL	台灣 將 面臨 回天乏術 的 危機 。	
淪為	LL	憲政 制度 可能 淪為 因 人 設 事 ，	
背離	LL	加速 背離 民意 ，	
濫用	LL	如此 濫用 人民 付託 ，	
遍 地 開花	LL	公民 運動 遍 地 開花 ，	
嚴厲	LL	成為 在野 後 的 嚴厲 挑戰 。	
打壓	LL	官方 旋即 展開 打壓 異議 行動 ，	
壓制	LL	批評 官媒 「 姓黨 不 姓 人民 」 的 商人 任 志強 微博立 遭 壓制 ，	
恐怖	LL	以及 「 反 恐怖 主義法 」 、 「 網路 安全法 」 、 「 境 外 非 政府 組織 管理法 」 等 草案 引發 國際 社會 的 人權 關切 ，	
專制	LL	在在 顯現 習 政權 的 專制 程度 深化 。	
嚴厲	LL	是 對 中共 政權 的 嚴厲 警示 。	
動盪	LL	金融 動盪 ，	
動盪	LL	開年 即 遇 金融 動盪 襲擊 ，	
襲擊	LL	開年 即 遇 金融 動盪 襲擊 ，	
硬	LL	經濟 能否 免於 硬 著陸 就是 極 大 難題 。	
併吞	LL	它 併吞 台灣 的 野心 毫不 掩飾 ，	
恐嚇	LL	台灣 人民 無懼 習近平 及 台灣 政媒 聯手 恐嚇 ，	
醜陋	LL	國民黨 上 屆 立委 在 此 法案 的 「 半 分 忠 」 醜陋 演出 ，	
演出	LL	國民黨 上 屆 立委 在 此 法案 的 「 半 分 忠 」 醜陋 演出 ，	
淪為	LL	監督 條例 不容 淪為 「 不 監督 條例 」 。	
卑躬屈膝	LL	馬 政府 及 國民黨 掌控 的 國會 對 中國 卑躬屈膝 ，	
傷害	LL	不只 嚴重 傷害 台灣 ，	
併吞	LL	必 可 有力 地 因應 中國 併吞 攻勢 。	
失靈	LL	失靈 的 代議 政治 為 改革 首要 目標 。	
傷害	LL	卻 傷害 以 年輕 世代 為主 的 普羅 大眾 。	
打壓	LL	加上 中國 在 國際 間 打壓 台灣 從不 手軟 ，	
失靈	LL	太陽花 也 凸顯 年輕 世代 從 代議 政治 失靈 切入 ，	
輸掉	LL	今年 初 進一步 輸掉 總統 及 國會 多數 席次 ，	
清新	LL	加上 進入 國會 的 時代 力量 為 政壇 注入 清新 活力 ，	
專制	LL	常 把 面對 專制 中國 的 港 台 處境 對照 警惕 。	
無能	LL	「 美國 也 無能為力 」 云云 。	
變 不 出新 把戲	LL	顯見 它 變 不 出新 把戲 。	
恐嚇	LL	中國 不但 出言 恐嚇 ，	
有志一同	LL	加上 中國 國民黨 有志一同 ，	
威脅	LL	威脅 台灣 選民 ，	
失靈	LL	早已 失靈 ，	
恐嚇	LL	不但 對 台灣 恐嚇 不斷 ，	
虛假	LL	也 暴露 馬英九 「 活路 外交 」 的 虛假 與 自欺欺人 。	
自欺欺人	LL	也 暴露 馬英九 「 活路 外交 」 的 虛假 與 自欺欺人 。	
背離	LL	中國 背離 台灣 民意 ，	
專制	LL	中共 的 威權 專制 特質 ，	
聽信	LL	自己 也 因 聽信 政媒 讕言 而 與 台灣 民意 對立 。	
打壓	LL	加上 它 在 國際 社會 打壓 台灣 毫不 手軟 ，	
傷害	LL	嚴重 傷害 台灣 人民 感情 ，	
反感	LL	對 它 越 反感 ；	
反感	LL	招致 台灣 人民 相當 反感 。	
威脅	LL	和平 的 威脅 一向 不 是 來自 台灣 ，	
障礙	LL	雙方 關係 的 障礙 也 一直 不 在 與人為善 的 我國 。	
威脅	LL	是 台灣 長久以來 既存 的 外部 威脅 ，	
矛盾	LL	如何 在 這 兩 個 矛盾 點中 整理出 最 適 的 生存 發展 之 道 ，	
教訓	LL	必須 記取 這 眼前 的 教訓 ，	
肆意	LL	社會 上 經過 這些 年 政治 權力 者 的 肆意 妄為 ，	
衝擊	LL	經由 衝擊 旅遊業 ，	
對付	LL	做為 對付 台灣 的 政治 籌碼 ，	
恐嚇	LL	從 今年 初 大選 前 恐嚇 ，	
併吞	LL	在 中國 併吞 台灣 的 圖謀 中 ，	
圖謀	LL	在 中國 併吞 台灣 的 圖謀 中 ，	
對付	LL	經由 觀光客 人數 增減 來 對付 台灣 ，	
門戶 洞開	LL	促成 進一步 對 中國 門戶 洞開 或 政經 讓步 ，	
「 以 商 逼 政 」	LL	這 種 「 以 商 逼 政 」 、 「 以 民 逼 官 」 的 統戰 手法 ，	
「 以 民 逼 官 」	LL	這 種 「 以 商 逼 政 」 、 「 以 民 逼 官 」 的 統戰 手法 ，	
憂慮	LL	一如 開放 中國客 之前 各 方 所 憂慮 ，	
激勵	LL	對 台灣 整體 反 有 警惕 及 激勵 作用 。	
對付	LL	中國 連 觀光客 都 拿來 當 對付 台灣 的 工具 ，	
圖謀	LL	再度 突出 它 對 台灣 不變 的 圖謀 ，	
要脅	LL	新 政府 也 絕不 能 接受 中國 的 要脅 。	
困境	LL	有如 製造 等 產業 大量 西進 讓 台灣 經濟 社會 陷入 如今 困境 ，	
民怨	LL	民怨 四起 ，	
破產	LL	再 看 八 年 來 失業率 居高不下 、 實質 薪資 不 增 、 房價 高漲 、 年金 瀕臨 破產 等 困境 ，	
向 中國 傾斜	LL	馬 政府 八 年 來 施政 全面 向 中國 傾斜 ，	
伎倆	LL	已 一再 明白 拒絕 這些 伎倆 ，	
杯葛	LL	指揮 黨籍 立委 全力 杯葛 扁 政府 ，	
反感	LL	引起 社會 頗 大 反感 ，	
淪為	LL	終而 光環 盡失 淪為 九 趴 總統 ，	
一塌糊塗	LL	卻 把 台灣 的 民主 、 主權 、 安全 、 民生 搞 得 一塌糊塗 。	
淪為	LL	阿帕契 直升機 淪為 社交 工具 ，	
無能	LL	在在 暴露出 三軍 統帥 的 治軍 無能 。	
無能	LL	馬英九 依舊 不 服氣 「 無能 」 二 字 ，	
嚴重	LL	而 這 個 招牌 已 因 林益世 、 賴素 如 嚴重 掉漆 了 。	
破產	LL	年金 制度 面臨 破產 。	
無能	LL	施政 無能 導致 國家 建設 亂無 章法 ，	
亂無 章法	LL	施政 無能 導致 國家 建設 亂無 章法 ，	
向 中國 傾斜	LL	政府 政策 全面 向 中國 傾斜 ，	
卑躬屈膝	LL	主政 者 寧 對 中國 卑躬屈膝 ，	
沾沾自喜	LL	所 換來 的 台海 和緩 表象 當局 沾沾自喜 ，	
陷阱	LL	台灣 乃 被 推向 中國 預設 陷阱 。	
困境	LL	台灣 當前 經濟 困境 ，	
惡果	LL	這 一 惡果 ，	
輕忽	LL	輕忽 耕耘 自己 家園 的 台灣 玫瑰 ，	
反感	LL	極 令 人民 反感 ；	
淪為	LL	高票 當選 也 會 淪為 「 九 趴 總統 」 ，	
反感	LL	得利於 選民 對 馬英九 和 國民黨 施政 的 失望 及 反感 ，	
失望	LL	得利於 選民 對 馬英九 和 國民黨 施政 的 失望 及 反感 ，	
危機	LL	一旦 有 個 危機 處理 不當 ，	
衝突	LL	愈 是 利益 、 價值 衝突 的 議題 ，	
淪為	LL	否則 淪為 意氣 之 爭 ，	
強 渡 關山	LL	又 以 強 渡 關山 的 手段 硬幹 ，	
矛盾	LL	更 不利 於 理性 解開 矛盾 ，	
淪為	LL	淪為 失落 的 島嶼 ，	
黑箱	LL	包括 ︰ 撤回 對 太陽 花 學運 被告 的 刑事 告訴 、 廢止 黑箱 課綱 、 花東 端午節 火車票 試辦 實名制 、 成立 台 日 海洋 事務 對話 機制 、 恢復 勞工 七 天 國定 假日 、 禁止 國家 公園 內 採礦 、 推動 百億 元 太	
恐嚇	LL	出言 恐嚇 ，	
硬	LL	硬 要 把 虛假 的 「 九二 共識 」 塞進 新 總統 就職 演說稿 中 。	
向 中國 傾斜	LL	馬 政府 向 中國 傾斜 八 年 ，	
傷害	LL	世衛大 會 更 顯示 國家 尊嚴 飽受 傷害 ；	
併吞	LL	拒絕 併吞 脅迫 理所當然 ，	
杯葛	LL	連 軍 購 案 都 杯葛 到底 。	
黑箱	LL	太陽 花 學運 、 反 黑箱 課綱 從 何 而 來 ？	
威脅	LL	向 中國 的 飛彈 威脅 展現 眾志成城 ？	
危機	LL	儘管 遭逢 ＳＡＲＳ 和 網路 泡沫 危機 ，	
危機	LL	受到 全球 金融 海嘯 、 歐債 危機 影響 ，	
錯誤	LL	把 做對 的 事 也 當作 是 錯誤 。	
混亂	LL	陸空 交通 混亂 ，	
民怨	LL	很 可能 瞬間 引爆 民怨 ，	
衝擊	LL	從 外交 、 ＴＰＰ 到 輔導 國內 豬農 因應 衝擊 、 產業 升級 ，	
撐腰	LL	沒有 政績 撐腰 卻 整肅 國會 議長 ，	
淪為	LL	因 救援 延遲 政府 淪為 眾矢之的 ，	
眾矢之的	LL	因 救援 延遲 政府 淪為 眾矢之的 ，	
危機	LL	而 不僅 是 突發性 危機 可能 導致 輿論 翻轉 ，	
民怨	LL	長期 漠視 民意 也 是 民怨 發酵 的 大 悶 鍋 。	
漠視	LL	長期 漠視 民意 也 是 民怨 發酵 的 大 悶 鍋 。	
黑箱	LL	二○一五年 的 反 黑箱 課綱 ，	
食髓知味	LL	食髓知味 繼續 施壓 且 加大 分化 該 黨 的 內部 矛盾 ，	
激勵	LL	受到 台灣 認同 激勵 ，	
諷刺	LL	豈不 諷刺 至極 ？	
矛盾	LL	而 美 日 與 中國 在 南海 與 東海 的 戰略 矛盾 ，	
欺騙	LL	絕非 對 內 欺騙 。	
諷刺	LL	諷刺 的 是 ，	
諷刺	LL	更 諷刺 的 是 ，	
不當	LL	處置 不當 黨產 ，	
不當	LL	不當 黨產 處理 條例 違法 違憲 ，	
致命傷	LL	年紀 也 未必 是 致命傷 。	
淪為	LL	他 自己 不惜 淪為 「 一中 」 馬前卒 ，	
失敗 的	LL	正在 延續 失敗 的 總路線 ，	
清新	LL	迎向 社會 主流 展現 清新 氣象 ，	
嚴峻	LL	或者 他們 眼前 的 其他 挑戰 更為 嚴峻 ，	
衝突	LL	經常 可見 文明 衝突 ，	
封殺	LL	全 都 傳出 「 被 封殺 」 ，	
濫情	LL	轉型 正義 濫情 道歉 許多 原住民 還 不 領情 。	
不當	LL	追討 不當 黨產 已經 立法 ，	
民怨	LL	假使 新政府 眼高手低 民怨 免不了 。	
不當	LL	顧立雄 出掌 不當 黨產 處理 委員會 ，	
恐怖	LL	銅鑼灣 書店 事件 的 紅色 恐怖 ，	
覺醒	LL	只要 愈來愈 多 港人 覺醒 也 非 無可 作為 ，	
反感	LL	表達 對 港府 與 親 北京 的 建制派 議員 的 反感 。	
打壓	LL	但 北京 愈 打壓 民主 ，	
啟發	LL	受到 台灣 太陽 花 運動 的 啟發 。	
有志一同	LL	兩 個 黨國 有志一同 ，	
打壓	LL	儘管 遭到 北京 打壓 ，	
硬	LL	沒有 發生 後來 馬英九 執政 硬凹 九二 共識 ，	
衝擊	LL	聯合國 二七五八 號 決議 衝擊 之下 ，	
嚴重	LL	政治 上 的 象徵 符號 與 客觀 上 的 實務 操作 嚴重 脫節 。	
伎倆	LL	都 可 看出 是 企圖 從 內部 分化 台灣 的 統戰 伎倆 。	
惡評	LL	連日 社會 惡評 不斷 ，	
粗糙	LL	也 凸顯 中國 統戰 手法 粗糙 ，	
有志一同	LL	還 真 紅 、 藍 有志一同 ，	
卑躬屈膝	LL	過去 八 年 中國 為 獎勵 馬 政府 對 其 卑躬屈膝 ，	
對付	LL	中國 對付 台灣 ，	
陷阱	LL	「 藍八奴 」 案 是 中國 逼迫 台灣 接受 「 九二 共識 」 的 「 一 個 中國 」 陷阱 一 環 ，	
陷阱	LL	企圖 把 台灣 框入 「 一中 」 陷阱 ，	
困境	LL	是 台灣 陷入 近年 政經 困境 的 源頭 。	
軟土 深 掘	LL	軟土 深 掘 ，	
當頭棒喝	LL	只有 對 投 共 賣 台 者 當頭棒喝 ，	
毀滅	LL	搞不好 弄巧成拙 反而 撕裂 、 毀滅 了 國民黨 ！	
杯葛	LL	都 遭到 馬英九 指揮 立院 黨團 杯葛 到底 ，	
強 渡 關山	LL	最後 連 服貿 協議 、 黑箱 課綱 也 差點 強 渡 關山 。	
危機	LL	至於 兩岸 僵局 重點 在於 危機 控管 ，	
玩弄	LL	北京 玩弄 「 不 承認 九二 共識 便是 製造 麻煩 」 戲法 ，	
反擊	LL	遂 召開 記者會 反擊 中國 大使館 求 功 心切 ，	
背離	LL	「 所作所為 背離 了 國家 統一 的 大 方向 ，	
傷害	LL	對 兩岸 政治 關係 造成 了 大 傷害 」 。	
沾沾自喜	LL	馬英九 常 沾沾自喜 ，	
有志一同	LL	國 共 目前 有志一同 都 不再 懸念 。	
打壓	LL	馬來西亞 打壓 馬英九 事件 ，	
剝奪	LL	剝奪 少數 人 表達 意見 權利 的 缺憾 。	
錯誤	LL	政府 團隊 對 現代 社會 溝通 的 認知 和 觀念 錯誤 ，	
放任	LL	不然 就是 放任 對 立方 毫無 交集 的 相互 謾罵 。	
淪為	LL	所謂 的 民主 程序 淪為 躲避 負責 ，	
併吞	LL	反對 中國 併吞 台灣 ；	
威脅	LL	都 是 北京 在 不斷 加強 對 台 武力 威脅 的 同時 ，	
諷刺	LL	諷刺 的 是 ，	
矛盾	LL	偏右 綠 、 偏 左 綠 之間 的 心結 、 矛盾 難免 滋生 。	
高高在上	LL	反觀 黨國 高高在上 暮氣沉沉 ，	
一意孤行 ，	LL	但 國民黨 主事 者 卻 一意孤行 ，	
嚴重	LL	最 嚴重 的 是 ，	
風險	LL	不能 冒 風險 於 一 個 本土 政黨 與 一 個 外來 政黨 之間 的 輪替 。	
淪為	LL	本身 也 時 左 時 右 的 完全 執政 者 淪為 眾矢之的 ，	
一意孤行	LL	一意孤行 決定 油電雙漲 ，	
黑箱	LL	油電雙漲 以及 黑箱 服 貿 ，	
民怨	LL	一般 自認為 引起 民怨 的 政策 咎 在 更 高層 。	
險境 ，	LL	徒然 揚起 塵土 從而 自 陷 險境 ，	
併吞	LL	證明 利用 外來 政黨 併吞 台灣 的 路 走 不 通 。	
風險	LL	它 的 曖昧性 存有 不 小 風險 。	
恐嚇	LL	當年 自己 挺 扁 遭 人 恐嚇 「 殺光 他們 一家人 」 ，	
威脅	LL	而 威脅 他 的 人 就是 現任 海基會 董事長 田弘茂 。	
恐嚇	LL	雖然 當事人 聲明 「 當時 絕無 言語 恐嚇 的 事情 」 ，	
淪為	LL	民進黨 主導 的 國會 則 淪為 跑龍套 。	
諷刺	LL	不啻 是 馬英九 「 溫良 恭儉 讓 」 包裝 的 莫大 諷刺 。	
衝突	LL	現實 的 權力 衝突 ，	
可笑	LL	可笑 的 是 ，	
一意孤行 ，	LL	被 這 個人 拿來 一 人 獨裁 一意孤行 ，	
罔顧	LL	罔顧 台灣 平民 百姓 的 生活 福祉 與 選擇 自由 。	
失敗 的	LL	整體 走向 還是 朝 證明 失敗 的 總路線 滑行 ，	
破產	LL	不顧 國家 破產 ，	
恐怖	LL	他們 未曾 真正 同情 從 二二八 到 白色恐怖 的 受害 者 ，	
淪為	LL	往往 就 會 淪為 眾矢之的 。	
障礙	LL	時代 的 明顯 差異 經常 造成 對話 的 障礙 。	
衝擊	LL	嚴重 衝擊 台灣 的 成長 所得 ，	
圖謀	LL	迎向 北京 圖謀 台灣 的 政治 目標 ，	
黑 箱	LL	杯葛 國共黑 箱 服貿 協議 。	
暴力	LL	遭 暴力 相 向 。	
暴力	LL	閣揆 林 全 除了 譴責 暴力 行為 ，	
不當	LL	這 當然 是 「 番薯 簽 比 魚翅 」 之類 的 不當 比擬 。	
挺身而出	LL	學生 及 公民 團體 因 服貿 諸多 問題 挺身而出 。	
危機	LL	十五 年 內 將 陸續 面臨 破產 危機 ，	
暴力	LL	不 訴諸 暴力 ，	
暴力	LL	反 改革 者 卻 已 脫序 暴力 舉止 盡出 ，	
反感	LL	激發 公眾 反感 ，	
黑箱	LL	更 有利於 國共 黑箱 促統 ，	
黑箱	LL	反對 國共 黑箱 服 貿 協議 ，	
衝擊	LL	中 巴 建交 事件 對 台灣 的 衝擊 ，	
衝擊	LL	「 衝擊 了 兩岸 穩定 的 現狀 」 、 「 政府 將 重新 評估 兩岸 情勢 」 ，	
專制	LL	這 也 是 民主 台灣 抗衡 專制 中國 ，	
錯誤	LL	也 令 人 不無 擔心 對 北京 發出 錯誤 的 訊息 。	
霸凌	LL	中國 可能 得 出 「 霸凌 有效 」 的 結論 ，	
遍 地 開花	LL	孰知 太陽 花 遍 地 開花 ，	
危機	LL	這 才 是 台灣 最 可怕 的 危機 ！	
霸凌	LL	台灣 愈 是 被 中國 霸凌 ，	
專制	LL	反而 隨著 專制 中國 起舞 ，	
遍 地 開花	LL	太陽花 運動 所以 能 遍 地 開花 ，	
專制	LL	以及 民主 與 專制 的 撞擊 ，	
挺身而出	LL	挺身而出 捍衛 自家 與 國家 。	
對付	LL	是 用來 對付 小英 政府 的 統戰 對象 。	
背離	LL	「 馬英九 的 所作所為 背離 了 國家 統一 的 大 方向 」 ，	
硬	LL	習近平 對 台 硬 的 更 硬 ，	
困境	LL	國民黨 便 陷入 進退維谷 的 困境 ，	
變 不 出新 把戲	LL	社論 》 「 一 代 一 線 」 仍然 變 不 出新 把戲 ！	
衝突	LL	顯然 在 採取 衝突 邊緣 策略 。	
困境	LL	年輕人 更 面臨 工作 上 的 困境 。	
反感	LL	年輕人 對 中國 的 強烈 反感 ，	
打壓	LL	打壓 動作 層層 升高 ，	
困境	LL	意圖 加劇 台灣 的 經濟 困境 ，	
困境	LL	甚至 中國 是 台灣 經濟 困境 的 解藥 。	
專制	LL	中國 是 專制 政權 ，	
矛盾	LL	但 內部 矛盾 ，	
民怨	LL	受害 民怨 在 太陽 花 運動 一 次 總 爆發 。	
困境	LL	這 是 擺 在 大家 眼前 的 「 吳敦義 困境 」 。	
混亂	LL	當前 的 台灣 處於 一 個 混亂 的 年代 ，	
混亂	LL	台灣 在 失序 混亂 中 展現 強韌 的 生命力 。	
恐怖	LL	它 已經 是 恐怖 行動 的 層次 ，	
威脅	LL	凸顯 中國 對 台灣 的 威脅 已經 由 外部 延伸到 內部 ，	
惡果	LL	即已 種下 惡果 ，	
淪為	LL	卻 也 淪為 兩岸 經濟 依賴 關係 下 的 犧牲 者 ，	
嚴重	LL	這 種 不 正常 的 傾斜 愈發 嚴重 ，	
打壓	LL	展開 了 全面 的 打壓 ，	
暴力	LL	讓 陳抗 事件 的 暴力 不斷 升級 。	
挺身而出	LL	只有 政府 挺身而出 ，	
錯誤	LL	否則 民進黨 若 重返 執政 將 改正 錯誤 ；	
錯誤	LL	小英 政府 有沒有 改正 馬 政府 的 錯誤 ？	
諷刺	LL	對於 高喊 轉型 正義 的 小英 政府 何其 諷刺 ？	
遺毒	LL	所以 對 黨國 時代 的 教育 遺毒 麻木不仁 。	
剝奪	LL	就業 、 低薪 、 晚婚 、 少子 、 南北 失衡 、 東西 隔離 、 城鄉 差距 、 世代 剝奪 、 貧富 世襲 等等 ，	
錯誤	LL	宣稱 要 改正 馬 政府 錯誤 的 小英 政府 ，	
錯誤	LL	竟然 繼續 在 執行 馬 政府 的 錯誤 。	
偷渡	LL	企圖 以 文言文 偷渡 意識 形態 ，	
霸凌	LL	而 非 由 上 而 下 的 思想 霸凌 。	
硬	LL	民進黨 軟 的 變硬 。	
灰頭土臉	LL	大 巨蛋 案 一 度 讓 他 灰頭土臉 ，	
威脅	LL	壓制 潛在 的 威脅 ，	
暗潮	LL	卡位 與 逐利 暗潮洶湧 ，	
不當	LL	固有 引人 不當 聯想 的 曖昧 ，	
恐怖	LL	所謂 台灣 時常 陷入 「 赤色 恐怖 」 ，	
打壓	LL	中國 以 經濟 為 籌碼 強力 打壓 台灣 ，	
強 渡 關山	LL	兩岸 服 貿協 定 可能 已 在 立法院 強 渡 關山 之 馬英九 執政 時期 ，	
蠶食	LL	一旦 台灣 經濟 與 產業 被 中國 蠶食鯨吞 ，	
一意孤行	LL	以及 馬英九 執政 期間 一意孤行 到 馬習會 的 國共 共識 ，	
專制	LL	照理 說 應該 是 專制 中國 的 專利 ，	
報復	LL	所謂 的 報復性 投票 、 鐘擺 效應 絕對 不可 兒戲 ，	
對付	LL	對付 本土 政權 ，	
詬病	LL	最 大 的 詬病 在於 ，	
背離	LL	不容 背離 者 掏空 國家 幫 二三○○萬 人 簽 了 賣身契 。	
淪為	LL	更 勢將 淪為 亞太 孤鳥 ，	
杯葛	LL	而 國民黨 立委 蔣 萬安 發言 兩 個 多 小時 杯葛 議事 ，	
失敗 的	LL	當然 其中 還 有 馬英九 執政 失敗 的 背景 。	
矛盾	LL	綠營 與 白營 的 矛盾 ，	
輕忽	LL	不宜 輕忽 。	
打壓	LL	長期 漠視 、 打壓 勞工 的 國民黨 ，	
淪為	LL	而 民進黨 卻 淪為 工運 勞團 的 抗議 對象 ，	
諷刺	LL	便是 攻守 換 防 的 諷刺 畫面 。	
覺醒	LL	而是 隨著 公民 意識 覺醒 、 太陽 花 學運 、 柯文哲 旋風 而 水漲船高 的 。	
杯葛	LL	除了 在野黨 監督 制衡 、 強力 杯葛 之外 ，	
淪為	LL	部分 民眾 淪為 職場 魯 蛇 ，	
黑箱	LL	衝破 黑箱 與 陰暗 ，	
淪為	LL	徒然 使 嚴肅 的 抗爭 淪為 膚淺 的 文創 表演 。	
詬病	LL	打破 眾 所 詬病 的 鳥籠 公投 ，	
淪為	LL	萬 勿 淪為 少數 民粹 的 另 一 個 舞台 。	
情何以堪 。	LL	則 當初 鼓吹 還 權 於 民 者 情何以堪 。	
淪為	LL	淪為 少數 民粹 任意 馳騁 的 叢林 ，	
不當	LL	拒 當 不當 轉型 正義 的 幫凶 。	
濫	LL	濫情 換 絕情 ，	
民怨	LL	搞出 一 堆 民怨 ，	
淪為	LL	隱約 淪為 民粹 衝撞 的 新 場域 ，	
民怨	LL	而 這 一 類 的 民怨 ，	
污名 化	LL	轉型 正義 被 威權 附隨 們 污名 化為 清算 ，	
輕忽	LL	不可 輕忽 。	
困境	LL	陷入 父子 騎 馬 怎麼 都 受 路人 指點 的 困境 ，	
杯葛	LL	絕食 、 議事 杯葛 、 街頭 流竄 等 ，	
淪為	LL	終 將 淪為 一 齣 黑色 的 反諷劇 。	
困境	LL	關心 、 改善 彼等 的 困境 ，	
抹黑	LL	反而 充斥 著 抹黑 與 激情 訴求 ，	
惡果	LL	就是 典型 民粹 風氣 盛行 造成 的 惡果 。	
硬	LL	如今 卻 被 僵硬 的 法規 綁死 。	
危機	LL	解決 低薪 危機 ；	
矛盾	LL	何其 矛盾 之至 。	
悲哀	LL	悲哀 的 是 ，	
衝突	LL	再 加上 肢體 衝突 與 街頭 暴 走 ，	
淪為	LL	淪為 意氣 之 爭 ，	
矛盾	LL	彼此 之間 的 矛盾 ，	
恐怖	LL	往往 是 爆烈 、 恐怖 的 ，	
衝擊	LL	卻 會 衝擊 社會 穩定 與 秩序 ，	
困境	LL	唱 獨腳戲 的 困境 。	
背離	LL	就 背離 民主 機制 ，	
嚴重	LL	則 是 犯 了 「 左傾 幼稚病 」 的 嚴重 錯誤 ，	
淪為	LL	導致 嚴肅 抗爭 竟 淪為 笑柄 。	
可笑	LL	左傾 幼稚病 看似 可笑 ，	
困境	LL	使 台灣 陷入 空言 理想 卻 一事無成 的 困境 。	
圖謀	LL	而且 連 別有 圖謀 的 釘子戶 ，	
嚴重	LL	了解 少子 化 與 老齡化 日益 嚴重 ，	
失靈	LL	卻 在 策略 的 失靈 中 消耗 台灣 內部 的 能量 ，	
風險	LL	社論 》 急流 途中 折返 的 風險 更 大	
算計	LL	也許 他 在 宜蘭縣 選舉 有 其 算計 ，	
風險	LL	完全 執政 也 有 風險 ，	
崩盤	LL	到 崩盤式 的 失敗 ，	
困境	LL	帶領 台灣 走出 困境 ，	
衝突	LL	製造 社會 衝突 ；	
風險	LL	折返 的 風險 更 大 。	
霸凌	LL	而且 奢望 借助 中國 霸凌 台灣 的 蠻力 ，	
打壓	LL	以 打壓 台灣人民 意志 謀取 該 黨 高層 的 政商 利益 。	
灰頭土臉	LL	馬英九 執政 灰頭土臉 的 慘痛 教訓 ，	
危機	LL	泡沫 化 危機 更 無 救藥 。	
矛盾	LL	應該 有 調解 矛盾 的 能量 ，	
錯誤	LL	導致 對 台灣 內部 實情 的 認識 完全 錯誤 ，	
硬	LL	未必 能 給 管爺 硬 扣帽子 。	
淪為	LL	台大 有 可能 淪為 打 著 學術 旗幟 反 本土 政權 的 基地 。	
諷刺	LL	既是 台灣 民主 的 諷刺 ，	
危機	LL	也 是 台灣 民主 的 危機 。	
矛盾	LL	讓 台灣 內部 矛盾 往 敵我 矛盾 質變 ？	
放任	LL	不能 放任 傾 中 統派 勢力 盤踞 學術 山頭 ，	
封殺	LL	又 有 台灣 電影 遭到 中國 封殺 ，	
淪為	LL	台灣 藝人 淪為 新 的 檢查 或 統戰 標的 ，	
硬	LL	中國 的 軟 、 硬 、 銳 實力 大增 ，	
硬	LL	反獨 與 促統 會 雙管齊下 、 兩 手 都 硬 。	
危機	LL	更 重要 的 還是 朝野 官民 要 有 危機 意識 ，	
威脅	LL	老實說 對於 因應 中國 威脅 都 已經 很 吃力 了 ，	
譴責	LL	每 次 出現 個案 便 譴責 北京 ，	
硬	LL	中國 調動 軟 、 硬 、 銳 實力 加大 反 台獨 的 力度 ，	
風險	LL	便有 「 被 台獨 」 的 風險 ，	
反感	LL	一定 會 引起 台灣 人民 的 反感 ，	
暴力	LL	面對 中國 的 國家 暴力 ，	
霸凌	LL	堪稱 對 北京 霸凌 的 有力 反擊 ，	
併吞	LL	中國 要 併吞 台灣 ，	
併吞	LL	美國 從未 意圖 併吞 台灣 ，	
威脅	LL	由於 中國 對 台 威脅 與日俱增 ，	
威脅	LL	同時 也 威脅到 美國 的 國家 利益 與 盟友 安危 ，	
風險	LL	達到 控制 風險 、 擴大 獲益 的 管理 目標 ，	
恐怖	LL	讓 二三五○萬 人 免於 「 被 台獨 」 的 紅色 恐怖 。	
困境	LL	社論 》 選舉 困境 的 深思 檢討	
低迷	LL	當前 竟 瀰漫 無力 、 低迷 的 選舉 氛圍 ，	
蕩然無存	LL	昔日 大勝 的 風光 至今 蕩然無存 ，	
令 人 感嘆	LL	令 人 感嘆 。	
障礙	LL	包括 公教 年金 改革 、 促進 轉型 正義 、 降 稅 、 扶植 新創 產業 及 努力 解決 投資 五缺 障礙 等 ，	
混亂	LL	導致 社會 充斥 混亂 與 對立 景象 ，	
詬病	LL	施政 因而 備受 詬病 。	
淪為	LL	淪為 政客 操弄 的 工具 ；	
障礙	LL	因此 意欲 根本 鏟除 改革 障礙 ，	
困境	LL	必定 可以 逆轉 施政 困境 ，	
恐怖	LL	白色恐怖 上場 。	
覺醒	LL	有 台灣 人民 自我 覺醒 的 「 天然獨 」 ，	
封殺	LL	中國 的 文攻武嚇 、 繞 台 擾台 、 窮 台惠台 、 國際 封殺 ，	
封殺	LL	中國 正在 加緊 國際 封殺 台灣 ，	
威脅	LL	儘管 中國 正在 威脅 我國 ，	
霸凌	LL	但 中華民國 與 台獨 同 遭 北京 霸凌 ，	
濫	LL	那 又 何必 穿越 時空 濫用 「 五四 」 的 象徵 符號 呢 ？	
打壓	LL	打壓 學術 自由 ，	
威脅	LL	便是 針對 中國 威脅 、 併台 野心 。	
動盪	LL	他們 便 無所不用其極 地 反 政府 、 製造 社會 動盪 ，	
挺身而出	LL	挺身而出 「 挺 管 」 是 偶然 嗎 ？	
淪為	LL	否則 大學 自治 將 淪為 寡頭 學閥 的 保護傘 。	
矛盾	LL	善於 玩弄 台灣 內部 矛盾 的 北京 ，	
暴力	LL	以 暴力 製造 衝突 事件 ，	
嚴重	LL	日後 恐 將 證明 是 政治 上 的 嚴重 誤判 。	
憂慮	LL	我們 也 但願 此 一 憂慮 是 多餘 的 ，	
暴力	LL	只是 目睹 某些 陳抗 活動 暴力 升級 ，	
不當	LL	亦即 處理 不當 或 延宕 未 解 ，	
衝擊	LL	將 衝擊 美國 的 霸權 地位 與 國家 利益 之 際 ，	
錯誤	LL	他們 做 了 非常 錯誤 的 決定 。	
困境	LL	馬氏 意圖 將 民進黨 之所以 陷入 施政 困境 ，	
低迷	LL	小英 支持度 的 低迷 不振 ，	
向 中國 傾斜	LL	歸因於 未 向 中國 傾斜 ，	
揭露	LL	對 內 箝制 民眾 的 真面目 揭露 後 ，	
執迷不悟	LL	此 際 下台 之後 的 馬英九 猶 執迷不悟 ，	
可笑	LL	實在 可笑 。	
嚴重	LL	均 呈現 嚴重 的 傾斜 ，	
民怨	LL	乃 招惹 民怨 ，	
操控	LL	其 操控 介入 台灣 的 層面 ，	
伎倆	LL	那些 軍機艦 的 擾台 繞 台 伎倆 ，	
淪為	LL	台灣 將 淪為 中國 的 經濟 殖民地 ，	
障礙	LL	並 設置 貿易 障礙 保護 、 扶持 紅色 供應 鏈 。	
淪為	LL	絕大 多數 台灣 民眾 卻 淪為 經濟 邊緣人 ；	
矛盾	LL	矛盾 與 對立 更形 尖銳 ，	
陷阱	LL	若是 台灣 掉入 兩岸 服貿協定 的 陷阱 ，	
錯誤	LL	絕對 不 是 誤國 的 錯誤 決定 ，	
背離	LL	社論 》 唾棄 背離 常識 常理 的 政客	
併吞	LL	從不 掩飾 它 併吞 台灣 的 野心 ，	
威脅	LL	它 一再 威脅 「 武力 統一 」 ，	
恐嚇	LL	不斷 派出 軍機 船艦 繞行 恐嚇 ，	
操控	LL	扶植 操控 親 中 組織 及 個人 ，	
專制	LL	主張 把 民主台灣 推向 被 專制 中國 統一 者 ，	
卑躬屈膝	LL	再 經 馬英九 的 卑躬屈膝 ，	
破產	LL	顯 已 破產 。	
打壓	LL	台灣 人民 看到 這 幫 人 前 一陣子 在 中國 打壓 我國 時 ，	
嚴厲	LL	口氣 及 言辭 何其 尖刻 嚴厲 ，	
打壓	LL	把 蠻橫 恐嚇 打壓 歸咎 台灣 ，	
恐嚇	LL	恐嚇 台灣 及 周邊 國家 。	
併吞	LL	把 併吞 黑手 公然 伸到 台灣 ，	
束手無策	LL	我國 束手無策 ；	
併吞	LL	中國 首要 併吞 對象 的 台灣 ，	
硬	LL	完全 執政 的 民進黨 要 硬 起來 。	
失敗 的	LL	摧枯拉朽 執政 失敗 的 馬 政府 ，	
淪為	LL	國民黨 從 完全 執政 淪為 完全 在野 。	
困境	LL	小英 政府 陷入 困境 ，	
衝擊	LL	受 衝擊 者 似乎 是 綠 大於 藍 。	
矛盾	LL	北京 的 操盤 手 似乎 愈來愈 能 抓到 切入 台灣 內部 矛盾 的 突破 口 了 。	
威脅	LL	是否 會 在 威脅 利誘 之下 ，	
覺醒	LL	既 在 測試 公民 的 覺醒 程度 ，	
放任	LL	「 這 暴露 民進黨 有 些 人 一 邊 放任 縱容 台獨 分裂 行徑 ，	
專制	LL	認同 專制 中國 的 民族 主義 ，	
憂慮	LL	上述 的 邊緣人 不 值得 憂慮 ，	
專制	LL	更 不能 以 寬待 專制 中國 、 苛責 民主 台灣 的 雙重 標準 衡情 論理 ，	
矛盾	LL	屬於 內部 矛盾 。	
矛盾	LL	如果 將 內部 矛盾 性質 的 問題 ，	
矛盾	LL	用 敵我 矛盾 的 方式 來 處理 ，	
矛盾	LL	內部 矛盾 ，	
矛盾	LL	避免 質變 為 敵我 矛盾 ，	
陷阱	LL	否則 不啻 掉入 北京 「 以 商 圍 政 」 的 陷阱 。	
危機	LL	在 台灣 民主 的 危機 時刻 ，	
動盪	LL	兩 年 多 來 的 民主 動盪 ，	
濫	LL	民粹 主義 的 氾濫 ，	
憂慮	LL	讓 人 不得不 憂慮 一一二四 之後 ，	
陷阱	LL	以 創新 經濟 促使 台灣 走出 成長 陷阱 ，	
危機	LL	而是 台灣 民主 的 危機 再現 了 。	
錯誤	LL	即使 出現 了 錯誤 ，	
致命	LL	也 不會 是 致命性 的 錯誤 ，	
危機	LL	但 其 所 造成 的 不確定性 與 危機 ，	
風險	LL	也 是 更加 不可 承受 的 風險 。	
嚴峻	LL	局面 之 嚴峻 令 人 憂心 ，	
蹂躪	LL	台灣 民主 經過 此 番 蹂躪 ，	
覺醒	LL	期待 能夠 喚起 民眾 的 覺醒 ，	
衝擊	LL	衝擊 道德 與 民主 的 底線 ，	
過氣	LL	此 次 則 是 過氣 老人 大 翻身 ，	
危機	LL	此 次 選舉 的 最 大 隱憂 乃是 民主 危機 的 浮現 。	
操控	LL	控訴 中國 的 黑手 操控 ，	
嚴重	LL	中國 是 二○一八年 侵犯 網路 自由 最 嚴重 的 國家 ，	
威脅	LL	中國 的 獨裁 模式 對 網路 的 自由 開放 構成 非常 大 的 威脅 ，	
霸凌	LL	網路 霸凌 蔚為 風潮 ，	
淪為	LL	選舉 淪為 庸俗 化 、 低俗 化 。	
淪為	LL	選舉 將 淪為 口水 、 作秀 、 造謠 之 大成 ，	
霸凌	LL	傅榆 遭 中國網 民 猛烈 的 網路 霸凌 ；	
譴責	LL	」 被 指 未 譴責 「 台獨 言論 」 ，	
肆	LL	受 中國 方面 大肆 抨擊 。	
封殺	LL	甚至 傳出 中共 中央 宣傳 部下 令 此後 封殺 金馬獎 。	
反感	LL	讓 台灣 人民 反感 的 是 ，	
對付	LL	北京 當局 對付 台灣 的 工作 ，	
淪為	LL	反倒 只 會 淪為 一 群 穿著 各 種 名牌 、 光鮮 亮麗 的 人 們 ，	
恐嚇	LL	尤其 是 東奧 正名 公投 的 恐嚇牌 奏效 ，	
食髓知味	LL	可能 讓 北京 食髓知味 。	
諷刺	LL	堪稱 是 民主 典範 的 莫大 諷刺 ！	
向 中國 靠攏	LL	如果 未來 台灣 向 中國 靠攏 ，	
民怨	LL	從 馬英九 到 蔡英文 在 經濟 民生 方面 都 成為 民怨 所 指 ，	
對付	LL	社論 》 中國 對付 台灣 的 下 一 步	
對付	LL	社論 》 中國 對付 台灣 的 下 一 步	
對付	LL	乃 趁勢 加緊 對付 台灣 的 攻勢 。	
對付	LL	宣布 對付 台灣 的 新 方略 。	
威脅	LL	廉價 而 更 具 威脅性 ，	
濫	LL	論壇 將 在 「 九二 共識 」 的 陳腔濫調 中 演出 ，	
有志一同	LL	他們 有志一同 ，	
失敗 的	LL	不但 是 已經 檢驗 而 失敗 的 幻想 ，	
困境	LL	也 是 造成 近年 台灣 政經 困境 的 根源 。	
執迷不悟	LL	國民黨人 總是 執迷不悟 。	
一廂情願	LL	是 不切實際 的 一廂情願 。	
對付	LL	加緊 對付 台灣 的 各 種 滲透 、 顛覆 、 打壓 ，	
嚴厲	LL	面對 嚴厲 挑戰 ，	
反擊	LL	台灣 人民 及 主政 者 準備好 因應 和 反擊 之 道 了 嗎 ？	
背離	LL	以免 走到 一 條 背離 國際 正向 力量 的 迷途 。	
陷阱	LL	捲入 中華 暴力 狂流 的 陷阱 而 自我 覆滅 ，	
專制	LL	連結 專制 中國 成為 邊疆 ，	
危機	LL	眼見 台灣 危機 當前 ，	
食髓知味	LL	面對 國民黨 趁 勝 追擊 、 北京 介入 台灣 選舉 食髓知味 ，	
併吞	LL	「 以 經 促統 」 是 中共 二十幾 年 以來 併吞 台灣 政策 的 重要 一 環 ，	
嚴重	LL	六三三 選舉 承諾 嚴重 跳票 。	
污名 化	LL	民進黨 的 改革 亦 全 被 污名 化 ，	
放任	LL	幾 可 說 採取 放任 的 態度 ，	
專制	LL	戰後 台灣 受盡 二二八 、 白色恐怖 及 專制 統治 摧殘 ，	
輕忽	LL	出自 對 台灣 歷史 的 輕忽 ，	
嚴重	LL	政治 方面 就 更 嚴重 ，	
謊言	LL	導致 謊言 、 偏見 、 仇恨 、 分裂 社會 、 侵蝕 共同 目標 ，	
併吞	LL	面對 亟欲 併吞 的 惡鄰 ，	
危機	LL	民主 台灣 會 有 致命 的 危機 。	
輕忽	LL	國人 不容 輕忽 的 重要 課題 。	
回 嗆	LL	中國 外交部 則 回 嗆 ，	
血腥	LL	換來 的卻 是 三 次 血腥 鎮壓 。	
敲詐	LL	北京 一向 用來 敲詐 美國 的 三 個 公報 ，	
霸凌	LL	美國 得以 透過 「 台灣 關係法 」 平衡 中國 霸凌 台灣 。	
諷刺	LL	諷刺 的 是 ，	
衝擊	LL	對 該 黨 形成 莫大 衝擊 。	
矛盾	LL	如果 內部 矛盾 無法 拆解 ，	
專制	LL	在 封建 、 專制 、 神權 統治 之下 ，	
專制	LL	但 歐威爾式 的 專制 技術 進步 更 快 ，	
諷刺	LL	真是 民主 典範 的 一 大 諷刺 。	
專制	LL	韓國 瑜 的 連結 專制 中國 發 大 財 ，	
專制	LL	中國 則 展現出 專制 升級 的 勢頭 ，	
反 民主 鬧劇	NCL	於 立法院 聯席 會議 演出 「 送 立法院 院會 存查 」 的 反 民主 鬧劇 ，	
「 感謝 辛勞 」	NCL	竟然 得到 行政院 「 感謝 辛勞 」 ，	
違法 總統	NCL	那麼 人民 就 必須 站出來 訓令 違法 總統 下台 。	
「 太陽餅 馬戲團 」	NCL	「 馬卡茸 總統 」 領導 的 「 太陽餅 馬戲團 」 ，	
「 馬卡茸 總統 」	NCL	「 馬卡茸 總統 」 領導 的 「 太陽餅 馬戲團 」 ，	
「 暴民 」	NCL	把 手無寸鐵 的 學生 抹黑 為 「 暴民 」 ，	
「 暴鎮 」	NCL	難怪 「 暴鎮 」 之後 ，	
這 個 「 自絕 於 國人 」 的 政府	NCL	都 被 這 個 「 自絕 於 國人 」 的 政府 冠上 無知 、 鎖國 、 不 理性 、 引起 不安 等 帽子 。	
共匪	NCL	經過 幾 年 跟 共匪 如膠似漆 ，	
「 中國 軍閥 鐵蹄 」	NCL	無疑 是 影射 蔣介石 的 「 中國 軍閥 鐵蹄 」 蹂躪 台灣 人民 。	
「 鐵蹄 」	NCL	「 鐵蹄 」 當然 更 壓 不 扁 玫瑰 ！	
「 鐵蹄 」	NCL	「 鐵蹄 」 當然 更 擋不住 大江東 流 ！	
「 暴鎮 」	NCL	這 場 流血 「 暴鎮 」 ，	
九 趴 總統	NCL	這 位 九 趴 總統 會不會 像 亞努科維奇 那樣 「 引 清兵 入關 」 。	
太陽 花 學子	NCL	老把戲 打 不 倒 太陽 花 學子	
九 趴 總統	NCL	九 趴 總統 至今 仍 執迷 不誤 、 一意孤行 。	
幫腔 幫閑 者	NCL	幫腔 幫閑 者 也 出動 ︰ 丁中江 在 電視 宣稱 ：	
「 現代 吳鳳 」	NCL	」 好個 「 現代 吳鳳 」 與 「 勇敢 婦人 」 ，	
「 勇敢 婦人 」	NCL	」 好個 「 現代 吳鳳 」 與 「 勇敢 婦人 」 ，	
醜 角色	NCL	盡 是 配合 演出 的 醜 角色 。	
黨 外 精英	NCL	為 配合 一網打盡 黨 外 精英 ，	
馬 黨國 老狗	NCL	馬 黨國 老狗 變 不 出新 把戲 ，	
「 懶人 包 」	NCL	自製 服貿 「 懶人 包 」 也 遭 打 臉 ，	
九 趴 總統	NCL	在 九 趴 總統 所 剩 任期 ，	
不 適格 不 適任 者	NCL	提名 那些 不 適格 不 適任 者 的 馬英九 ，	
老共	NCL	其 結果 就 會 跟 老共 的 「 奪島 」 沒有 兩樣 。	
中國黨	NCL	這 恐怕 是 國 共 兩 個 中國黨 始 料 所 未及 的 事 。	
列寧式 黨 機器	NCL	本錢 就 在於 列寧式 黨 機器 ，	
元凶	NCL	經貿 孤立 台灣 的 元凶 與 幫凶	
幫凶	NCL	經貿 孤立 台灣 的 元凶 與 幫凶	
元凶	NCL	中國 是 孤立 台灣 的 元凶 。	
「 今日 香港 」	NCL	台灣 不能 成為 「 今日 香港 」	
明日 台灣 」	NCL	就是 明日 台灣 」 。	
有識之士	NCL	有識之士 所 警告 的 「 今日 香港 ，	
明日 台灣 」	NCL	就是 明日 台灣 」 ，	
「 無能 領導 者 」	NCL	選出 歌星 甄妮 所 說 的 「 無能 領導 者 」 ，	
「 無 作為 」	NCL	阻擋 這 種 新 型態 的 「 無 作為 」 害 台 。	
未來 的 主子	NCL	彷彿 是 為 未來 的 主子 爭取 立功 表現 。	
把 國旗 收 起來 的 小 官 ，	NCL	把 國旗 收 起來 的 小 官 ，	
馬英九 們	NCL	馬英九 們 ，	
馬英九 們	NCL	也 是 即將 下台 的 馬英九 們 的 關鍵 時刻 。	
有 勝算 者	NCL	有 勝算 者 千萬 不能 被 可能 的 勝選 沖昏 了 頭 ，	
「 天龍國 」	NCL	洗去 「 天龍國 」 污名 ，	
「 公民 不 服從 運動 」	NCL	從 這 一 「 公民 不 服從 運動 」 相關 各 方 的 反應 看來 ，	
傾中 政策	NCL	傾中 政策 導致 利益 落入 政商 權貴 買辦 ，	
「 婉君 」	NCL	表面 上 雖 嘗試 向 「 婉君 」 靠攏 ，	
「 抓漏 大隊 」	NCL	並 成立 「 抓漏 大隊 」 ，	
老共	NCL	老共 想 進一步 「 向 下 扎根 」 ，	
老共	NCL	老共 卻 將 他 打入 黑 牢 ，	
老共	NCL	老共 總是 揮舞 民族 主義 的 大刀 橫衝直撞 ，	
馬英九 們	NCL	唯獨 台灣 的 馬英九 們 ，	
幫凶	NCL	也 淪為 中國 在 國際 製造 麻煩 的 幫凶 。	
「 中國 的 台北 」	NCL	否則 淪為 站 在 香港 旁邊 的 「 中國 的 台北 」 ，	
「 半 分 忠 」	NCL	立法院 不再 當 馬英九 的 「 半 分 忠 」 ，	
「 半 分 忠 」	NCL	一如 先前 的 服貿 「 半 分 忠 」 。	
緊身衣	NCL	都 必須 穿著 他 留下來 的 緊身衣 ，	
葬送 本土	NCL	連 變造 公文 的 伎倆 都 用上 了 ，	
傾中 政策	NCL	經過 四 年 傾中 政策 ，	
傾中 政策	NCL	傾中 政策 頻 出 ，	
紅頂 商人	NCL	唯有 紅頂 商人 獲得 暴利 ，	
共匪	NCL	過去 共匪 因為 渡江 的 兵力 沒有 部署 好 ，	
老共	NCL	老共 看準 馬英九 的 意識 形態 ，	
老共	NCL	如此 是 為了 跟 老共 搞 「 抗日 統一 戰線 」 ？	
老共	NCL	與 老共 愈 交流 ，	
共匪	NCL	卻 被 共匪 統戰 ，	
中國黨	NCL	國共 兩 個 中國黨 ，	
跛腳 總統	NCL	這 位 跛腳 總統 無能 也 無心 推動 內政 了 ，	
中國黨	NCL	中國黨 的 瞎掰 能力 ，	
一 中 流沙	NCL	把 台灣 與 二千三百萬 人 推向 「 一 中 流沙 」 ，	
「 看板 主席 」	NCL	朱立倫 淪為 「 看板 主席 」 ，	
「 非我族類	NCL	黨權 、 黨產 、 立委 提名 絕不 能 落入 「 非我族類 」 的 手 裡 。	
馬英九 們	NCL	馬英九 們 ，	
元凶	NCL	反而 成 了 炒作 房地產 的 元凶 。	
九 趴 總統	NCL	九 趴 總統 的 滿意度 竟然 還 那麼 高 ！	
護航 部隊	NCL	淪為 他 的 護航 部隊 。	
老共	NCL	甘 當 老共 的 馬前卒 ，	
馬前卒	NCL	甘 當 老共 的 馬前卒 ，	
老共	NCL	透過 老共 、 老美 強迫 蔡英文 吞下 他 過去 七 年 來 改變 過 的 「 現狀 」 。	
有識之士	NCL	「 本黨 」 的 有識之士 更 要 好好 想想 ：	
「 半 分 忠 」	NCL	想 用 「 半 分 忠 」 把 黑箱 漂白 ，	
「 懶人 包 」	NCL	他們 的 「 懶人 包 」 往往 就是 炸毀 謊言 世界 的 原子彈 。	
死硬派	NCL	以致 國民黨 極 可能 落入 死硬派 掌控 ，	
老共	NCL	而 老共 的 邦交國 ，	
有識之士	NCL	有識之士 早已 大聲 疾呼 ，	
民主 之 子	NCL	洗腦 「 民主 之 子 」 的 黑箱 課綱 ，	
施暴 者	NCL	「 暴政 集團 」 當然 不 承認 自己 是 施暴 者 ，	
暴政 集團	NCL	處心積慮 要 反擊 人民 的 「 暴政 集團 」 ，	
傾中 政策	NCL	以致 傾中 政策 宛如 在 沙灘 上 築 堡 ，	
沙灘 上 築 堡	NCL	以致 傾中 政策 宛如 在 沙灘 上 築 堡 ，	
紅頂 商人	NCL	號稱 「 兩岸 關係 六十 年 最好 」 、 八 年 來 任由 國共 高幹 、 紅頂 商人 杯觥 交錯 、 大搞 圈地 與 特許 的 馬 政府 ，	
「 溫水 煮 青蛙 」	NCL	中國 對付 台灣 採取 「 溫水 煮 青蛙 」 策略 ，	
幫凶	NCL	就是 為 中國 向 台灣 社會 提供 柴火 、 增添 溫水 的 幫凶 。	
「 馬式 獨裁 」	NCL	「 馬式 獨裁 」 還 有 多少 黑箱 正在 進行 ？	
斯德哥爾摩 症候群	NCL	他們 都 犯 了 嚴重 的 斯德哥爾摩 症候群 ︰ 犯罪 的 被害 者 對於 加害 者 產生 情感 ，	
橡皮 圖章	NCL	以致 淪為 橡皮 圖章 。	
老共	NCL	讓 老共 已 能 入 島 入戶入 心 ，	
傾中 政策	NCL	傾中 政策 「 要 正常 往 前 走 」 ，	
「 鐵票 」	NCL	連 所謂 的 「 鐵票 」 都 反感 ，	
有識之士	NCL	有識之士 近日 提出 「 總統 大選 第二 天 ，	
老共	NCL	懂得 利用 老共 的 狂妄 來 牟利 ，	
老共	NCL	在 老共 的 定義 就是 「 獨 」 。	
老共	NCL	對 老共 而 言 ，	
老共	NCL	老共 讓 某些 人 在 台灣 內銷 「 各表 」 ，	
老共	NCL	也 顯示 老共 對 「 台獨 」 的 尺度 ，	
老共	NCL	老共 面前 撤旗 、 老共 背後 搖旗 ，	
傾中 政策	NCL	傾中 政策 獨厚 跨海 政商 集團 。	
「 半 分 忠 」	NCL	國民黨 上 屆 立委 在 此 法案 的 「 半 分 忠 」 醜陋 演出 ，	
「 一 條 龍 」	NCL	中國 方面 採 「 一 條 龍 」 經營 模式 ，	
有識之士	NCL	有識之士 還 上網 搜尋 ，	
九 趴 總統	NCL	終而 光環 盡失 淪為 九 趴 總統 ，	
無能	NCL	國際 媒體 則 將 他 定位為 「 無能 」 。	
招牌	NCL	而 這 個 招牌 已 因 林益世 、 賴素 如 嚴重 掉漆 了 。	
台灣 玫瑰	NCL	輕忽 耕耘 自己 家園 的 台灣 玫瑰 ，	
九 趴 總統	NCL	高票 當選 也 會 淪為 「 九 趴 總統 」 ，	
中國黨	NCL	只 會 讓 這 個 中國黨 進一步 走向 敗亡 。	
鳥籠 公投	NCL	鳥籠 公投法 、 修憲 獨厚 兩 大 黨 ，	
大 悶 鍋	NCL	長期 漠視 民意 也 是 民怨 發酵 的 大 悶 鍋 。	
有識之士	NCL	見 諸 有識之士 建言 ；	
傾中 政策	NCL	傾中 政策 導致 台灣 經濟 慢性病 ，	
老共	NCL	連 老共 也 視 之 為 爛泥 。	
有識之士	NCL	吾人 也 期盼 國民黨 有識之士 ，	
傾中 政策	NCL	傾中 政策 火力 全開 ，	
有識之士	NCL	亦 難免 令 台 派 有識之士 背脊 為之 一 涼 。	
「 半 分 忠 」	NCL	服貿 協議 當時 已 在 立院 經 「 半 分 忠 」 完成 委員會 審查 ，	
共匪	NCL	國民黨 灌輸 的 「 萬惡 共匪 」 ，	
中國黨	NCL	這 兩 個 中國黨 ，	
鳥籠 公投	NCL	則 不僅 打破 鳥籠 公投 的 意義 黯然失色 ，	
馬英九 們	NCL	馬英九 們 以 民主 選舉 獲得 政權 ，	
「 一 條 龍 」	NCL	中國 團 客 還是 「 一 條 龍 」 經營 模式 下 的 產物 ，	
有識之士	NCL	但 台灣 的 有識之士 早已 從 國際 潮流 趨勢 著眼 ，	
有識之士	NCL	有識之士 將 扼腕 不已 。	
是否 如 國民 黨團 宣稱 的 「 視為 已 審查 」 ？	PS	是否 如 國民 黨團 宣稱 的 「 視為 已 審查 」 ？	
不顧	PS	徹底 不顧 程序 正義 的 多數 暴力 ，	
竟	PS	竟 開放 了 一些 不 該 開放 的 項目 給 中國 ，	
竟	PS	或 不 該 開放 竟 開放 、 該 爭取 未 爭取 ，	
誰 會 看 不 懂 、 想 不 清楚 ？	PS	誰 會 看 不 懂 、 想 不 清楚 ？	
竟然	PS	竟然 得到 行政院 「 感謝 辛勞 」 ，	
竟	PS	台獨 因此 竟 與 共產黨 畫上 等號 。	
台灣 經濟 會 愈 拚 愈 倒退 嗎 ？	PS	台灣 經濟 會 愈 拚 愈 倒退 嗎 ？	
實質 薪資 所得 會 愈 拚 愈 回去 嗎 ？	PS	實質 薪資 所得 會 愈 拚 愈 回去 嗎 ？	
貧富 差距 會 持續 擴大 嗎 ？	PS	貧富 差距 會 持續 擴大 嗎 ？	
滿意度 會 一路 滑到 九 趴 嗎 ？	PS	滿意度 會 一路 滑到 九 趴 嗎 ？	
這 叫 甚麼 ？	PS	這 叫 甚麼 ？	
馬英九 不 也 是 如此 心態 嗎 ？	PS	馬英九 不 也 是 如此 心態 嗎 ？	
竟	PS	竟 僅 遭 判刑 一 年 兩 個 月 定讞 ，	
竟然	PS	竟然 尚未 改善 軍 中 人權 ，	
竟然	PS	竟然 使用 「 報告 長官 」 的 措辭 ；	
竟然	PS	竟然 先 知會 中國 國台辦 。	
武官 還 怕 甚麼 ？	PS	武官 還 怕 甚麼 ？	
竟然	PS	竟然 把 國際 參與 議題 ，	
難道 該 黨 對 民意 風向 已經 遲鈍 至 此 ？	PS	難道 該 黨 對 民意 風向 已經 遲鈍 至 此 ？	
竟	PS	國防 整備 竟 成 軍官 的 社交 工具 ，	
竟	PS	竟 以 馬英九 的 「 政治 正確 」 為 標準 ，	
竟	PS	無非 是 要 確保 「 化獨 漸 統 」 克 竟 其 功 。	
竟然	PS	某 課綱 委員 竟然 主張 ：	
竟	PS	銓敘部 竟 稱 有 請假 所以 不 違法 ，	
竟	PS	至於 遺憾 未 竟 之 處 ，	
竟	PS	竟 有 國策 顧問 為 主子 塗脂抹粉 說 ：	
竟	PS	竟 大言不慚 「 我 晚上 都 睡 得 很 好 」 。	
竟	PS	竟 當上 總統 。	
是 不 是 可以 拿來 癱瘓 二○一六 選出 的 民選 政府 ？	PS	是 不 是 可以 拿來 癱瘓 二○一六 選出 的 民選 政府 ？	
竟然	PS	他 竟然 在 大選 敏感 時期 奢談 ：	
竟然	PS	竟然 只 能 靠 台聯 三 席 立委 衝上去 佔領 議場 主席台 ，	
竟	PS	太陽花 要 竟 其 功 ，	
豈不 諷刺 至極 ？	PS	豈不 諷刺 至極 ？	我看完了，標紅色的幫我再看一次，問句我看不出來是DS, PS or BWF. 人鳳說BW 是band wagon, BWF 是 black and white fallacy. 
竟	PS	柯文哲 竟 稱 「 不要 把 國軍 打 趴 ，	
竟	PS	竟 在 政爭 落敗 ，	
竟然	PS	北京 政權 竟然 動用 武裝 部隊 ，	
竟	PS	竟 非 純 屬 虛構 。	
竟然	PS	竟然 將 自己 型 塑成 勞工 代言人 ，	
竟	PS	正 無所不用其極 地 阻擋 台灣 走完 歷史 未 竟 之 路 。	
竟	PS	他們 竟 麻木不仁 到 怪罪 本 國 政府 。	
竟然	PS	而 馬 前 政府 竟然 認為 如此 的 傾斜度 猶然 不足 ，	
竟然	PS	內外 形象 竟然 如此 懸殊 ，	
竟然	PS	竟然 可以 藉由 國民黨 完全 執政 的 優勢 ，	
竟然	PS	選民 竟然 是 在 缺乏 深思熟慮 的 情況 下 投票 ，	
竟	PS	問鼎 大 位 者 竟 振振有詞 。	
答案 當然 是 否定 的	TTC	答案 當然 是 否定 的 ，	
自不待言 。	TTC	自不待言 。	
不 誠 無物	TTC	不 誠 無物 ，	
眾所周知 ，	TTC	眾所周知 ，	
眾所周知 ，	TTC	眾所周知 ，	
不 誠 無物	TTC	不 誠 無物 ，	
必須	X	國民黨 立院 黨團 承 命 在 國會 撕毀 朝野 協商 達成 必須 逐條 審查 、 逐條 表決 的 共識 ，	
盜取	X	將 衍生 我國 人民 個 資 被 盜取 ，	
威脅	X	我方 資訊 安全 受 威脅 的 風險 。	
不當	X	如果 人民 還 不當 順民 ，	
必須	X	必須 透過 北京 ；	
國安	X	由於 他 被 以 違反 「 國安法 」 起訴 判刑 ，	
不當	X	若 不當 一 回 事 嚴肅 以 對 ，	
「 改變成 真 」	X	社論 》 太陽花 開啟 了 「 改變成 真 」 新 境界	
竟	X	要 克 竟 其 功 ，	
必須	X	必須 與 全球 連結 ，	
杯葛	X	最近 在 立法院 院會 又 上演 闖關 、 杯葛 、 棄守 、 反制 的 戲碼 ，	
無能	X	體制 綑綁 令 大人 無能為力 之 際 ，	
害 台	X	洪秀柱 指摘 「 分離 主義 」 從 安全 、 鎖國 、 經濟 、 社會 危害 台灣 ，	
恐怖	X	有 一 個 飽受 白色恐怖 之 害 的 父親 ，	
恐怖	X	壓縮 白色恐怖 的 史實 。	
奮起	X	兩百多 所 學校 學生 奮起 響應 ，	
清新	X	也 為 年輕 一 代 清新 有為 喜 ，	
奮起	X	更 應 積極 支持 聲援 高中 學生 奮起 ，	
失敗 的	X	想要 「 遵循 」 的 朱立倫 、 洪秀柱 也 註定 要 失敗 的 。	
剝奪	X	這 種 相對 剝奪感 也 是 近在眼前 的 陰影 。	
風險	X	還要 加強 對 經濟 合作 、 項目 批 審 的 廉政 風險 控管 。	
奮起	X	去年 春季 終 導致 青年 世代 奮起 ，	
撐腰	X	這 位 自稱 有 十三億 人 撐腰 的 藝人 ，	
硬	X	但 不論 軟硬體 建設 都 存在 諸多 力求 改進 之 處 。	
硬	X	以 硬體 來 說 ，	
奮起	X	包括 二○○八年 的 「 人民 奮起 ，	
危機	X	所以 桃機 因 雨 癱瘓 務必 火速 拆解 危機 ，	
硬	X	硬 實力 早 就 不可 同日而語 ，	
傾中 政策	X	傾中 政策 誤國 誤民 ，	
恐怖	X	二二八 、 白色恐怖 冤魂 何辜 ？	
主權	X	一九九七 香港 主權 移交 至今 ，	
主權	X	主權 移交 後 北京 拒絕 直通 車 另 起 爐灶 ，	
害 台	X	才 使 國共 兩 個 中國黨 聯手 禍害 台灣 至今 。	
國安	X	國安 團隊 宜 有 劇本 分析 ，	
國安	X	有賴 國安 推演 見招拆招 。	
危機	X	中國 製造 飛彈 危機 ，	
硬	X	但 洪秀柱 硬是 不理 ，	
硬	X	習近平 對 台 似乎 只 硬 不 軟 了 ，	
民調	X	圍爐 前夕 的 某 項 民調 顯示 ，	
民調	X	便 從 六八九萬 票 陷入 民調 跌 多 漲 少 的 泥沼 ，	
民調	X	而 根據 近年 的 總統 民調 經驗 ，	
民調	X	政治 人物 要 避免 民調 低落 固態 化 ，	
民調	X	剛 當選 的 銳氣 也 被 民調 硬是 拉 了 下來 。	
暴力	X	強調 「 絕對 不能 放任 以 暴力 來 拖延 改革 的 腳步 」 ；	
硬	X	習近平 可能 會 迷信 以 力 服人 的 「 硬 道理 」 。	
暴力	X	藍 綠 難得 一致 譴責 暴力 行為 ，	
國安	X	是 台灣 國安 未曾 遭逢 的 另 類 挑戰 ，	
硬	X	仍 是 硬 道理 。	
害 台	X	長期 以來 毒害 台灣 經濟 ，	
硬	X	乃是 一 場 扎扎實實 的 硬仗 。	
硬	X	乃 修出 「 一 例 一休 」 硬性 規定 之類 的 怪胎 。	
民調	X	民調 也好 ，	
覺醒	X	喚起 國人 的 覺醒 ，	
國安	X	「 完全 執政 」 的 民進黨 政府 、 國安 單位 對 中國 之 步步 入侵 諱莫如深 ，	
國家 安全	X	反 併吞法 、 反 滲透法 、 資 安法 、 國家 安全 查核 制度 、 科技 保護法 、 國家 機密 保護法 、 國家 安全法 、 兩岸 人民 關係 條例 等 該 立法 的 要 立法 、 該 加強 的 要 加強 、 該 修 的 即 修 ，	
主權	X	在 香港 主權 移交 中國 二十二週年 前夕 ，	
主權	X	中國 恢復 對 香港 行使 主權 ，	
主權	X	只是 包裝 取得 西藏 、 香港 主權 的 糖衣 ，	
矛盾	X	正 是 擺脫 路線 矛盾 的 三贏 上策 。	