標記內容	宣傳手法	原句
嚴 長壽	ATA	但 若 能 聽 一 聽 許多 堪稱 「 台灣 社會 良心 」 的 意見 領袖 如 彭淮南 、 施振榮 、 嚴 長壽 、 童子 賢 等 的 談話 ，
彭淮南	ATA	但 若 能 聽 一 聽 許多 堪稱 「 台灣 社會 良心 」 的 意見 領袖 如 彭淮南 、 施振榮 、 嚴 長壽 、 童子 賢 等 的 談話 ，
施振榮	ATA	但 若 能 聽 一 聽 許多 堪稱 「 台灣 社會 良心 」 的 意見 領袖 如 彭淮南 、 施振榮 、 嚴 長壽 、 童子 賢 等 的 談話 ，
童子賢	ATA	但 若 能 聽 一 聽 許多 堪稱 「 台灣 社會 良心 」 的 意見 領袖 如 彭淮南 、 施振榮 、 嚴 長壽 、 童子 賢 等 的 談話 ，
最 厲 的 鬼魅	ATF	這 半 年 多 來 折磨 黃世銘 最 厲 的 鬼魅 ，
邊緣化	ATF	台灣 的 政經 地位 勢必 更 邊緣化 ，
附庸 化	ATF	則 台灣 和 大陸 的 關係 就 可能 更 趨向 衛星 化 或 附庸 化 。
「 害台	ATF	卻 不無 可能 造成 「 害台 禍台 」 的 後果 。
禍台	ATF	卻 不無 可能 造成 「 害台 禍台 」 的 後果 。
邊緣化	ATF	無論 在 區域 經濟 或 國際 政治 上將 更 趨 邊緣化 ；
邊緣化	ATF	而 邊緣化 的 結果 ，
害台	ATF	即 不會 不 知 這 種 「 反中 抗中 變成 害台 禍台 」 的 弔詭 ；
禍台 」	ATF	即 不會 不 知 這 種 「 反中 抗中 變成 害台 禍台 」 的 弔詭 ；
禍台 」	ATF	彼等 皆 明明 知道 這 是 將 台灣 帶上 「 反中 抗中 變成 害台 禍台 」 的 絕路 。
「 害台	ATF	即 不無 可能 出現 無以 逆轉 的 「 害台 禍台 」 的 後果 。
禍台	ATF	即 不無 可能 出現 無以 逆轉 的 「 害台 禍台 」 的 後果 。
絕路	ATF	卻 仍 要 將 台灣 帶上 絕路 ？
民主 倒退	ATF	抗爭 者 更 應該 思考 如何 避免 以 反 民主 的 手段 造成 民主 倒退 的 危機 。
邊緣化	ATF	整 個 國家 亦 告 邊緣化 ；
邊緣化	ATF	當 台灣 因 全球化 而 被 徹底 邊緣化 後 ，
邊緣化	ATF	當 台灣 在 全球化 中 被 邊緣化 後 ，
邊緣化	ATF	同時 也 讓 民進黨 的 反對 角色 淪為 邊緣化 。
邊緣化	ATF	避免 經濟 遭到 邊緣化 ；
邊緣化	ATF	卻 儼然 被 邊緣化 。
邊緣化	ATF	話題 涉及 二○一六年 後 的 兩岸 可能 情勢 及 台灣 經貿 邊緣化 等 方面 ，
絕路	ATF	也 是 將 台灣 送上 絕路 。
絕路	ATF	這 種 井底之蛙 自尋 絕路 的 國策 主張 ，
邊緣化	ATF	更 未 計入 經貿 安全 邊緣化 帶動 的 政治 安全 邊緣化 。
邊緣化	ATF	更 未 計入 經貿 安全 邊緣化 帶動 的 政治 安全 邊緣化 。
「 害台	ATF	以致 將 「 反 中 」 操弄 成 「 害台 」 、 「 反 台 」 。
「 害台	ATF	這 豈不是 「 害台 ╱ 反 台 」 的 冷血 政策 ？
邊緣化	ATF	不但 會 使 台灣 在 世界 政經 情勢 中 更 趨 邊緣化 ，
邊緣化	ATF	亦 將 使 民進黨 在 兩岸 博弈 中 更加 邊緣化 ，
邊緣化	ATF	而 邊緣化 將 使 民進黨 不易 通過 二 〇 一六 的 總統 大選 ，
「 害台	ATF	還是 民進黨 的 杯葛 戰術 將 導致 「 害台 」 ，
邊緣化	ATF	但 在 全球化 當道 、 中國 崛起 及 台灣 邊緣化 的 走勢 下 ，
邊緣化	ATF	或 台獨 反而 將 使 台灣 邊緣化 而 經濟 更 陷 困境 ？
邊緣化	ATF	台灣 才 不會 因 抗拒 面對 中國 而 遭到 世界 邊緣化 。
邊緣化	ATF	蔡英文 竟 任令 其 教育部 推出 將 中國史 邊緣化 的 歷史課 綱 ，
這 不 是 民進黨 的 「 私有化 」 是 什麼 ？	BW	這 不 是 民進黨 的 「 私有化 」 是 什麼 ？
絕不	BW	音量 絕不 稍 遜 ，
不可能 靠 著 街頭 抗議 或 國際 鎂光燈 解決	BW	畢竟 不可能 靠 著 街頭 抗議 或 國際 鎂光燈 解決 ，
這 個 國家 豈不 注定 要 在 想像 與 現實 的 兩極 間 自我 拉扯 ？	BW	這 個 國家 豈不 注定 要 在 想像 與 現實 的 兩極 間 自我 拉扯 ？
學生 的 要求 是 畫蛇添足 還是 無理 找碴 ？	BW	學生 的 要求 是 畫蛇添足 還是 無理 找碴 ？
絕不	BW	絕不 能 當成 行政 層次 的 事務 處理 。
抗中 或 害台 ？	BW	抗中 或 害台 ？
沒有 任何 國家 能 容許	BW	沒有 任何 國家 能 容許 群眾 闖入 政府 機關 ，
絕不	BW	不 達 目的 絕不 罷休 。
完全 是 朝野 立委 爾虞我詐 、 機關 算 盡 的 結果 。	BW	完全 是 朝野 立委 爾虞我詐 、 機關 算 盡 的 結果 。
絕不	BW	這 絕不 是 因為 民進黨 沒有 堅持 《 台獨 黨綱 》 的 「 自由 」 ，
絕無 可能	BW	但 絕無 可能 阻擋 全球化 。
絕不	BW	街頭 運動 絕不 是 民主 的 時髦 活動 ，
絕不	BW	也 絕不 可能 說服 台灣 人民 ，
絕不	BW	絕不 服從 ；
絕不	BW	這 絕不 是 此 一 事件 的 「 天然 成分 」 ，
絕不	BW	這 絕不 是 「 天然 成分 」 ，
絕不	BW	而 它 絕不 僅 是 一 項 「 經濟 議題 」 ，
絕不	BW	絕不 鬆懈 ，
絕不	BW	絕不 能 不智 地 只 為 偶然 因素 即 捲入 戰爭 ，
必須	BW	她 必須 斬釘截鐵 地 說 「 贊成 與否 」 。
必須	BW	蔡英文 必須 對 九二 共識 作出 回應 ，
必須	BW	也 就是 必須 對 是否 維持 台獨路 線 作 一 交代 。
必須	BW	北京 必須 承認 ，
必須	BW	九二 共識 必須 從 「 反對 台獨 」 的 負向 思考 ，
必須	BW	也 就 不必 堅持 她 必須 說出 「 九二 共識 」 四 個 字 。
必須	BW	二 、 必須 說出 「 九二 共識 」 四 個 字 ，
必須	BW	三 、 必須 說出 「 九二 共識 」 四 個 字 ，
必須	BW	就 必須 引導 民進黨 回到 中華民國 及 中華民國 憲法 ；
必須	BW	他 必須 盡快 採取 主動 作為 ，
必須	BW	習近平 必須 認真 思考 更 艱鉅 的 「 心靈 契合 」 工程 。
必須	BW	蔡英文 必須 誠實 回歸 中華民國 與 九二 共識 的 政治 基礎 。
絕不	BW	它 絕不 能 無動於衷 。
絕不	BW	那麼 國會 的 制衡 絕不 能 棄守 。
絕不	BW	絕不 能 步上 貴格會 的 後塵 。
絕不	BW	絕不 容許 「 占領 」 公署 ，
絕不	BW	絕不 應 只是 一味 設法 討好 學生 ，
絕不	BW	絕不 能 像 林 全 處理 太陽 花撤 告 ，
絕不	BW	絕不 可能 寫出 這樣 的 判決書 來 。
絕不	BW	軍人 出身 的 郝柏村 雖 稱 「 陸軍 是 我們 最後 一 張 王牌 」 絕不 能 裁 ，
絕不	BW	絕不 寬貸 。
絕不	BW	祕訣 絕不 在 一味 否定 對手 ，
必須	DS	那 是 他 必須 接受 的 另 一 種 社會 審判 。
必須	DS	必須 藉由 ＥＣＦＡ 進一步 擴大 改善 台灣 的 國際 政經 關係 。
必須	DS	台灣 必須 「 由 中國 走向 世界 」 ，
必須	DS	台灣 必須 對 與 大陸 的 經濟 連結 有所 警覺 ，
必須	DS	去年 有 三百萬 烏克蘭 人 必須 赴 俄 謀生 ，
必須	DS	也 是 他 必須 調整 的 領導 思維 。
必須	DS	馬英九 、 江宜樺 必須 懂得 召喚 「 沉默 的 多數 」 ，
必須	DS	這 也 是 必須 付出 的 代價 。
必須	DS	必須 花 更多 的 時間 進行 溝通 ，
必須	DS	反對 者 亦 必須 省思 ，
必須	DS	必須 務實 調整 ，
必須	DS	但 持續 兩 周 的 學運 必須 設法 擺脫 「 以 民主 之 名 妨害 民主 」 的 矛盾 ，
必須	DS	二 是 「 兩岸 協議 監督 條例 」 必須 先 完成 立法 再 審 服貿 ，
必須	DS	學生 要求 所有 朝野 立委 必須 簽名 同意 「 先 立法 再 審查 」 ，
必須	DS	必須 由 公民 團體 和 學生 為 主體 來 籌備 與 召開 「 公民 憲政 會議 」 ，
必須	DS	「 體現 民意 」 必須 經由 國會 的 多數 決 程序 ，
必須	DS	必須 建立 一 足以 支撐 兩岸 互信 的 新 架構 。
必須	DS	更 必須 贏得 全球化 的 挑戰 。
必須	DS	台灣 必須 選擇 「 迎 對 」 或 「 退卻 」 。
必須	DS	當然 也 是 把 台灣 帶入 困境 的 政治 人物 必須 反省 的 課題 。
必須	DS	必須 認真 區分 「 言論 自由 」 與 「 正確 的 國家 生存 戰略 的 選項 」 之間 的 區別 ；
必須	DS	而是 必須 思考 「 台獨 」 是否 為 「 正確 的 國家 生存 戰略 」 。
必須	DS	她 必須 接收 學運 的 強烈 反中 主張 。
必須	DS	但 任何 有 責任感 的 政府 都 必須 積極 回應 ，
必須	DS	必須 讓 台灣 社會 領悟 「 愈 『 中華 』 ，
必須	DS	所以 台獨 必須 反 全球化 ） 不可能 具有 撐持 福利 國家 的 社經 實力 ；
必須	DS	而 警方 還 必須 站 在 門 外 幫 他們 維護 安全 ？
必須	DS	都 必須 做出 選擇 。
必須	DS	必須 向 「 分配 正義 」 的 軸線 修正 ，
必須	DS	台灣 近年 欲 進 不 前 的 困局 必須 打破 ，
必須	DS	但 必須 提醒 的 是 ，
必須	DS	必須 對 兩岸 問題 提出 大開 大闔 的 新 架構 。
必須	DS	第一 個 必須 回答 的 問題 是 ：
必須	DS	兩岸 必須 先 確立 中華民國 在 「 大屋頂 」 下 的 定位 ，
必須	DS	導致 民眾 必須 上街 抗爭 ，
必須	DS	台灣 注意到 了 產業 必須 轉型 的 迫切性 ；
必須	DS	甚至 強迫 中立 或 持 保留 看法 的 人 必須 表態 選 邊 ，
必須	DS	是 所有 人民 必須 容忍 且 共同 承受 的 代價 。
必須	DS	而 必須 了解 鄭捷 的 心 裡 究竟 潛藏 著 什麼 樣 的 仇恨 幻想 ，
必須	DS	她 必須 一一 處理 這些 形象 損傷 、 戰略 矛盾 、 和 路線 倒退 的 問題 ，
必須	DS	卻 是 她 自己 和 民進黨 必須 誠實 並 懇切 檢視 的 問題 。
必須	DS	卻 也 必須 面臨 國家 司法 的 偵審 和 追訴 。
必須	DS	有效 的 司法 偵辦 必須 要 解答 學運 引發 的 這 類 基本 疑惑 。
必須	DS	使 她 必須 有 強勢 操作 的 表現 ；
必須	DS	但 民進黨 必須 與 北京 和解 的 壓力 ，
必須	DS	太陽花 逼使 蔡英文 在 服貿協議 及 自由 經濟 示範區 上 必須 「 反中 」 ，
必須	DS	但 張志軍 的 來訪 卻 又 迫使 蔡英文 必須 作 「 和 中 」 的 表態 。
必須	DS	都 是 必須 檢討 的 事 。
必須	DS	是 分寸 的 拿捏 與 事 前 的 規劃 必須 周密 ，
必須	DS	有 兩 項 因素 使 政府 必須 採取 驅離 行動 ：
必須	DS	警方 可能 必須 出動 防暴 部隊 、 祭出 催淚彈 等 來 驅散 人群 ，
必須	DS	陸美 雙方 皆 論及 必須 探尋 拉近 海峽 兩岸 關係 的 新語詞 （ terminology ） 與 新概念 （ concepts ） 。
必須	DS	而 必須 把 台灣 人民 放 在 眼 裡 。
必須	DS	而 必須 經 黨員 代表 大會 的 民主 程序 為之 ；
必須	DS	她 既 可 藉 「 黨 內 民主 」 的 名義 主張 必須 尊重 黨 內 對 「 是否 凍獨 」 的 充分 討論 ；
必須	DS	必須 有 能力 以 「 黨 內 民主 」 來 化解 台獨 在 黨 內 的 最後 一 場 蝸角 之 爭 ，
必須	DS	蔡英文 必須 面對 世局 國情 的 真相 。
必須	DS	實際 上 必須 辨明 這 是否 一 個 政治 騙案 。
必須	DS	國人 必須 重視 太陽花 多數 青年 群眾 對 「 台灣 意識 」 的 護持 ，
必須	DS	即 必須 「 調整 」 台獨 立場 ；
必須	DS	而 在 必須 調整 台獨 路線 ；
必須	DS	而是 民進黨 在 壓力 下 必須 「 朝 中國 的 方向 去 調整 」 。
必須	DS	馬 政府 必須 亡羊補牢 。
必須	DS	蔡英文 必須 深切 認知 ：
必須	DS	但 蔡英文 也 必須 自問 ：
必須	DS	必須 建築 在 資訊 的 揭露 分享 之上 ，
必須	DS	為什麼 《 貨 貿協議 》 必須 同步 進行 ，
必須	DS	必須 逐步 推進 ，
必須	DS	有時 卻 必須 作出 取捨 與 抉擇 。
必須	DS	必須 透過 對話 和 討論 來 完成 ，
必須	DS	但 當 民進黨 內 的 「 大人 們 」 警覺 台獨 路線 必須 調整 之 時 ，
必須	DS	更 必須 提出 能 讓 兩岸 民眾 放心 的 政策 綱領 。
必須	DS	外銷 產業 除 必須 接受 上下游 廠商 的 品管 ，
必須	DS	同時 必須 通過 出口國 的 行政 規範 ；
必須	DS	廠商 必須 力求 精準 ，
必須	DS	必須 審慎 拿捏 。
必須	DS	民進黨 必須 戒慎 恐懼 ，
必須	DS	兩岸 必須 重塑 氛圍 並 調整 對話 模式 ，
必須	DS	即 必須 在 任內 完成 一 個 「 超越 藍綠 ╱ 無可 回逆 」 的 兩岸 布建 ；
必須	DS	也 必須 布建 一 個 「 超越 藍綠 ╱ 無可 回逆 」 的 兩岸 架構 ，
必須	DS	則 必須 期待 明日 王張會 宣示 共同 決志 ；
必須	DS	北京 應 深知 必須 面對 全體 台灣 民眾 ，
必須	DS	則 是 反對 普天間 基地 遷移 、 力主 美軍 基地 必須 撤離 沖繩 本島 的 要角 。
必須	DS	必須 儘速 收拾 心情 改組 政府 和 政黨 ；
必須	DS	總統 必須 潛心 扮演 國家 領導 角色 ，
必須	DS	柯文哲 必須 將 「 超越 藍綠 」 這 個 初衷 逐一 注入 他 的 施政 ，
必須	DS	這 當然 也 是 國民黨 必須 警惕 的 事 。
必須	DS	他 必須 意識到 ，
必須	DS	政府 必須 正視 價值 與 實踐 的 世代 遷移 ，
必須	DS	或者 是 國家 資源 分配 制度 必須 重新 調整 ，
必須	DS	這 是 年輕 世代 必須 認清 的 方向 。
必須	DS	台灣 必須 能 「 以 民主 建立 政績 」 ，
必須	DS	我們 必須 證明 ：
必須	DS	二 、 台北 與 上海 的 城市 交流 亦 必須 依循 「 九二 共識 」 ；
必須	DS	若 至 必須 直接 表態 「 反 台獨 」 ，
必須	DS	蔡英文 必須 把 這 句 話 再 說 一 遍 ，
必須	DS	那麼 我們 就 必須 問 ：
必須	DS	且 必須 儘速 著手 ，
必須	DS	更 必須 在 思維 、 心態 及 經營 上 都 要 有所 轉變 。
必須	DS	朱立倫 必須 鼓勵 大家 跟 他 一起 動 腦 ，
必須	DS	民進黨 必須 正視 兩岸 和平 框架 崩解 的 警告
必須	DS	直接 發出 民進黨 必須 面對 「 兩岸 和平 框架 崩解 」 的 警告 。
必須	DS	民進黨 必須 正視 兩岸 和平 框架 將 面臨 崩解 危機 。
必須	DS	民進黨 必須 調整 ，
必須	DS	蔡英文 必須 拿出 其 所謂 「 中國 會 朝 民進黨 的 方向 調整 」 的 根據 所在 。
必須	DS	更 必須 避免 一旦 再 執政 ，
必須	DS	必須 慎重 安排 總統 與 政府 在 會 中 的 角色 。
必須	DS	但 也 必須 照顧 政府 、 政黨 與 社團 的 代表性 ；
必須	DS	社會 公平 也 是 必須 照顧 的 議題 。
必須	DS	必須 以 刮骨 療傷 的 決志 ，
必須	DS	兩岸 必須 在 民進黨 中央 執政 的 情境 下 ，
必須	DS	必須 探討出 一 個 可以 相互 包容 的 政治 協議 。
必須	DS	更 深刻 地 思考 台灣 在 兩岸 互動 上 必須 贏得 的 尊嚴 ，
必須	DS	它 必須 採取 「 呼吸 策略 」 而 不 是 「 窒息 策略 」 。
必須	DS	國民黨 必須 誠懇 檢討 兩岸 政策 對 台灣 人民 心理 層面 的 衝擊 及 在 分配 公平 正義 上 的 疑慮 。
必須	DS	就 必須 作 台 獨路線 的 轉型 者 、 修正 者 、 革命 者 或 拋棄 者 ，
必須	DS	而 她 也 必須 以 面對 此 種 抉擇 的 心情 邁向 最後 一 哩 。
必須	DS	卻 可能 必須 以 「 去 台獨 」 的 方案 來 面對 現實 。
必須	DS	蔡英文 必須 主動 操持 對 「 兩岸 新機遇 」 的 定義權 ，
必須	DS	必須 設法 擺脫 深 綠 的 捆綁 ，
必須	DS	而 在於 「 民進黨 必須 轉型 」 。
必須	DS	卻 必須 步步為營 。
必須	DS	則 是 蔡 若 重返 執政 必須 承 負 的 政治 責任 。
必須	DS	但 必須 承認 ：
必須	DS	這 是 必須 認清 的 現實 。
必須	DS	民進黨 原 已 意識到 必須 調整 兩岸 政策 ，
必須	DS	仍 必須 就 總體 國政 提出 架構性 的 主張 和 思維 。
必須	DS	人 們 都 必須 意識到 學運 可以 牽引 社會 腳步 ，
必須	DS	他 也 必須 吞下 此 一 「 斷章取義 」 的 結論 ，
必須	DS	而且 必須 說 得 愈來愈 清楚 。
必須	DS	提出 「 既是 國是 會議 、 必須 總統 主持 」 的 要求 ，
必須	DS	民進黨 原本 倡言 必須 將 現行 五％ 的 政黨 門檻 降至 三％ ，
必須	DS	必須 在 街頭 及 議場 上 分別 看待 ，
必須	DS	她 必須 不斷 提出 各 種 改革性 、 理想性 的 訴求 ，
必須	DS	必須 與 其 擔任 的 角色 對應 。
必須	DS	能力 必須 與 角色 相當 。
必須	DS	因此 她 就 必須 具備 與 其 角色 相當 的 能力 ，
必須	DS	政治 人物 的 能力 必須 與 其 角色 有 對稱性 ，
必須	DS	蔡英文 必須 有 能力 把 它 止住 ，
必須	DS	一 、 民進黨 必須 提升 與 轉型 。
必須	DS	但 蔡英文 必須 面對 。
必須	DS	也 必須 辨明 小氣旋 與 大 氣候 的 區別 ，
必須	DS	必須 能夠 包納 、 處理 並 跨越 這 段 歷史 。
必須	DS	它 必須 透過 民進黨 與 「 九二 共識 」 完成 歷史性 的 接軌 ，
必須	DS	蔡英文 必須 能夠 掙脫 民進黨 的 舊有 窠臼 ，
必須	DS	蔡英文 也 必須 回答 藍營 及 中間 選民 的 考題 。
必須	DS	人民 必須 回到 理性 的 、 真實 的 民主 原則 ，
必須	DS	當然 必須 積極 找出 病因 、 對症下藥 。
必須	DS	而 必須 就 台灣 的 問題 自己 尋求 解決之道 。
必須	DS	卻 都 必須 仰賴 民進黨 的 禮讓 和 整合 才能 敲定 選區 。
必須	DS	必須 有 「 超越 藍綠 」 的 自許 ，
必須	DS	公民 必須 學習 在 社會 上 與 「 不同 意見 」 和平 相處 。
必須	DS	台北 高等 行政 法院 判決 教育部 必須 公開 會議 紀錄 及 委員 投票 名單 意向 ，
必須	DS	立委 馬上 將 議題 拉高 為 臨時會 必須 緊急 插手 的 要務 。
必須	DS	中共 必須 有 最 壞 打算 。
必須	DS	強調 中國 必須 避免 戰爭 ，
必須	DS	必須 改以 火力 發電 替代 ，
必須	DS	必須 在 安全 、 環保 與 價格 三 方 作出 合適 的 考量 。
必須	DS	政府 的 能源 政策 必須 在 情 、 理 、 法三 方 同步 努力 ，
必須	DS	我們 必須 反思 ：
必須	DS	必須 靠 「 中華民國 」 支撐 ；
必須	DS	必須 求救 於 中華民國 ，
必須	DS	必須 改選 區域 立委 ，
必須	DS	這 則 必須 提醒 大家 注意 。
必須	DS	而 必須 算 在 蔡英文 的 帳 上 。
必須	DS	馬 政府 必須 揚棄 「 五 日 京兆 」 心態
必須	DS	而是 必須 在 論述 和 境界 上 有所 開展 ，
必須	DS	都 必須 透過 體制 的 政治 行動 中 尋求 扎根 ，
必須	DS	必須 深刻 反省 。
必須	DS	那麼 就算 是 必須 倒退 ，
必須	DS	國民黨 必須 從 這樣 的 盲動 中學 到 教訓 ：
必須	DS	政黨 的 發展 必須 要 有 長遠 的 大局 觀照 ，
必須	DS	人們 必須 警惕 的 是 ，
必須	DS	卻 必須 直面 馬習會 的 實質 效應 。
必須	DS	必須 注意 綠營 「 反中 」 與 「 打馬 」 策略 運用 的 主客 易位 ，
必須	DS	民進黨 堅持 馬 總統 必須 「 即 問 即 答 」 ，
必須	DS	而 民進黨 目前 利用 「 反中 打馬 」 作為 其 獲利 模式 的 戰略 也 必須 調整 。
必須	DS	蔡英文 必須 警覺 此 種 在 政策 上 與 性格 上 的 矛盾 。
必須	DS	但 必須 提醒 的 是 ，
必須	DS	民進黨 堅持 進口 美牛 瘦肉精 必須 「 零 檢出 」 ，
必須	DS	政府 任何 公共 政策 都 必須 權衡 各 方 利弊 得失 ，
必須	DS	但 必須 是 對 整體 社會 最為 有益 ，
必須	DS	民進黨 和 時代 力量 都 必須 重新 咀嚼 、 消化 。
必須	DS	她 更 必須 教導 持 不同 政治 信仰 的 人民 互相 尊重 、 互相 協助 ，
必須	DS	卻 也 是 它 必須 支付 的 代價 ，
必須	DS	而 必須 在 專業 議題 上 拿出 夠 水準 、 夠 深度 、 夠 持久 的 立法 表現 ；
必須	DS	一樣 必須 接受 檢驗 ：
必須	DS	台灣 的 公共 論壇 必須 降低 「 酸值 」 ，
必須	DS	民眾 的 「 嗆聲 」 和 「 打臉 」 文化 必須 反省 、 減 量 ，
必須	DS	就 必須 培養 他們 作為 社會 公民 的 基本 素質 ，
必須	DS	蔡英文 卻 必須 用 總統 的 高度 來 處理 ，
必須	DS	他 也 必須 謹慎 自己 的 言行 ，
必須	DS	所以 也 必須 向 地勤 讓步 。
必須	DS	則 必須 考慮 營運 成本 和 外部 競爭力 ，
必須	DS	這 種 善意 必須 維持 ，
必須	DS	必須 徹底 更新 。
必須	DS	必須 注意 的 是 ，
必須	DS	這 也 是 台灣 必須 警惕 的 諫言 。
必須	DS	但 我們 自己 必須 知道 皮相 底下 的 台灣 發生 了 什麼 問題 。
必須	DS	示威 學生 要求 政府 必須 先 制訂 《 兩岸 監督 條例 》 ，
必須	DS	但 更 必須 警惕 ，
必須	DS	以及 「 反蔣 去 孔 」 、 「 徹查 大學 一 中 承諾 書 」 、 「 中 轉 大陸 必須 報准 」 等 一道道 扣上 枷鎖 的 聲音 。
必須	DS	或 只是 祭壇 上 必須 掃除 的 灰燼 ；
必須	DS	我們 必須 肯定 太陽花 為 台灣 民主 注入 的 熱情 與 動力 。
必須	DS	但 也 都 必須 面對 它們 迎 來 的 暗潮 。
必須	DS	卻 必須 接受 理智 與 責任 的 考驗 。
必須	DS	而 必須 用 多 嚴厲 的 手段 給予 制裁 。
必須	DS	或者 應 看成 必須 改革 的 陋習 ？
必須	DS	高度 依賴 外貿 的 台灣 必須 迎向 這 個 挑戰 ；
必須	DS	吳敦義 必須 有 「 置 之 死地 而後 生 」 的 決心 。
必須	DS	吳敦義 必須 要 打開 思維 的 硬 殼 ，
必須	DS	這 是 他 必須 征服 的 第二 個 嚴苛 考驗 。
必須	DS	台灣 必須 用 自己 的 充員兵 去 嚇阻 中共 進犯 ，
必須	DS	台灣 必須 自己 負責 ，
必須	DS	而 覺得 必須 透過 如影隨形 的 示威 來 發洩 其 憤怒 。
必須	DS	必須 湧向 補習班 尋求 補充 ；
必須	DS	部會 必須 先 報告 「 始得 動支 」 ，
必須	DS	也 必須 承認 ：
必須	DS	駐日 代表 謝長廷 認為 檢調 必須 就此 公開 說明 ，
必須	DS	是否 意識到 自己 抗爭 的 對象 已經 不同 而 必須 調整 戰略 和 目標 ，
必須	DS	而 必須 從 根源 化解 ，
必須	DS	都 是 必須 討伐 鬥爭 的 「 幫兇 」 ？
必須	DS	民進黨 必須 想想 ：
必須	DS	反 年改 者 必須 節制 ，
必須	DS	蔡 政府 必須 反思 兩岸 政策 的 根本 盲點 ，
必須	DS	時力 又 必須 裝作 忘卻 和 柯文哲 的 路線 歧異 ，
必須	DS	卻 必須 邀 他 輔選 站台 為 自己 的 候選人 增添 知名度 ，
必須	DS	柯文哲 必須 想清楚 ：
必須	DS	北京 當局 必須 正視 香港 社會 因 政治 衝突 ，
必須	DS	他 也 必須 開放 自己 成為 最 大多數 的 載體 ，
在 彰顯 什麼 樣 的 法律 價值 ，	DT	究竟 在 彰顯 什麼 樣 的 法律 價值 ，
又 在 維護 什麼 樣 的 司法 正義 ？	DT	又 在 維護 什麼 樣 的 司法 正義 ？
卻 連 這 點 想法 也 容不下 ？	DT	卻 連 這 點 想法 也 容不下 ？
烏克蘭 財政 會不會 崩潰 ，	DT	烏克蘭 財政 會不會 崩潰 ，
會不會 又 要 商請 俄國 寬限 ，	DT	會不會 又 要 商請 俄國 寬限 ，
又 如何 贏得 民眾 認同 ？	DT	又 如何 贏得 民眾 認同 ？
為 台灣 爭取 利益 ？	DT	為 台灣 爭取 利益 ？
「 台獨 」 是否 為 「 正確 的 國家 生存 戰略 」	DT	而是 必須 思考 「 台獨 」 是否 為 「 正確 的 國家 生存 戰略 」 。
難道 連 自己 面臨 什麼 危機 都 不 明白 ？	DT	難道 連 自己 面臨 什麼 危機 都 不 明白 ？
如此 扭曲 的 網路 世界 又 如何 藉由 開放 、 自由 爭取 正義 ？	DT	如此 扭曲 的 網路 世界 又 如何 藉由 開放 、 自由 爭取 正義 ？
一 夕 之間	EXAGGERATION	但 崩毀 可能 只 在 一 夕 之間 。
永遠	EXAGGERATION	但 近年 來 卻 逐漸 成 了 永遠 在 上演 杯葛 、 衝突 、 脫序 戲碼 的 鬥獸場 。
轉瞬	EXAGGERATION	以致 最後 轉瞬 潰敗 在 群眾 的 懶人 包 行動 下 。
永遠	EXAGGERATION	如果 國家 決策 進程 永遠 受 絆 於 短視 的 選舉 時程 ，
一 夕 之間	EXAGGERATION	政府 可能 在 一 夕 之間 停擺 ；
永遠	EXAGGERATION	馬 總統 也許 永遠 不會 知道 政府 的 施政 有 多麼 讓 人民 失望 和 憤慨 ，
永遠	EXAGGERATION	國民黨 也 永遠 不 知道 自己 政黨 的 病情 有 多麼 嚴重 。
永遠	EXAGGERATION	即可 將 中國 大陸 永遠 摒 於 海峽 彼岸 。
永遠	EXAGGERATION	永遠 得不到 具體 的 解決 。
永遠	EXAGGERATION	政策 永遠 在 爭議 之中 擺盪 不 前 ，
永遠	EXAGGERATION	藍綠 要 永遠 各 據 山頭 作 你死我活 的 對決 ，
永遠	EXAGGERATION	如果 政黨 之間 永遠 只有 對立 ，
永遠	EXAGGERATION	正 是 從 光譜 中間 的 「 永遠 維持 現狀 」 向 兩 端 挪移 。
永遠	EXAGGERATION	台灣 主政 者 卻 以為 美國 還是 永遠 的 靠山 ，
永遠	EXAGGERATION	敢 衝 能 秀 的 立委 永遠 占盡 便宜 ，
永遠	EXAGGERATION	永遠 只 用 「 國家 尊嚴 」 遭到 打擊 為 藉口 來 剝削 民眾 的 感情 。
永遠	EXAGGERATION	卻 暴露 了 台灣 永遠 在 內 耗 的 無限 可悲 。
國會 象徵 的 就是 民意 。	FW	國會 象徵 的 就是 民意 。
台灣 的 出路 是 由 ＥＣＦＡ 到 ＴＰＰ 。	FW	台灣 的 出路 是 由 ＥＣＦＡ 到 ＴＰＰ 。
民主 精神	FW	這 並 不符 民主 精神 ，
「 捍衛 民主 」	FW	這 豈 符合 其 「 捍衛 民主 」 的 口號 ？
讓 學生 們 平安 地 回到 學校 及 家庭 吧 ！	FW	讓 學生 們 平安 地 回到 學校 及 家庭 吧 ！
「 人民 」	FW	他們 也 是 「 人民 」 或 「 公民 」 ，
「 全民 總統 」	FW	身為 以 「 全民 總統 」 自居 的 領導人 ，
「 媽媽 反核 能 」	FW	例如 「 媽媽 反核 能 」 、 「 學生 反 服貿 」 。
「 學生 反 服貿 」	FW	例如 「 媽媽 反核 能 」 、 「 學生 反 服貿 」 。
「 人民 」	FW	這些 團體 動輒 以 「 人民 」 自居 ，
「 人民 」	FW	對於 「 人民 」 的 多樣性 缺乏 了解 ，
「 人民 」	FW	幾乎 一 無 疑問 地 接受 對方 以 全 稱 出現 的 「 人民 」 身分 ，
「 人民 」	FW	這 個 社會 裡 很多 人 的 「 公民 」 或 「 人民 」 的 身分 其實 是 被 漠視 了 。
「 捍衛 民主 」	FW	強調 「 捍衛 民主 」 ，
呵護 我們 得來 不易 的 自由	FW	盡心 呵護 我們 得來 不易 的 自由 。
「 人民 」	FW	但 「 人民 」 不 是 一 個人 ，
「 人民 」	FW	而 雙方 竟 都 口口聲聲 宣稱 自己 代表 「 人民 」 。
國會 正 是 民主 憲政 中 由 選舉 產生 的 最 高 民意 機關 ，	FW	國會 正 是 民主 憲政 中 由 選舉 產生 的 最 高 民意 機關 ，
「 台灣 全球化 機遇 」	FW	竟 以 可以 救濟 的 「 程序 正義 」 賠上 分秒必爭 且 無可 逆轉 的 「 台灣 全球化 機遇 」 ，
民主 大 教室	FW	提供 了 一 個 難得 的 民主 大 教室 ，
「 民族 廉恥 ╱ 國民 義憤 」	FW	於是 五四運動 迄 今 在 歷史 上 仍 能 維持 其 反映 「 民族 廉恥 ╱ 國民 義憤 」 的 本色 。
民意	FW	但 顯然 也 有 一 股 想要 擺脫 藍 綠 糾纏 的 民意 ，
「 人民 」	FW	因為 這 群 學生 雖 打 著 「 人民 」 的 旗號 ，
國會 的 尊嚴 、 自主 與 不可 侵犯	FW	本 應 嚴正 捍衛 國會 的 尊嚴 、 自主 與 不可 侵犯 ，
「 人民 」	FW	是 民主 政治 將 「 人民 」 過渡 至 「 人民 主治 」 的 關鍵 渠道 ，
民主 精神	FW	這 又 是 什麼 民主 精神 ？
民主 精神	FW	這 是 比較 合乎 民主 精神 的 作法 。
民主 精神	FW	因而 缺乏 應 有的 民主 精神 。
民主 精神	FW	會 覺得 這樣 的 作法 合乎 民主 精神 嗎 ？
民主 精神	FW	無論 法國 的 自由 傳統 或 美國 的 民主 精神 ，
「 全民 總統 」	FW	形式 上 還 作出 要 當 「 全民 總統 」 的 模樣 ；
被 釘上 十字架	HA	使 他 無法 免於 被 釘上 十字架 。
野百合	HA	民國 七十九年 的 「 野百合 」 運動 ，
「 五二○ 農運 」	HA	不 太 容易 引發 如 民國 七十七年 「 五二○ 農運 」 那樣 激烈 的 流血 衝突 。
「 茉莉花 革命 」	HA	「 茉莉花 革命 」 的 情境 與 充分 民主化 的 台灣 完全 不同 ，
泰國 的 紅 衫軍 和 黃 衫軍 之 爭	HA	例如 泰國 的 紅 衫軍 和 黃 衫軍 之 爭 ，
烏克蘭 十 年前 的 橘色 革命	HA	例如 烏克蘭 十 年前 的 橘色 革命 看似 成功 ，
野百合	HA	有 人 將 這 場 太陽花 學運 與 一九九○年 的 野百合 學運 相較 。
野百合	HA	坐 在 中正 紀念堂 廣場 的 野百合 ，
野百合	HA	除 太陽花 較 野百合 肆無忌憚 外 ，
野百合	HA	一九九○年 野百合 學運 的 一些 參與 者 ，
天安門	HA	更 憂慮 香港 會不會 重演 當年 天安門 廣場 的 悲劇 。
杯葛	LL	繞過 綠軍 霸占 主席台 的 杯葛 陣式 ，
鬧劇	LL	以 鬧劇 對付 鬧劇 ，
鬧劇	LL	以 鬧劇 對付 鬧劇 ，
不成體統	LL	實在 不成體統 ，
恥	LL	這 是 立法院 之 恥 。
憂慮	LL	這 是 她 對 黨 「 私有化 」 的 憂慮 。
勃然大怒	LL	引起 蘇貞昌 勃然大怒 ，
視 人民 為 政黨 可 驅遣 之 「 工具 」	LL	甚至 視 人民 為 政黨 可 驅遣 之 「 工具 」 ，
鬥爭	LL	彼此 不時 透過 鬥爭 或 結合 而 爭逐 利益 ；
根本	LL	根本 不 在乎 犧牲 台灣 的 未來 及 民眾 的 利益 。
犧牲	LL	根本 不 在乎 犧牲 台灣 的 未來 及 民眾 的 利益 。
罔顧	LL	這樣 汲汲 追逐 一 黨 之 私 、 罔顧 國家 整體 發展 的 政黨 ，
撕裂	LL	以 撕裂 社會 的 手段 把 政治 推向 「 私有化 」 的 窄巷 ，
杯葛	LL	綠軍 鎮日 熱中 杯葛 霸占 ，
譴責	LL	蔡英文 卻 只是 一面倒 地 譴責 藍營 ，
根本	LL	根本 和 蘇貞昌 沒有 兩樣 。
黨政 不 分	LL	過去 常 用來 形容 國民黨 的 黨政 不 分 ，
鬥爭	LL	現在 則 形諸 民進黨 之 為 鬥爭 而 鬥爭 ，
鬥爭	LL	現在 則 形諸 民進黨 之 為 鬥爭 而 鬥爭 ，
倒退	LL	蘇貞昌 領導 的 民進黨 在 向 後 倒退 ，
無效	LL	應 屬 無效 。
抹 除	LL	不僅 一舉 抹 除了 「 政黨 」 作為 「 人民 團體 」 的 特殊性 ，
動輒	LL	將 長久以來 朝野 政黨 動輒 以 「 黨紀 」 、 「 黨規 」 懲處 黨員 的 鍘刀 繳械 。
聲望 連挫	LL	對 聲望 連挫 的 馬英九 而 言 ，
受挫	LL	馬 總統 多 次 受挫 ，
撇開	LL	判決 故意 撇開 檢審會 已經 檢驗 過 的 王柯 關說 事實 ，
託詞	LL	卻 託詞 說 「 法院 所 追求 的 公平 正義 與 政治 折衝 的 利益 妥協 截然不同 」 ，
矯情	LL	不免 顯得 太過 矯情 。
下 了 如此 重 手	LL	法官 對於 國民黨 的 程序 之 失 下 了 如此 重 手 ，
輕輕 撇 到 一 旁 不理	LL	卻 把 王金平 的 關說 事實 輕輕 撇 到 一 旁 不理 ，
袖手旁觀	LL	議長 和 朝野 立委 不可 袖手旁觀
拖延	LL	民進黨 在 過程 中 不斷 刻意 拖延 ，
怒火	LL	引爆 「 反 服貿 」 民眾 的 怒火 。
「 政府 的 失 能 」	LL	一 面 反映 的 是 「 政府 的 失 能 」 ，
「 民主 的 失控 」	LL	另 一 面 反射 的 則 是 「 民主 的 失控 」 。
密室 協商	LL	但 台灣 近年 來 頻頻 透過 「 密室 協商 」 解決 問題 ，
杯葛	LL	法案 審理 始終 充滿 杯葛 、 拖延 和 交易 ，
拖延	LL	法案 審理 始終 充滿 杯葛 、 拖延 和 交易 ，
蕩然無存	LL	民主 政治 應 有的 多數 統治 、 大眾 諮商 功能 則 蕩然無存 。
無底洞	LL	就 如同 進入 無底洞 ，
不見天日	LL	從此 不見天日 ；
政府 的 失 能	LL	這 確實 是 政府 的 失 能 。
拖 了	LL	拖 了 整整 九 個 月 ，
根本	LL	朝野 對 「 實質 審查 」 根本 毫無 興趣 ，
杯葛	LL	民進黨 排 案 只 為了 杯葛 ，
侵犯	LL	國會 凜然 不可 侵犯 ，
羞辱 國家	LL	就是 羞辱 國家 、 羞辱 民主 的 失格 舉動 。
羞辱 民主	LL	就是 羞辱 國家 、 羞辱 民主 的 失格 舉動 。
失格	LL	就是 羞辱 國家 、 羞辱 民主 的 失格 舉動 。
區區	LL	區區 五百 名 學生 的 代表性 又 在 哪裡 ？
「 反 民主 」	LL	要 指 誰 「 反 民主 」 、 「 黑箱 」 ，
「 黑箱 」	LL	要 指 誰 「 反 民主 」 、 「 黑箱 」 ，
譴責	LL	但 應該 譴責 的 不 是 學生 ，
坐收漁利	LL	樂 得 坐收漁利 。
淪陷	LL	他們 應該 為 國會 的 淪陷 感到 羞愧 ；
羞愧	LL	他們 應該 為 國會 的 淪陷 感到 羞愧 ；
爆發	LL	王柯 關說案 爆發 至今 七 個 月 ，
命 喪	LL	反而 命 喪 政治 與 司法 的 亂刀 之下 ；
亂刀	LL	反而 命 喪 政治 與 司法 的 亂刀 之下 ；
悲劇	LL	這 是 黃世銘 的 悲劇 ，
悲劇	LL	也 是 台灣 的 悲劇 。
姑息	LL	以及 社會 輿論 對 不公 不義 者 的 姑息 與 漠然 。
漠然	LL	以及 社會 輿論 對 不公 不義 者 的 姑息 與 漠然 。
本末倒置	LL	完全 本末倒置 。
令 人 三 嘆	LL	真是 令 人 三 嘆 的 法匠 思維 。
拘泥 不 化	LL	這 除了 拘泥 不 化 ，
狹隘	LL	更 狹隘 到 令 人 困惑 。
構陷	LL	並 非 構陷 ；
鬥垮	LL	將 他 鬥垮 ，
倒錯	LL	這樣 的 倒錯 景象 ，
醜態	LL	朝野 立委 在 國會 簇擁 關說 者 的 醜態 令 人 不忍卒睹 ；
不忍卒睹	LL	朝野 立委 在 國會 簇擁 關說 者 的 醜態 令 人 不忍卒睹 ；
令 人 痛心 的	LL	更 令 人 痛心 的 ，
扭曲	LL	則 是 此 案 經過 利益 與 政治 的 交互 扭曲 ，
殘害	LL	對 政黨 政治 造成 了 結構性 的 殘害 。
扭曲	LL	這 豈非 政黨 政治 的 扭曲 ？
讓 人 遺憾	LL	這 也 是 日前 王金平 黨籍案 判決 讓 人 遺憾 的 主因 ，
大剌剌	LL	看 王金平 昨天 大剌剌 拒絕 出席 「 院際 會議 」 ，
狠狠	LL	並 狠狠 給 了 馬 總統 一 個 難堪 ；
難堪	LL	並 狠狠 給 了 馬 總統 一 個 難堪 ；
硬生生	LL	把 一 個 忠誠 堪虞 的 人 硬生生 塞給 國民黨 ，
磨刀 霍霍	LL	七 個 月 來 政治 和 司法 磨刀 霍霍 ，
膚淺	LL	以 膚淺 的 理由 宰殺 了 社會 正義 ，
宰殺	LL	以 膚淺 的 理由 宰殺 了 社會 正義 ，
大 毒瘤	LL	卻 留下 了 司法 關說 的 大 毒瘤 。
危害	LL	了解 它 對 台灣 產業 的 危害 。
凶險	LL	兩岸 關係 極度 凶險 ，
走投無路	LL	扁 政府 在 華府 及 北京 的 雙重 包夾 壓力 下 幾乎 走投無路 ；
嚴重	LL	台灣 貿易 將 出現 嚴重 逆差 ，
狂暴	LL	馬 政府 當初 是 在 民進黨 的 狂暴 反對 下 ，
迫使	LL	迫使 台灣 經濟 困窘 而 釀生 內亂 再 加 利用為 好 。
困窘	LL	迫使 台灣 經濟 困窘 而 釀生 內亂 再 加 利用為 好 。
內亂	LL	迫使 台灣 經濟 困窘 而 釀生 內亂 再 加 利用為 好 。
趨吉避凶	LL	並 趨吉避凶 、 因勢利導 ；
絕無 可能	LL	但 絕無 可能 逃避 或 停斷 兩岸 經貿 ，
政治 災難	LL	更 將 帶來 政治 災難 。
狂暴	LL	民進黨 曾經 狂暴 反對 ＥＣＦＡ ，
狂暴	LL	今天 民進黨 還 在 狂暴 地 反對 服貿 協議 ，
喪志	LL	但 讓 自己 喪志 喪膽 則 無 必要 。
喪膽	LL	但 讓 自己 喪志 喪膽 則 無 必要 。
倉皇	LL	總統 亞努科維 奇 倉皇 出走 ，
短短	LL	但 短短 一 個 月 後 ，
羞辱	LL	駐守 當地 的 官兵 遭到 羞辱 驅逐 ；
衰變	LL	這 從 一連串 茉莉花 革命 的 衰變 已 可 得知 ，
惡化	LL	儘管 人們 明白 情況 並 未 惡化 至 此 ，
憂慮	LL	其 憂慮 可想而知 。
崩裂	LL	只 能 坐視 國土 崩裂 。
鬥爭	LL	除了 「 親歐 」 或 「 親俄 」 的 路線 鬥爭 外 ，
嚴重	LL	更 嚴重 的 是 ，
結黨營私	LL	執政 菁英 則 長袖善舞 、 結黨營私 ；
矛盾	LL	經濟 困頓 和 民族 矛盾 便 轉化成 政治 危機 的 形式 爆發 。
危機	LL	經濟 困頓 和 民族 矛盾 便 轉化成 政治 危機 的 形式 爆發 。
爆發	LL	經濟 困頓 和 民族 矛盾 便 轉化成 政治 危機 的 形式 爆發 。
狡猾	LL	怎麼 鬥 得 過 普亭 這 隻 狡猾 的 北極 狼 ？
併吞	LL	看看 普亭 併吞 克里米亞 的 三部曲 ，
譴責	LL	普亭 更 譴責 烏克蘭 當權者 「 榨乾 了 烏克蘭 」 。
杯葛	LL	此 舉 其實 杯葛 力道 有限 ，
投鼠忌器	LL	卻 反 暴露 歐盟 投鼠忌器 ，
傷害	LL	確 可 對 俄國 造成 一定 傷害 ，
傷害	LL	這 對 高度 倚賴 俄國 油氣 的 歐盟 國家 一樣 會 有 傷害 ，
無效	LL	將 使 歐盟 的 制裁 顯得 無效 又 自傷 ，
自傷	LL	將 使 歐盟 的 制裁 顯得 無效 又 自傷 ，
得不償失 。	LL	得不償失 。
熱鬧	LL	學生 的 烏克蘭 印象 似乎 還 停留 在 基輔 廣場 二月 的 熱鬧 ，
喪 權 失土	LL	卻 沒 看到 三月 喪 權 失土 、 西方 口惠 落空 的 烏克蘭 吧 ！
口惠 落空	LL	卻 沒 看到 三月 喪 權 失土 、 西方 口惠 落空 的 烏克蘭 吧 ！
危機	LL	【 2014 - 03 - 24 / 聯合報 / A 2 版 / 反 服貿 第7天 攻占 兩 院 危機 處理 】
光榮	LL	學生 有沒有 從 國會 光榮 撤退 的 可能 ？
衝撞	LL	鷹派 學生 率隊 衝撞 行政院 後 遭 警察 強力 驅離 ，
暴力	LL	鴿 派 學生 則 憑藉 「 非暴力 抗爭 」 訴求 仍 固守 立法院 議場 。
暴力	LL	但 就算 堅持 非暴力 抗爭 ，
光榮	LL	學生 有沒有 機會 從 國會 光榮 撤退 ？
光榮	LL	照理 學生 即可 光榮 從 立法院 撤退 。
見獵心喜	LL	學運 領袖 因 聲援 者 眾 、 媒體 矚目 而 見獵心喜 ，
逼 得	LL	逼 得 學生 激化 訴求 ；
指使	LL	指使 學生 提出 讓 政府 難以 接受 的 訴求 ，
驅逐	LL	鷹派 學生 自行 發動 衝撞 行政院 遭到 強力 驅逐 ，
迅雷不及掩耳 地	LL	這 次 學生 迅雷不及掩耳 地 攻下 國會 ，
嘆為觀止	LL	讓 外界 嘆為觀止 ；
以 占領 或 攻擊 政府 機構 為 樂	LL	卻 動輒 以 占領 或 攻擊 政府 機構 為 樂 ，
以 製造 騷亂 自得 ，	LL	以 製造 騷亂 自得 ，
癥結	LL	政府 官員 溝通 不足 、 欠缺 誠意 也 是 主要 癥結 。
誤解	LL	釐清 種種 誤解 ；
井然有序	LL	原本 贏得 外界 讚賞 的 井然有序 ，
脫軌	LL	而 反 服貿 不 對等 的 初衷 也 漸 被 脫軌 的 高調 淹沒 。
淹沒	LL	而 反 服貿 不 對等 的 初衷 也 漸 被 脫軌 的 高調 淹沒 。
大話	LL	應該 放下 大話 ，
光榮	LL	學生 才 有 光榮 走出 議場 的 機會 ，
長才	LL	並 發揮 其 「 圓融 」 長才 ，
瘖啞	LL	政府 瘖啞 ，
幻影	LL	還是 幻影 ？
「 霸權 」	LL	當 占領 國會 的 學生 搶奪 了 發言 「 霸權 」 ，
壟斷	LL	從而 壟斷 了 民主 舞台 ；
譴責	LL	迅速 收攏 了 社會 上 對於 軍 中 不當 管教 的 譴責 ，
迫使	LL	迫使 政府 做出 改革 。
動輒	LL	這些 團體 動輒 以 「 人民 」 自居 ，
壟斷	LL	壟斷 了 社會 的 發言 ，
排擠	LL	也 排擠 了 其他 人 的 聲音 。
虛矯	LL	一 種 虛矯 的 「 官民 對峙 」 ，
抹煞	LL	社會 上 許多 沉默 公民 的 聲音 就 被 抹煞 ；
奪取	LL	卻 被 反對 者 奪取 了 發言權 ，
一搭一唱	LL	加上 政府 與 反對 者 一搭一唱 壟斷 了 民主 平台 ，
壟斷	LL	加上 政府 與 反對 者 一搭一唱 壟斷 了 民主 平台 ，
漠視	LL	這 個 社會 裡 很多 人 的 「 公民 」 或 「 人民 」 的 身分 其實 是 被 漠視 了 。
薄弱	LL	馬英九 的 「 領導 力 」 薄弱 ，
通病	LL	這 是 法匠 的 通病 ，
嚴重	LL	是 一 次 嚴重 的 政治 危機 ，
危機	LL	是 一 次 嚴重 的 政治 危機 ，
危機	LL	這 股 沉默 力量 才能 成為 政府 處理 危機 的 後盾 。
風暴	LL	服貿 風暴 弔詭 ：
風暴	LL	這 場 服貿 風暴 ，
抗中	LL	打 的 是 「 反中 抗中 」 的 旗幟 ，
挾制	LL	亦 在 政治 上 更 受 中國 的 挾制 。
風暴	LL	這 場 服貿 風暴 的 弔詭 是 ：
抗中	LL	打 著 反中 抗中 的 旗幟 ，
害台	LL	卻 將 造成 害台 禍台 的 後果 。
禍台	LL	卻 將 造成 害台 禍台 的 後果 。
風暴	LL	這 場 風暴 的 主角 是 大學生 ，
煽風 點火	LL	煽風 點火 的 民進黨 蘇 蔡謝 等 天王 們 更 絕非 出於 無知 ，
葬送	LL	竟 不惜 葬送 台灣 。
風暴	LL	這 場 服貿 風暴 應 如何 定性 ？
禍台	LL	或 禍台 ？
「 黑箱 」 ，	LL	大家 都 說 「 黑箱 」 ，
嚴重	LL	此 事 誠 是 一 件 嚴重 的 議事 衝突 ，
衝突	LL	此 事 誠 是 一 件 嚴重 的 議事 衝突 ，
空泛	LL	而 只是 空泛 地 說 「 傷害 中小企業 」 。
傷害	LL	而 只是 空泛 地 說 「 傷害 中小企業 」 。
藉口	LL	反 黑箱 、 反 服貿 只是 藉口 ，
風暴	LL	這 場 風暴 的 真正 性質 其實 是 「 反中 」 。
煽動	LL	繼續 煽動 「 反中 抗中 」 的 情緒 。
抗中	LL	繼續 煽動 「 反中 抗中 」 的 情緒 。
風暴	LL	這 一 場 「 反中 抗中 」 的 風暴 ，
風暴	LL	這 場 服貿 風暴 至少 已 產生 三 種 效應 ：
崩盤	LL	一 、 民進黨 對 北京 當局 的 和解 政策 崩盤 ，
嚴酷	LL	這 使得 民進黨 若 再 執政 必 遭 北京 嚴酷 挾制 。
挾制	LL	這 使得 民進黨 若 再 執政 必 遭 北京 嚴酷 挾制 。
傷害	LL	對 外 傷害 台灣 未來 的 締約 信任 ，
撕裂	LL	對 內 使 社會 撕裂 更形 嚴重 ，
嚴重	LL	對 內 使 社會 撕裂 更形 嚴重 ，
嚴重	LL	全民 對 國家 前途 的 信心 受到 嚴重 打擊 。
蒙上 陰影	LL	三 、 兩岸 關係 蒙上 陰影 ，
不堪 想像	LL	後果 不堪 想像 。
侵犯	LL	大法官 對 《 集會 遊行法 》 是否 侵犯 人民 集會 自由 ，
徒 添 困惑	LL	不免 徒 添 困惑 。
衝突	LL	群眾 與 警方 的 走火 衝突 ，
危害	LL	聲調 激昂 並 不 等於 危害 秩序 ，
過激	LL	偶爾 有 過激 人士 ，
不攻自破	LL	「 政治 集會 有 破壞 秩序 傾向 」 的 說法 不攻自破 。
流失	LL	似 有 逐漸 流失 之 虞 。
妨礙	LL	以 不 妨礙 交通 、 秩序 及 他人 權益 的 意見 表達 為 前提 ，
衝撞	LL	而 不 是 無 限制 的 衝撞 或 占領 。
妨礙	LL	占據 空間 並 妨礙 其 運作 ！
衝突	LL	即使 衝突 不斷 ，
衝撞	LL	甚至 衝撞 行政院 ，
逾越	LL	不僅 逾越 集會 自由 保障 的 範圍 ，
濫用	LL	一旦 濫用 群眾 運動 ，
崩毀	LL	但 崩毀 可能 只 在 一 夕 之間 。
搬弄	LL	不 該 任意 搬弄 抄襲 ；
抄襲	LL	不 該 任意 搬弄 抄襲 ；
前車之鑑	LL	烏克蘭 近日 的 情勢 更 可謂 前車之鑑 。
戰場	LL	擴大 戰場 。
暴力	LL	蒙上 了 暴力 色彩 。
斥為	LL	不過 也 有 許多 人 斥為 違法 暴力 ，
過激	LL	但 同時 檢視 學生 群眾 的 過激 之 舉 ，
暴力	LL	使用 暴力 已 是 事實 。
脫序	LL	群眾 運動 一旦 脫序 ，
「 不 作為 」	LL	政府 一而再 的 「 不 作為 」 ，
衝突	LL	最後 遭致 流血 衝突 ，
難辭其咎	LL	政府 難辭其咎 。
脫序	LL	諸多 脫序 的 行為 ，
脫序	LL	其實 也 不啻 是 近年 眾多 國會 脫序 的 「 街頭版 」 。
 杯葛	LL	但 近年 來 卻 逐漸 成 了 永遠 在 上演 杯葛 、 衝突 、 脫序 戲碼 的 鬥獸場 。
衝突	LL	但 近年 來 卻 逐漸 成 了 永遠 在 上演 杯葛 、 衝突 、 脫序 戲碼 的 鬥獸場 。
脫序	LL	但 近年 來 卻 逐漸 成 了 永遠 在 上演 杯葛 、 衝突 、 脫序 戲碼 的 鬥獸場 。
戲碼	LL	但 近年 來 卻 逐漸 成 了 永遠 在 上演 杯葛 、 衝突 、 脫序 戲碼 的 鬥獸場 。
利益 交換	LL	再 用 密室 協商 、 利益 交換 來 決定 政策 ，
蕩然無存	LL	已 蕩然無存 。
錯誤 百出	LL	許多 民眾 寧可 相信 錯誤 百出 的 「 懶人 包 」 ，
倒退	LL	當前 薪資 倒退 、 房價 飆漲 、 就業 環境 不佳 ，
一廂情願	LL	故 政府 不能 僅 以 有利 經濟 民生 就 一廂情願 地 強推 政策 ，
強推	LL	故 政府 不能 僅 以 有利 經濟 民生 就 一廂情願 地 強推 政策 ，
陷	LL	終 陷 惡性 循環 。
惡性 循環	LL	終 陷 惡性 循環 。
荒謬	LL	這 次 抗爭 畢竟 是 因 服貿協議 在 立院 荒謬 的 審議 過程 而 起 。
淪為	LL	如果 立院 繼續 淪為 無止盡 杯葛 衝突 的 脫序 秀場 ，
利益 交換	LL	繼續 以 密室 協商 和 利益 交換 來 取代 多數 治理 的 民主 法則 ，
卸下	LL	那麼 立法院 那 塊 銜牌 未來 還 會 隨時 遭到 抗爭 群眾 卸下 踐踏 。
踐踏	LL	那麼 立法院 那 塊 銜牌 未來 還 會 隨時 遭到 抗爭 群眾 卸下 踐踏 。
為 反對 而 反對	LL	或 僅 是 為 反對 而 反對 ；
蹉跎	LL	台灣 不能 繼續 蹉跎 ，
挾制 民意	LL	捍衛 民主 若 以 挾制 民意 為 得 計 ，
破壞 憲政	LL	挑戰 法律 若 以 破壞 憲政 為 代價 ，
亂子	LL	「 荒唐 的 中年 老年人 鬧 下 了 亂子 ，
破裂 ，	LL	朝野 協商 四 度 破裂 ，
被 卡住	LL	被 卡住 不能 動彈 的 議案 豈止 服貿 協議 一 案 ？
不能 動彈	LL	被 卡住 不能 動彈 的 議案 豈止 服貿 協議 一 案 ？
亂子	LL	這 件 事 所 起始 的 「 鬧 下 了 亂子 」 ，
杯葛	LL	是 因 審查 服貿 不斷 出現 程序 杯葛 及 混亂 ，
混亂	LL	是 因 審查 服貿 不斷 出現 程序 杯葛 及 混亂 ，
「 干涉	LL	青年 學生 「 干涉 糾正 」 的 做法 ，
干擾	LL	導致 對 其他 人 所 相信 的 秩序 造成 干擾 ，
反目	LL	台灣 即 曾 因 民眾 的 政治 認同 差異 而 出現 過 一 波 家人 反目 、 朋友 決裂 、 同事 成仇 的 風潮 ；
決裂	LL	台灣 即 曾 因 民眾 的 政治 認同 差異 而 出現 過 一 波 家人 反目 、 朋友 決裂 、 同事 成仇 的 風潮 ；
成仇	LL	台灣 即 曾 因 民眾 的 政治 認同 差異 而 出現 過 一 波 家人 反目 、 朋友 決裂 、 同事 成仇 的 風潮 ；
傷痕	LL	那 次 的 傷痕 ，
決裂	LL	這 種 社會 意見 的 對立 決裂 ，
戲碼	LL	一 次 一 次 上演 社會 對立 和 彼此 憎惡 的 戲碼 。
大 爆發	LL	又 是 這 種 對立 情緒 的 再一次 大 爆發 ，
嚴重	LL	包括 「 世代 正義 」 的 議題 嚴重 衝擊 家庭 裡 的 親子 關係 。
不共戴天	LL	何以 鬧成 不共戴天 般 的 仇恨 對立 ？
仇恨	LL	何以 鬧成 不共戴天 般 的 仇恨 對立 ？
癱瘓	LL	抗爭 運動 不僅 癱瘓 國會 運作 ，
逼 得	LL	太陽 花 學運 逼 得 「 康乃馨 運動 」 順勢 而 起 ，
前車之鑑	LL	有 他國 的 前車之鑑 可 為 參照 。
混亂	LL	這 場 混亂 將 伊於胡底 ？
憂心忡忡	LL	讓 不少 國人 對 民主 運作 常軌 受到 的 破壞 感到 憂心忡忡 ；
暴力	LL	只要 學生 保持 和平 、 非暴力 的 抗爭 原則 ，
杯葛	LL	而 朝野 立委 卻 依舊 在 那裡 推擠 、 杯葛 、 議而不決 ；
推擠	LL	而 朝野 立委 卻 依舊 在 那裡 推擠 、 杯葛 、 議而不決 ；
議而不決	LL	而 朝野 立委 卻 依舊 在 那裡 推擠 、 杯葛 、 議而不決 ；
引爆	LL	立委 張慶忠 神奇 的 「 卅 秒 過關 」 是 引爆點 ；
上演	LL	上演 的 都 是 立法院 一貫 的 攻防爛戲 ，
攻防爛戲	LL	上演 的 都 是 立法院 一貫 的 攻防爛戲 ，
潰敗	LL	以致 最後 轉瞬 潰敗 在 群眾 的 懶人 包 行動 下 。
嚴重	LL	占領 國會 是 破壞 憲政 體制 的 嚴重 脫軌 行為 ；
脫軌	LL	占領 國會 是 破壞 憲政 體制 的 嚴重 脫軌 行為 ；
失 能	LL	而 立法院 因 長期 失 能 、 空轉 、 密室 交易 而 失去 人民 的 尊重 與 期待 ，
空轉	LL	而 立法院 因 長期 失 能 、 空轉 、 密室 交易 而 失去 人民 的 尊重 與 期待 ，
交易	LL	而 立法院 因 長期 失 能 、 空轉 、 密室 交易 而 失去 人民 的 尊重 與 期待 ，
根本	LL	似乎 表現 得 根本 不以為意 。
流產	LL	結果 一再 流產 ，
杯葛	LL	擅長 杯葛 、 鬥爭 、 伏擊 ，
鬥爭	LL	擅長 杯葛 、 鬥爭 、 伏擊 ，
伏擊	LL	擅長 杯葛 、 鬥爭 、 伏擊 ，
遑論	LL	遑論 對 國家 施政 大計 提出 正向 、 建設性 的 思考 。
失之 偏頗	LL	恐怕 失之 偏頗 。
杯葛	LL	先前 的 幾 次 委員會 是 誰 以 霸占 主席台 的 方式 在 杯葛 服貿 的 審議 ？
密室 協商	LL	在 密室 協商 中 變成 了 需要 「 逐條 審查 」 的 模式 ？
拖延	LL	是 誰 把 服 貿協議 公聽會 拖延 了 九 個 月 之 久 ，
衝擊	LL	根本 毋 需 擔心 市場 開放 會 對 台灣 造成 致命 衝擊 。
咬死	LL	把 學運 訴求 咬死 在 「 退回 服貿 」 ，
狹隘	LL	未免 失之 狹隘 ；
流失	LL	才 不會 流失 正當性 。
矛盾	LL	但 持續 兩 周 的 學運 必須 設法 擺脫 「 以 民主 之 名 妨害 民主 」 的 矛盾 ，
鬥爭	LL	示威 學生 若 變得 跟 那些 只 會 鬥爭 、 聽命 動員 的 立委 沒有 兩樣 ，
汗顏	LL	其實 也 是 朝野 立委 應該 汗顏 的 時刻 。
兵疲 馬 困	LL	弄得 全 國 員警 兵疲 馬 困 ，
惶恐 焦慮	LL	人民 惶恐 焦慮 ，
義憤 難安	LL	學生 義憤 難安 。
步步 退讓	LL	馬 政府 步步 退讓 ，
得寸進尺	LL	學生 們 得寸進尺
難堪	LL	更 難堪 的 是 ，
步步 退讓	LL	他 在 政治 上 步步 退讓 ，
予取予求	LL	讓 學生 予取予求 ，
氣焰 高漲	LL	卻 只是 愈發 助長 學生 氣焰 高漲 、 頤指氣使 ，
頤指氣使	LL	卻 只是 愈發 助長 學生 氣焰 高漲 、 頤指氣使 ，
鬧劇	LL	這 齣 民主 鬧劇 ，
隨便	LL	隨便 學生 怎麼 索取 怎麼 要脅 ，
遑論	LL	遑論 駁斥 學生 的 無理 。
軟弱	LL	如此 軟弱 的 表現 ，
危機	LL	一 是 召開 「 公民 憲政 會議 」 討論 當前 台灣 的 憲政 危機 ，
漫天 喊價	LL	則 是 學生 漫天 喊價 的 緩兵之計 ；
戰場	LL	前者 意在 擴大 戰場 ，
根本	LL	根本 是 在 利用 集體 暴力 剝奪 個人 意志 ，
暴力	LL	根本 是 在 利用 集體 暴力 剝奪 個人 意志 ，
霸凌	LL	形同 霸凌 。
侵犯	LL	學生 提出 這 種 侵犯 立法權 的 條件 ，
畫蛇添足	LL	也 是 畫蛇添足 之 舉 。
置若罔聞	LL	馬 政府 置若罔聞 。
打發	LL	政府 卻 又 想 用 「 經貿 國是 會議 」 來 打發 ，
牛頭不對馬嘴	LL	不僅 牛頭不對馬嘴 ，
悍然	LL	昨天 學生 不僅 悍然 拒絕 接受 「 經貿 國是 會議 」 ，
拉高 身段	LL	更 進一步 拉高 身段 ，
步步 退讓	LL	馬 總統 步步 退讓 ，
得寸進尺	LL	只 換得 學生 步步 進逼 、 得寸進尺 ，
被 踐踏	LL	但 整 個 政府 的 顏面 可以 如此 被 踐踏 嗎 ？
隨便	LL	台灣 的 政府 體制 可以 伸縮 自如 到 隨便 誰 來 指揮 嗎 ？
危機	LL	馬 政府 的 危機 處理 常常 落入 「 打破 杯子 ，
窘境	LL	賠掉 房子 」 的 窘境 。
摧毀	LL	去年 洪仲丘 事件 幾乎 摧毀 了 整 個 軍隊 的 士氣 和 制度 ，
一敗塗地	LL	馬王 的 九月 政爭 落得 一敗塗地 並 賠上 黃世銘 ，
賠上	LL	馬王 的 九月 政爭 落得 一敗塗地 並 賠上 黃世銘 ，
玩弄 於 股掌 之上	LL	學生 能 將 馬 政府 玩弄 於 股掌 之上 ，
軟弱	LL	莫非 就是 看穿 了 總統 的 軟弱 可 欺 ？
揭竿 而 起	LL	但 就 為 「 反 服貿 」 揭竿 而 起 的 意義 而 言 ，
唱和	LL	與 白 狼 的 糾纏 或是 和 民進黨 在 立院 的 唱和 ，
狗尾續貂	LL	恐怕 都 是 狗尾續貂 。
停損點	LL	竟 連 馬 政府 也 不 設 停損點 、 唾面自乾 地 和 學生 在 那裡 耗 著 ，
唾面自乾 地	LL	竟 連 馬 政府 也 不 設 停損點 、 唾面自乾 地 和 學生 在 那裡 耗 著 ，
耗 著	LL	竟 連 馬 政府 也 不 設 停損點 、 唾面自乾 地 和 學生 在 那裡 耗 著 ，
風暴	LL	《 服貿 風暴 三 大 疑義 ╱ 之 二 》
霸占	LL	國家 能否 由 霸占 國會 者 來 領導
驚駭	LL	實 足 令 人 驚駭 錯愕 。
錯愕	LL	實 足 令 人 驚駭 錯愕 。
錯覺	LL	其實 是 一 種 自我 感覺 良好 的 錯覺 ，
誤解	LL	也 是 對 民主 體制 的 誤解 。
傷痛	LL	卻 亦 有 令 人 感到 傷痛 之 處 ：
諷刺	LL	諷刺 的 是 ，
霸占	LL	如今 若 謂 未 經 國家 選舉 選出 者 竟 能 霸占 國會 ，
挾制	LL	並 挾制 國會 ，
根本	LL	這 根本 是 反 民主 的 行徑 。
一針見血	LL	是 一針見血 之 論 。
風暴	LL	二 、 這 場 風暴 以 大學生 為 主體 ，
嚴重	LL	卻 顯露出 嚴重 的 反智 氛圍 。
權謀 鬥爭	LL	卻 看到 食 藍 綠 權謀 鬥爭 伎倆 之 唾 餘 。
唾 餘	LL	卻 看到 食 藍 綠 權謀 鬥爭 伎倆 之 唾 餘 。
伎倆	LL	卻 看到 食 藍 綠 權謀 鬥爭 伎倆 之 唾 餘 。
暴力	LL	如果 破門 砸 窗 侵入 立法院 不 是 暴力 ，
暴力	LL	什麼 才 叫 「 學生 暴力 」 ；
醜化	LL	又 過度 醜化 對方 ，
暴力	LL	如果 警察 抵 拒 學生 砸 窗破 門 侵入 行政院 為 「 國家 暴力 」 ，
耽溺	LL	學運 耽溺 於 權謀 鬥爭 ，
權謀 鬥爭	LL	學運 耽溺 於 權謀 鬥爭 ，
得寸進尺	LL	得寸進尺 ，
賠上	LL	竟 以 可以 救濟 的 「 程序 正義 」 賠上 分秒必爭 且 無可 逆轉 的 「 台灣 全球化 機遇 」 ，
正大	LL	實現 了 「 解散 國民大會 」 、 「 廢除 臨時 條款 」 等 正大 的 訴求 ；
霸占	LL	但 霸占 立法院 及 侵入 行政院 的 太陽花 ，
陷	LL	卻 自 陷於 「 是 抗中反 中 ？
害台	LL	還是 害台禍台 ？
禍台	LL	還是 害台禍台 ？
今非昔比	LL	其餘 皆 是 今非昔比 。
焦慮 	LL	但 學運 仍 掀起 了 社會 的 焦慮 、 猜疑 與 仇恨 ；
猜疑	LL	但 學運 仍 掀起 了 社會 的 焦慮 、 猜疑 與 仇恨 ；
仇恨	LL	但 學運 仍 掀起 了 社會 的 焦慮 、 猜疑 與 仇恨 ；
惡化	LL	至於 倒掛 國旗 、 占據 國會 亦 恐 會 惡化 國人 的 認同 分裂 ；
倒退	LL	則 這 場 學運 究竟 將 使 台灣 社會 前行 或 倒退 ，
底蘊	LL	一 、 呈現 了 台灣 社會 的 底蘊 ，
衝突	LL	四 、 在 衝突 中 ，
衝擊	LL	【 2014 - 04 - 05 / 聯合報 / A 2 版 / 反 服貿 第19 天 衝擊 兩岸 關係 】
憂慮	LL	而是 新 世代 對 國情 的 憂慮 與 不滿 ，
不滿	LL	而是 新 世代 對 國情 的 憂慮 與 不滿 ，
恐懼	LL	對 兩岸 關係 的 恐懼 與 猜疑 ，
猜疑	LL	對 兩岸 關係 的 恐懼 與 猜疑 ，
引爆	LL	幾 名 學運 發動 者 引爆 了 積 澱 已 久 的 情緒 ，
錯愕	LL	這 難道 不 是 令 人 錯愕 的 反 高潮 ？
恐懼	LL	對 兩岸 關係 的 恐懼 與 猜疑 ，
猜疑	LL	對 兩岸 關係 的 恐懼 與 猜疑 ，
根本	LL	則 其中 哪 一 種 「 新 定義 」 不 是 已經 被 驗證 為 根本 行不通 的 「 老 辦法 」 ？
憂慮	LL	這 場 學運 掀開 了 大家 都 深覺 憂慮 的 問題 ，
抗中	LL	「 反中 ╱ 抗中 」 亦 是 台灣人 的 共同 警覺 ，
抗中	LL	這 場 學運 並 未 對 「 反中 ╱ 抗中 」 提出 任何 新 對策 ；
抗中	LL	只是 將 「 反 馬 」 炒作 成 「 抗中 」 ，
抗中	LL	亦即 又 把 空泛 八股 的 「 抗中 」 轉移 為 殘暴 的 「 內鬥 」 而已 。
空泛	LL	亦即 又 把 空泛 八股 的 「 抗中 」 轉移 為 殘暴 的 「 內鬥 」 而已 。
八股	LL	亦即 又 把 空泛 八股 的 「 抗中 」 轉移 為 殘暴 的 「 內鬥 」 而已 。
殘暴	LL	亦即 又 把 空泛 八股 的 「 抗中 」 轉移 為 殘暴 的 「 內鬥 」 而已 。
「 內鬥 」	LL	亦即 又 把 空泛 八股 的 「 抗中 」 轉移 為 殘暴 的 「 內鬥 」 而已 。
戲碼	LL	其實 只是 複製 了 台灣 不斷 上演 的 「 老 戲碼 」 ，
衝撞	LL	對 憲政 和 民主 法治 的 劇烈 衝撞 ，
引爆	LL	引爆點 雖 是 因 張慶忠 的 卅 秒 快 讀 ，
怒火	LL	但 怒火 其實 是 針對 馬 政府 缺乏 成績 而 燒 。
搖擺不定	LL	對於 民進黨 搖擺不定 、 以 杯葛 為 樂 、 以 撿拾 政治 殘羹 為 食 的 反對 路線 ，
杯葛	LL	對於 民進黨 搖擺不定 、 以 杯葛 為 樂 、 以 撿拾 政治 殘羹 為 食 的 反對 路線 ，
遑論	LL	遑論 人生 歷練 ；
根本	LL	根本 的 問題 在於 ：
一言堂	LL	誰 料 廿五 年 後 竟 會 出現 「 太陽花 黑色 恐怖 一言堂 」 ？
衝撞	LL	太陽 花 學運 強烈 衝撞 馬 政府 ，
動輒	LL	卻 免 受 民進黨 動輒 杯葛 鬧事 的 醜態 牽累 。
杯葛	LL	卻 免 受 民進黨 動輒 杯葛 鬧事 的 醜態 牽累 。
醜態	LL	卻 免 受 民進黨 動輒 杯葛 鬧事 的 醜態 牽累 。
坐收漁利	LL	卻 讓 蔡英文 在 那裡 悠閒 地 坐收漁利 ；
陷	LL	可能 重新 陷入 混沌 ，
嚴重	LL	不僅 將 在 二○一六年 嚴重 威脅 執政黨 ，
威脅	LL	不僅 將 在 二○一六年 嚴重 威脅 執政黨 ，
過激	LL	是 如何 把 這 波 過激 的 浪潮 壓抑 下去 ，
大話	LL	若 為了 幫 小英 抬轎 而 須 將 所有 大話 吞 回去 ，
危機	LL	難道 連 自己 面臨 什麼 危機 都 不 明白 ？
脫序	LL	這 次 學運 固 出現 不少 脫序 行為 ，
衝擊	LL	它 帶給 執政黨 乃至 國家 社會 的 衝擊 是 不可 輕 估 的 。
危機	LL	執政 者 就 真的 看 不 見 自己 的 危機 。
軟弱	LL	一 種 是 沉默 公民 對於 政府 處理 社會 失序 過度 軟弱 的 不滿 。
不滿	LL	一 種 是 沉默 公民 對於 政府 處理 社會 失序 過度 軟弱 的 不滿 。
積極	LL	但 任何 有 責任感 的 政府 都 必須 積極 回應 ，
薄弱	LL	因而 對 馬 政府 處理 問題 運籌帷幄 能力 之 薄弱 感到 失望 。
失望	LL	因而 對 馬 政府 處理 問題 運籌帷幄 能力 之 薄弱 感到 失望 。
荒謬	LL	更 荒謬 的 是 ，
窘境	LL	反映 了 執政黨 的 幾 個 窘境 ：
怯於	LL	怯於 處理 動態 危機 ，
危機	LL	怯於 處理 動態 危機 ，
難辭其咎	LL	馬 主席 的 領導 部署 、 人才 培育 無方 難辭其咎 ；
失 能	LL	決策 上 各 方面 的 失 能 和 軟弱 受到 了 不 信任 ，
軟弱	LL	決策 上 各 方面 的 失 能 和 軟弱 受到 了 不 信任 ，
嚴重	LL	這 要 比 黨 機器 的 不 聽 使喚 更為 嚴重 。
打發	LL	不要 再 用 座談會 或 黨務 改革 方案 來 打發 人民 ！
遑論	LL	遑論 國內 開放 以 刺激 轉型 。
遑論	LL	遑論 有 在 「 大一 中 架構 」 下 分庭抗禮 的 膽識 。
撕裂	LL	但 蔡英文 如果 認為 她 的 「 最後 一 哩 」 應 在 一旦 當選 總統 後 解救 台灣 免於 撕裂 衰亡 ，
衰亡	LL	但 蔡英文 如果 認為 她 的 「 最後 一 哩 」 應 在 一旦 當選 總統 後 解救 台灣 免於 撕裂 衰亡 ，
矛盾	LL	卻 存在 著 基本 的 矛盾 。
挾制	LL	不啻 要 挾制 政府 改採 台獨 路線 的 兩岸 政策 。
剝奪	LL	強調 世代 剝奪 及 貧富 差距 ；
破滅	LL	如果 這 場 反 服貿 的 反 自由化 、 反 全球化 的 「 左派 風暴 」 破滅 了 台灣 加入 ＴＰＰ 及 ＲＣＥＰ 的 憧憬 ，
迫使	LL	實則 將 迫使 台灣 在 九成 以上 的 出口 市場 中 較 競爭 者 多 付 五％ 至 十％ 的 關稅 ；
根本	LL	更 根本 的 問題 是 ：
煽動	LL	卻 用 它 來 煽動 仇恨 鬥爭 的 情緒 。
鬥爭	LL	卻 用 它 來 煽動 仇恨 鬥爭 的 情緒 。
仇恨	LL	卻 用 它 來 煽動 仇恨 鬥爭 的 情緒 。
衝突	LL	乃至 衝突式 的 當街 趴 車 阻擋 ，
引爆	LL	容易 引爆 衝突 ，
衝突	LL	容易 引爆 衝突 ，
優柔寡斷	LL	包括 總統 的 優柔寡斷 、 行政 部門 的 荏弱 消極 、 立法 部門 的 僵峙 癱瘓 、 在野黨 的 無理取鬧 ，
荏弱 消極	LL	包括 總統 的 優柔寡斷 、 行政 部門 的 荏弱 消極 、 立法 部門 的 僵峙 癱瘓 、 在野黨 的 無理取鬧 ，
無理取鬧	LL	包括 總統 的 優柔寡斷 、 行政 部門 的 荏弱 消極 、 立法 部門 的 僵峙 癱瘓 、 在野黨 的 無理取鬧 ，
癱瘓	LL	包括 總統 的 優柔寡斷 、 行政 部門 的 荏弱 消極 、 立法 部門 的 僵峙 癱瘓 、 在野黨 的 無理取鬧 ，
政府 的 失 能	LL	在在 顯示 了 政府 的 失 能 。
指控	LL	人民 已經 沒有 耐性 再 聽 雙方 的 指控 與 託詞 。
託詞	LL	人民 已經 沒有 耐性 再 聽 雙方 的 指控 與 託詞 。
羞辱	LL	那些 立委 和 官員 們 面對 這樣 的 羞辱 ，
汗顏	LL	不會 感到 汗顏 嗎 ？
霸占	LL	重新 開張 的 立院 依舊 在 那裡 打打鬧鬧 霸占 主席台 ，
衝擊	LL	群眾 運動 雖 能 對 社會 人心 及 秩序 造成 強烈 衝擊 ，
迫使	LL	雖 迫使 服貿 協議 退回 原點 ，
擺 爛	LL	國會 擺 爛 的 癥結 卻 完全 未 被 觸及 ，
癥結	LL	國會 擺 爛 的 癥結 卻 完全 未 被 觸及 ，
隨便	LL	立法院 、 行政院 何以 可 隨便 任 群眾 攻占 ，
暴力	LL	為何 還 被 指為 「 國家 暴力 」 而 吶 吶 難 言 ？
不能 動彈	LL	看到 國會 不能 動彈 ，
動輒	LL	少數 民眾 除了 動輒 阻擋 交通 要道 ，
癱瘓	LL	反核 群眾 動輒 癱瘓 交通 ，
動輒	LL	反核 群眾 動輒 癱瘓 交通 ，
衝突	LL	政治 與 社會 衝突 越 演 越 烈 ，
「 反 民主 」	LL	都 是 赤裸裸 的 「 反 民主 」 行為 。
踐踏	LL	也 踐踏 了 台灣 民主 體制 已經 建立 的 法制 、 代議 政治 和 公投 程序 。
嚴重	LL	遇上 歧見 嚴重 時 要 如何 折衷 ，
剝奪	LL	卻 企圖 剝奪 這些 議題 的 討論 空間 ，
不堪 想像	LL	後果 不堪 想像 。
暴力	LL	用 民主 形式 包裝 民粹 暴力 ，
「 反 民主 」	LL	作法 卻 是 「 反 民主 」 。
陷	LL	台灣 不會 陷入 恐怖 統治 的 深淵 嗎 ？
恐怖	LL	台灣 不會 陷入 恐怖 統治 的 深淵 嗎 ？
脫序	LL	當 美其名 的 「 公民 力量 」 變成 脫序 、 恫嚇 與 壓迫 的 溫床 ，
恫嚇	LL	當 美其名 的 「 公民 力量 」 變成 脫序 、 恫嚇 與 壓迫 的 溫床 ，
壓迫	LL	當 美其名 的 「 公民 力量 」 變成 脫序 、 恫嚇 與 壓迫 的 溫床 ，
爆發	LL	而 爆發 為 「 抗 中 、 反 馬 」 的 行動 。
脫序	LL	卻 因為 易於 集結 及 易於 脫序 ，
衝擊	LL	使 民主 法治 及 社會 人心 不斷 受到 衝擊 。
杯葛	LL	朝野 政黨 不斷 互相 杯葛 、 報復 、 算 舊帳 的 政治 對應 模式 ，
報復	LL	朝野 政黨 不斷 互相 杯葛 、 報復 、 算 舊帳 的 政治 對應 模式 ，
算 舊賬	LL	朝野 政黨 不斷 互相 杯葛 、 報復 、 算 舊帳 的 政治 對應 模式 ，
遑論	LL	遑論 解決 問題 。
窘境	LL	他 如何 對得起 自己 「 黨政 一 把 抓 」 最終 卻 可能 使 國民黨 輸掉 政權 的 窘境 ？
困局	LL	台灣 近年 欲 進 不 前 的 困局 必須 打破 ，
嚴重	LL	更 嚴重 的 ，
脫序	LL	是 付出 了 法治 脫序 的 代價 ，
步步 退讓	LL	馬 政府 對 街頭 群眾 一步步 退讓 ，
倒錯	LL	台灣 政治 演出 「 街頭 領導 決策 」 的 倒錯 現象 ，
杯葛	LL	反而 是 無時無刻 不 在 杯葛 施政 、 製造 分歧 ，
倒退	LL	節節 倒退 ，
迫使	LL	這 也 是 迫使 政府 正視 問題 的 重要 手段 之 一 。
陷	LL	這 只 會 愈發 使 政府 機器 陷於 空轉 ，
空轉	LL	這 只 會 愈發 使 政府 機器 陷於 空轉 ，
陷	LL	並 導致 台灣 更 陷於 停滯 和 萎弱 。
停滯	LL	並 導致 台灣 更 陷於 停滯 和 萎弱 。
萎弱	LL	並 導致 台灣 更 陷於 停滯 和 萎弱 。
杯葛	LL	揚言 要 號召 群眾 杯葛 《 自由 經濟 示範區 條例 》 的 立法 ，
抗中	LL	穿插 著 「 反 馬 」 、 「 抗中 」 、 「 反 全球化 」 、 「 反 自由 貿易 」 等 不同 層次 的 訴求 。
外患	LL	結果 卻 引來 更 大 的 外患 與 內亂 ；
內亂	LL	結果 卻 引來 更 大 的 外患 與 內亂 ；
暴力	LL	台獨 ‧ 街頭 ‧ 暴力 ：
爆發	LL	自 三一八 太陽花 學運 爆發 ，
暴力	LL	群眾 暴力 也 回來 了 。
風暴	LL	這 場 風暴 中 出現 的 群眾 ，
風暴	LL	但 這 場 風暴 的 主導 者 無疑 是 持 台獨 立場 。
風暴	LL	風暴 之 起 ，
剝奪	LL	服貿 爭議 是 因 世代 剝奪 ，
風暴	LL	如今 風暴 暫歇 ，
風暴	LL	這 場 風暴 ，
霸占	LL	而是 勝 在 以 霸占 立院 為 其 政治 勒索 的 「 籌碼 」 ；
勒索	LL	而是 勝 在 以 霸占 立院 為 其 政治 勒索 的 「 籌碼 」 ；
霸占	LL	欲 以 霸占 立院 來 解答 服貿 問題 ，
暴力	LL	即或 能 在 暴力 勒索 下 暫時 得到 一 個 扭曲 的 答案 ，
勒索	LL	即或 能 在 暴力 勒索 下 暫時 得到 一 個 扭曲 的 答案 ，
扭曲	LL	即或 能 在 暴力 勒索 下 暫時 得到 一 個 扭曲 的 答案 ，
霸占	LL	因而 也 不可能 用 霸占 立院 、 絕食 尋死 、 趴 車 堵 路 來 實現 台獨 。
風暴	LL	經 此 風暴 ，
暴力	LL	台獨 、 街頭 、 暴力 皆 已 回潮 。
風暴	LL	風暴 暫歇 ，
癥結	LL	台灣 的 問題 癥結 在 台獨 。
霸占	LL	如今 再 加上 霸占 立院 、 禁食 尋死 、 圍 路 堵車 等 街頭 及 暴力 手段 ；
尋死	LL	如今 再 加上 霸占 立院 、 禁食 尋死 、 圍 路 堵車 等 街頭 及 暴力 手段 ；
暴力	LL	如今 再 加上 霸占 立院 、 禁食 尋死 、 圍 路 堵車 等 街頭 及 暴力 手段 ；
暴力	LL	以 街頭 、 暴力 及 禁食 而 回頭 的 台獨 ，
暴力	LL	這 場 台獨 、 街頭 及 暴力 的 大 回潮 ，
嚴重	LL	對 馬政府 構成 嚴重 挑戰 ，
杯葛	LL	那 是 民進黨 在 國會 杯葛 多 時 皆 達 不 到 的 目標 。
風暴	LL	但 蔡英文 卻 是 學運 風暴 過後 「 世代 交替 」 的 獲益 者 ，
大開 大闔	LL	必須 對 兩岸 問題 提出 大開 大闔 的 新 架構 。
光榮	LL	不能 使 台灣 人民 建立 對 中華民國 的 自我 光榮感 與 未來 憧憬 。
陷	LL	兩岸 不但 仍 陷 僵局 ，
僵局	LL	兩岸 不但 仍 陷 僵局 ，
惡化	LL	兩岸 關係 趨於 惡化 的 情狀 已 迫在眉睫 。
迫在眉睫	LL	兩岸 關係 趨於 惡化 的 情狀 已 迫在眉睫 。
杯葛	LL	在野黨 立委 仍 在 進行 霸占 、 杯葛 、 謾罵 的 粗暴 遊戲 ，
霸佔	LL	在野黨 立委 仍 在 進行 霸占 、 杯葛 、 謾罵 的 粗暴 遊戲 ，
謾罵	LL	在野黨 立委 仍 在 進行 霸占 、 杯葛 、 謾罵 的 粗暴 遊戲 ，
粗暴	LL	在野黨 立委 仍 在 進行 霸占 、 杯葛 、 謾罵 的 粗暴 遊戲 ，
恥	LL	對 國 會遭 占領 之 恥 毫無 反省 ，
憂慮	LL	而 郭台銘 憂慮 的 則 是 ，
癥結	LL	癥結 在 政治 體制 無法 發揮 應 有的 效能 ，
憂心忡忡	LL	而 實業家 則 憂心忡忡 。
動輒	LL	許多 人 依舊 動輒 誇示 台灣 的 民主 「 成就 」 ，
癥結	LL	導致 台灣 無法 正視 自己 的 民主 癥結 ，
矛盾	LL	來自 族群 矛盾 與 國家 認同 衝突 這 兩 大 敏感 議題 。
衝突	LL	來自 族群 矛盾 與 國家 認同 衝突 這 兩 大 敏感 議題 。
迫使	LL	用 政治 壓力 迫使 不同 意見 的 人 噤聲 ，
噤聲	LL	用 政治 壓力 迫使 不同 意見 的 人 噤聲 ，
強迫	LL	甚至 強迫 中立 或 持 保留 看法 的 人 必須 表態 選 邊 ，
短視	LL	如果 國家 決策 進程 永遠 受 絆 於 短視 的 選舉 時程 ，
危機	LL	領導 台灣 因應 全球 金融 危機 ，
重擊	LL	近來 太陽 花 學運 及 廢 核四 風暴 更 重擊 馬 政府 經濟 政策 路線 。
衝突	LL	就 可能 成為 觸發 藍 綠 衝突 的 引信 。
陷	LL	讓 馬 政府 陷入 四處 救火 的 施政 泥沼 ；
泥沼	LL	讓 馬 政府 陷入 四處 救火 的 施政 泥沼 ；
陷	LL	讓 馬 政府 兩岸 開放 政策 及 加入 ＴＰＰ 、 ＲＣＥＰ 的 宏圖 陷入 進退兩難 的 危機 。
進退兩難	LL	讓 馬 政府 兩岸 開放 政策 及 加入 ＴＰＰ 、 ＲＣＥＰ 的 宏圖 陷入 進退兩難 的 危機 。
危機	LL	讓 馬 政府 兩岸 開放 政策 及 加入 ＴＰＰ 、 ＲＣＥＰ 的 宏圖 陷入 進退兩難 的 危機 。
仇恨	LL	從 仇恨 幻想到 反 社會 暴行
暴行	LL	從 仇恨 幻想到 反 社會 暴行
引爆	LL	持刀 殺 人 和 引爆 炸彈 不同 ，
嚴重	LL	嚴重 缺乏 良心 的 譴責 ，
譴責	LL	嚴重 缺乏 良心 的 譴責 ，
短短	LL	且 短短 數 小時 便有 上千 人 加入 ，
倉皇	LL	在 人們 倉皇 失措 時 ，
失措	LL	在 人們 倉皇 失措 時 ，
衝擊	LL	一 是 太陽 花 學運 對 民進黨 路線 的 拉扯 和 衝擊 ，
嚴重	LL	學運 不僅 嚴重 打擊 馬 政府 形象 ，
打擊	LL	學運 不僅 嚴重 打擊 馬 政府 形象 ，
迫使	LL	甚至 迫使 蘇貞昌 、 謝長廷 提前 退出 「 三 個 太陽 」 的 主席 之 爭 ，
嚴重	LL	使得 民進黨 去年 以來 一直 力求 轉型 與 突破 的 中國 政策 發生 嚴重 倒退 ，
倒退	LL	使得 民進黨 去年 以來 一直 力求 轉型 與 突破 的 中國 政策 發生 嚴重 倒退 ，
損傷	LL	她 必須 一一 處理 這些 形象 損傷 、 戰略 矛盾 、 和 路線 倒退 的 問題 ，
矛盾	LL	她 必須 一一 處理 這些 形象 損傷 、 戰略 矛盾 、 和 路線 倒退 的 問題 ，
倒退	LL	她 必須 一一 處理 這些 形象 損傷 、 戰略 矛盾 、 和 路線 倒退 的 問題 ，
暴力	LL	學生 哪 能 自由 控訴 國家 暴力
故意	LL	核心 學運 領袖 故意 拒絕 警方 的 傳訊 ，
故意	LL	抨擊 政府 是 「 故意 凌遲 ，
嚴重	LL	是 「 嚴重 侵犯 人權 」 。
侵犯	LL	是 「 嚴重 侵犯 人權 」 。
根本	LL	對於 司法 偵辦 行動 根本 毫不 在意 ；
干擾	LL	這 也 就 對 司法 人員 的 偵辦 構成 強烈 的 干擾 ：
脫序	LL	指控 他們 才 是 該 負 脫序 責任 的 禍首 ；
禍首	LL	指控 他們 才 是 該 負 脫序 責任 的 禍首 ；
暴力	LL	除非 特定 學生 做出 不可 原諒 的 違法 或 暴力 行為 ，
命 喪	LL	有 人命 喪 坦克 ，
肆無忌憚	LL	台灣 學運 領袖 之所以 能 如此 肆無忌憚 ，
矛盾	LL	是 利用 藍 綠 對立 的 矛盾 而 受到 的 特殊 保護 。
故意	LL	故意 踐踏 法治 而 自稱 是 在 爭 民主 ，
踐踏	LL	故意 踐踏 法治 而 自稱 是 在 爭 民主 ，
本末倒置	LL	切 不可 本末倒置 。
矛盾	LL	蔡英文 對 張志軍 來訪 的 六 種 矛盾
爆發	LL	在 太陽花 事件 爆發 的 反中 浪潮 中 ，
陷	LL	又 使 她 不免 陷於 逆勢 操作 。
矛盾	LL	蔡英文 可能 處於 六 種 矛盾 之中 ：
矛盾	LL	一 、 今昔 的 矛盾 ：
陷	LL	台灣 又 因 ＥＣＦＡ 的 子約 服貿協議 陷於 慘烈 內鬥 ，
慘烈	LL	台灣 又 因 ＥＣＦＡ 的 子約 服貿協議 陷於 慘烈 內鬥 ，
內鬥	LL	台灣 又 因 ＥＣＦＡ 的 子約 服貿協議 陷於 慘烈 內鬥 ，
陷	LL	卻 陷於 「 不 敢 硬 ╱ 不能 軟 」 的 兩難 境地 ，
矛盾	LL	二 、 言行 的 矛盾 ：
陷	LL	而 如今 服貿協議 已 陷 焦土戰 ，
焦土戰	LL	而 如今 服貿協議 已 陷 焦土戰 ，
矛盾	LL	三 、 內外 的 矛盾 ：
暴力	LL	並 帶頭 支持 以 暴力 非法 手段 對抗 馬政府 ；
上演	LL	而 不 是 針對 共產黨 」 已 真實 上演 ，
藉口	LL	又 難道 民進黨 的 「 反中 」 只是 「 反 馬 」 的 藉口 而已 ？
矛盾	LL	四 、 綠營 的 矛盾 ：
藉口	LL	亦 可見 其 「 反中 」 只是 「 反 馬 」 的 藉口 而已 。
矛盾	LL	五 、 明暗 的 矛盾 ：
矛盾	LL	六 、 未來 的 矛盾 ：
逼使	LL	太陽花 逼使 蔡英文 在 服貿協議 及 自由 經濟 示範區 上 必須 「 反中 」 ，
迫使	LL	但 張志軍 的 來訪 卻 又 迫使 蔡英文 必須 作 「 和 中 」 的 表態 。
陷	LL	民進黨 勢必 仍 將 陷於 「 對 馬英九 時 反中 ，
矛盾	LL	對 北京 時 和 中 」 的 矛盾 。
焦土	LL	民進黨 及 蔡英文 在 焦土 杯葛 服貿協議 之 際 ，
杯葛	LL	民進黨 及 蔡英文 在 焦土 杯葛 服貿協議 之 際 ，
矛盾	LL	雖 處 前述 六 種 矛盾 中 ，
焦土	LL	揚言 焦土 杯葛 ；
杯葛	LL	揚言 焦土 杯葛 ；
自相矛盾	LL	這 是 一 個 反差 極 大 又 自相矛盾 的 兩 手 操作 ，
上演	LL	大 戲 上演 前 ，
矛盾	LL	賓主 雙方 仍 有 其 不易 解決 的 矛盾 。
衝突	LL	張志軍 選 在 服貿 協議 衝突 激烈 及 太陽花 反中 情緒 高亢 之 際 到訪 ，
矛盾	LL	亦 不無 可能 意在 凸顯 民進黨 的 矛盾 處境 ，
迫使	LL	迫使 民進黨 對 紅 綠 兩 黨 是否 和解 攤牌 ，
迫使	LL	間接 也 迫使 民進黨 與 太陽花 及 公民 組合 等 激進 勢力 攤牌 。
叫囂	LL	並 發動 示威 叫囂 羞辱 來客 ，
羞辱	LL	並 發動 示威 叫囂 羞辱 來客 ，
矛盾	LL	張志軍 只要 能夠 凸顯出 民進黨 「 奉茶 迎賓 ╱ 服貿 焦土 」 的 矛盾 場景 ，
矛盾	LL	民進黨 的 矛盾 表現 ，
衝撞	LL	在 張志軍 「 帶 著 耳朵 」 探訪 真實 台灣 的 傾聽 之 旅 中 如影隨形 的 衝撞 ，
矛盾	LL	以免 引起 兩岸 間 不 必要 的 政治 或 外交 矛盾 。
杯葛	LL	內 有 綠營 杯葛 ，
猜疑	LL	不只 是 藍 綠 對立 或 兩岸 猜疑 ，
衝撞	LL	但 喧騰 衝撞 不 是 自由 ，
暴力	LL	少數 暴力 更 難 美其名 多元 ；
陷	LL	馬 政府 的 維安 勤務 陷入 了 一 個 新 的 困境 ：
困境	LL	馬 政府 的 維安 勤務 陷入 了 一 個 新 的 困境 ：
上演	LL	上演 了 安全 網破 漏 的 「 潑漆 事件 」 。
癥結	LL	「 潑漆 事件 」 的 癥結 ，
羞辱	LL	也 要 防止 客人 受到 羞辱 或 傷害 。
傷害	LL	也 要 防止 客人 受到 羞辱 或 傷害 。
過激	LL	有時 是 受到 示威 者 的 過激 手段 所 牽動 。
嚴重	LL	這 也 是 警方 遭 指責 「 維安 過當 」 最 嚴重 的 一 次 。
嚴重	LL	「 占領 官署 」 是 對 公權力 的 嚴重 侵犯 ，
侵犯	LL	「 占領 官署 」 是 對 公權力 的 嚴重 侵犯 ，
陷	LL	次日 整 個 中央 政府 行政 即 可能 陷於 癱瘓 。
癱瘓	LL	次日 整 個 中央 政府 行政 即 可能 陷於 癱瘓 。
暴力	LL	學 社運 團體 的 抗議 大抵 稱不上 「 暴力 」 ，
羞辱	LL	「 羞辱 」 為 目的 。
暴力	LL	由於 外觀 非暴力 ，
嚴重	LL	更 嚴重 的 是 ，
上演	LL	萬一 未來 「 占中 」 上演 真實版 ，
衝突	LL	恐 難 避免 流血 衝突 。
脫序	LL	台灣 社會 卻 面臨 脫序 的 嚴重 危機 。
危機	LL	台灣 社會 卻 面臨 脫序 的 嚴重 危機 。
嚴重	LL	台灣 社會 卻 面臨 脫序 的 嚴重 危機 。
陷	LL	警方 維安 更 陷於 無所適從 之 境 。
衝突	LL	一直 有 一 種 「 衝突 極 大化 」 的 傾向 ，
抹煞	LL	但 如果 這 被 一舉 抹煞 為 「 摸頭 」 ，
衝鋒陷陣	LL	在 不同 抗爭 場合 衝鋒陷陣 。
陷	LL	兩岸 關係 正 陷 僵局 ，
僵局	LL	兩岸 關係 正 陷 僵局 ，
風暴	LL	民進黨 內 為 凍 不 凍 台獨 黨綱 掀起 一 場 茶壺 裡 的 風暴 ，
畫蛇添足	LL	那 是 當年 陳水扁 畫蛇添足 「 改壞 的 」 ，
憂慮	LL	這 卻 是 比 台獨 黨綱 更 令 人 憂慮 驚悚 之 事 。
驚悚	LL	這 卻 是 比 台獨 黨綱 更 令 人 憂慮 驚悚 之 事 。
陷	LL	這 則 是 陷 台灣 於 風險 莫 測 的 可怕 之 事 。
風險	LL	這 則 是 陷 台灣 於 風險 莫 測 的 可怕 之 事 。
根本	LL	如果 「 成立 主權 獨立 自主 的 台灣 共和國 」 是 根本 不可能 及 莫大 危險 之 事 ，
危險	LL	如果 「 成立 主權 獨立 自主 的 台灣 共和國 」 是 根本 不可能 及 莫大 危險 之 事 ，
撕裂	LL	但 若 明知 這 十四 個 字 絕無 可能 實現 並 為 台灣 帶來 無盡 的 撕裂 與 痛苦 ，
痛苦	LL	但 若 明知 這 十四 個 字 絕無 可能 實現 並 為 台灣 帶來 無盡 的 撕裂 與 痛苦 ，
竊據	LL	蔡英文 竟 先 一步 將 之 竊據 為 台獨 運動 ，
暴力	LL	不啻 是以 政治 暴力 將 之 過早 地 「 蓋棺論定 」 。
暴力	LL	亦 是以 政治 暴力 對 五四 的 「 政治 封諡 」 。
剝奪	LL	及 對 世代 剝奪 的 忿懣 等 ；
忿懣	LL	及 對 世代 剝奪 的 忿懣 等 ；
誤解	LL	卻 不 知 竟然 是 一 誤解 。
絕無 可能	LL	及 身 歷 兩岸 情勢 消長 與 全球化 使 台獨 已 絕無 可能 之 際 ；
井底之蛙	LL	這 種 井底之蛙 自尋 絕路 的 國策 主張 ，
引爆	LL	勢將 引爆 一 場 非常 慘重 的 經濟 災難 。
慘重	LL	勢將 引爆 一 場 非常 慘重 的 經濟 災難 。
災難	LL	勢將 引爆 一 場 非常 慘重 的 經濟 災難 。
危機	LL	也 未 計入 未來 兩岸 關係 可能 失控 的 危機 ，
焦土	LL	民進黨 卻 焦土 杯葛 《 兩岸 協議 監督 條例 》 ，
杯葛	LL	民進黨 卻 焦土 杯葛 《 兩岸 協議 監督 條例 》 ，
根本	LL	根本 不成 理由 。
杯葛	LL	民進黨 已 杯葛 了 一 年 多 。
自欺欺人	LL	而 只是 自欺欺人 地 將 這些 法案 當成 政治 籌碼 來 杯葛 ，
杯葛	LL	而 只是 自欺欺人 地 將 這些 法案 當成 政治 籌碼 來 杯葛 ，
故意	LL	卻 故意 在 管線 上 挖 個 洞 看 著 丙烯 溢洩 ，
嚴重	LL	此 時 民進黨 當然 不 是 不 知道 後果 的 嚴重性 ，
嚴重	LL	嚴重 背離 了 兩岸 關係 的 常識 。
背離	LL	嚴重 背離 了 兩岸 關係 的 常識 。
根本	LL	此 說 根本 違反 了 兩岸 政治 的 常識 與 定律 ，
前車之鑑	LL	陳水扁 執政 八 年 是 前車之鑑 ，
決裂	LL	兩岸 決裂 的 效應 只是 口舌 機鋒 而已 ；
決裂	LL	兩岸 決裂 可能 引發 的 對 虱目魚 、 鳳梨酥 及 士林 夜市 、 六合 夜市 的 影響 ，
剝奪	LL	顯示 改善 此 一 「 相對 剝奪感 」 是 政府 的 當務之急 。
當務之急	LL	顯示 改善 此 一 「 相對 剝奪感 」 是 政府 的 當務之急 。
嚴重	LL	覺得 貧富 差距 越來越 嚴重 的 比率 最 高 ，
杯葛	LL	使 民進黨 失去 了 繼續 杯葛 的 政治 槓桿 。
亡羊補牢	LL	馬 政府 必須 亡羊補牢 。
杯葛	LL	民進黨 對 兩岸 正當 協議 的 杯葛 ，
杯葛	LL	蔡英文 別 以為 一味 杯葛 即 可以 卡住 兩岸 ，
悶	LL	包括 悶 經濟 、 工作 難找 、 薪資 倒退 、 房價 高 、 被 南韓 超越 、 為何 早已 沒有 四小龍 等等 ，
倒退	LL	包括 悶 經濟 、 工作 難找 、 薪資 倒退 、 房價 高 、 被 南韓 超越 、 為何 早已 沒有 四小龍 等等 ，
杯葛	LL	民進黨 仍 焦土 杯葛 服貿 協議 ，
害台	LL	還是 立法院 拒 審 害台 ？
杯葛	LL	反對黨 則 仍 持 杯葛 態度 ，
杯葛	LL	卻 是 反對黨 一路 以 「 拒 審 」 杯葛 《 服貿 》 及 《 兩岸 協議 監督 條例 》 的 審議 ，
根本	LL	根本 無意 談 監督 。
杯葛	LL	而 只是 想 用 杯葛 手段 讓 執政黨 落入 「 一事無成 」 的 困境 。
一事無成 	LL	而 只是 想 用 杯葛 手段 讓 執政黨 落入 「 一事無成 」 的 困境 。
困境	LL	而 只是 想 用 杯葛 手段 讓 執政黨 落入 「 一事無成 」 的 困境 。
杯葛	LL	如此 杯葛 的 結果 ，
杯葛	LL	那 就 請 坦白 誠實 承擔 杯葛 的 責任 。
衝擊	LL	以 消除 或 降低 負面 衝擊 。
杯葛	LL	而 不 是 一味 的 杯葛 、 抵制 、 反對 ，
故意	LL	我們 不 相信 任何 官員 會 在 貨貿 談判 之中 故意 出賣 國家 利益 。
出賣	LL	我們 不 相信 任何 官員 會 在 貨貿 談判 之中 故意 出賣 國家 利益 。
風暴	LL	【 2014 - 09 - 13 / 聯合報 / A 2 版 / 餿油 風暴 擴大 】
憂慮	LL	防中 、 抗中 、 恐中 及 對 全球化 開放 路線 的 憂慮 ，
剝奪	LL	二 、 激發 「 世代 剝奪 」 的 思考 ，
杯葛	LL	並 又 迅速 變成 全力 杯葛 服貿協議 及 自由 經濟 示範區 條例 。
鬥爭	LL	整 個 事件 又 回復 其 骨子 裡 的 綠色 政治 鬥爭 的 面貌 。
衝擊	LL	太陽花 事件 雖 對 校園 、 學生 及 社會 與 政局 發生 了 一定 的 衝擊 ，
絕無 可能	LL	絕無 可能 成為 救台 灣 的 國家 生存 戰略 。
誤解	LL	那 是 誤解 ，
衝擊	LL	即使 相繼 遭到 太陽花 學運 與 張 顯耀 事件 的 衝擊 ，
陷	LL	而 內部 政治 因素 則 又 讓 台灣 逐漸 陷入 「 流失 競爭 優勢 」 與 「 喪失 開放 信心 」 的 惡性 循環 。
惡性 循環	LL	而 內部 政治 因素 則 又 讓 台灣 逐漸 陷入 「 流失 競爭 優勢 」 與 「 喪失 開放 信心 」 的 惡性 循環 。
衝突	LL	特別 是 從 東海 到 南海 的 衝突 ，
倒退	LL	更 讓 兩岸 關係 存在 「 倒退 嚕 」 的 可能 。
癥結	LL	台灣 無法 進步 的 一 大 癥結 」 ，
風暴	LL	絲毫 無懼 餿水油 風暴 侵襲 。
侵襲	LL	絲毫 無懼 餿水油 風暴 侵襲 。
草率	LL	容易 流於 草率 作風 或 隨便 心態 的 民間 或 政府 部門 ，
隨便	LL	容易 流於 草率 作風 或 隨便 心態 的 民間 或 政府 部門 ，
遑論	LL	遑論 提升 行政 部門 的 效能 。
衝突	LL	旺角 示威 現場 發生 一 場 衝突 ，
抹黑	LL	更 不能 因 意外 的 抹黑 、 衝突 無功而返 。
衝突	LL	更 不能 因 意外 的 抹黑 、 衝突 無功而返 。
衝撞	LL	學生 團體 在 街頭 衝撞 的 能量 相當 可觀 ，
干擾	LL	隨著 民眾 生活 秩序 受到 干擾 ，
衝擊	LL	也 擔心 香港 政治 架構 與 經濟 角色 受到 衝擊 ，
悲劇	LL	更 憂慮 香港 會不會 重演 當年 天安門 廣場 的 悲劇 。
矛盾	LL	加上 這 幾 年 中港 民眾 所 積累 的 許多 矛盾 作祟 ，
作祟	LL	加上 這 幾 年 中港 民眾 所 積累 的 許多 矛盾 作祟 ，
衝撞	LL	街頭 的 衝撞 或 可 帶來 即時 的 改變 ，
衝突	LL	能 將 衝突 範圍 限縮 在 香港 內部 ，
衝突	LL	若 為了 一 場 意外 衝突 ，
陷	LL	兩岸 關係 便 陷入 五里霧 中 ，
杯葛	LL	但 經 太陽花 及 隨後 的 各 種 政治 杯葛 ，
陷	LL	似乎 逐漸 陷入 一 個 低潮 ，
薄弱	LL	都 使 兩岸 間 的 互信 基礎 變得 薄弱 ，
風暴	LL	【 2014 - 10 - 09 / 聯合報 / A 2 版 / 食安 風暴 再 起 】
遑論	LL	遑論 在 政治 上 進行 有 意義 的 對話 或 交鋒 ，
嚴重	LL	連 柯 兩 人 專業 不足 的 問題 便 暴露出 其 嚴重性 。
愚弄	LL	首都 市民 豈不 被 自己 的 「 素人 想望 」 所 愚弄 了 ？
長才	LL	展現 自己 經營 首都 的 志趣 與 長才 ；
陷	LL	而 使 兩岸 關係 及 台美 關係 均 陷於 嚴重 紛擾 與 緊張 。
嚴重	LL	而 使 兩岸 關係 及 台美 關係 均 陷於 嚴重 紛擾 與 緊張 。
紛擾	LL	而 使 兩岸 關係 及 台美 關係 均 陷於 嚴重 紛擾 與 緊張 。
陷	LL	大 氣候 陷於 十二 年 國教 、 食安 問題 、 太陽 花 世代 剝奪 等 議題 中 ，
剝奪	LL	大 氣候 陷於 十二 年 國教 、 食安 問題 、 太陽 花 世代 剝奪 等 議題 中 ，
陷	LL	小 氣候 則 陷於 「 一 個 洞 」 及 「 一 顆 番薯 」 等 瑣碎 口角 中 ，
瑣碎	LL	小 氣候 則 陷於 「 一 個 洞 」 及 「 一 顆 番薯 」 等 瑣碎 口角 中 ，
失敗	LL	竟 在 全 局 因應 失敗 ，
危機	LL	此 次 九合一 選舉 顯現 的 台灣 危機 有 二 ：
鬧劇	LL	但 台北市 的 連 柯 之 爭 卻 已 形同 鬧劇 。
自相矛盾	LL	豈非 自相矛盾 ？
陷	LL	全民 幾 已 陷入 遺忘 「 全球化 ╱ 兩岸 深水區 」 兩 大全 局 議題 之 境地 ，
惡化	LL	而 前述 的 兩 大 議題 卻 仍 繼續 在 惡化 之中 。
抗中	LL	以 硬碰硬 、 『 抗中 』 到底 、 向 綠 靠攏 ，
戒慎	LL	民進黨 必須 戒慎 恐懼 ，
恐懼	LL	民進黨 必須 戒慎 恐懼 ，
陷	LL	原本 因 釣魚台 主權 爭議 而 陷入 低潮 的 中日 關係 ，
爆發	LL	隨後 爆發 的 張 顯耀 洩密案 ，
陷	LL	這些 你來我往 讓 兩岸 關係 陷於 冷凍 。
倒退	LL	雙方 領導人 對於 兩岸 政治 定位 的 共識 更 有 倒退 跡象 。
誤解	LL	應該 放 在 化解 雙方 一 年 來 的 誤解 和 歧見 ，
長才	LL	以 蕭萬長 的 外交 長才 ，
根本	LL	儼然 亦 是 對 國民黨 及 馬 政府 兩岸 政策 的 根本 否定 ，
陷阱	LL	而 不可 落入 「 報復 馬英九 ╱ 套 殺 民進黨 」 的 情緒性 陷阱 ，
杯葛	LL	又 對 ＥＣＦＡ 體系 杯葛 到底 ，
衝擊	LL	只 能 把 衝擊 留給 企業 ，
衝擊	LL	對 台灣 的 心理 衝擊 仍 超乎 預期 。
磨刀 霍霍	LL	磨刀 霍霍 等 著 政府 出糗 ，
衝擊	LL	對於 台灣 相關 產業 之 衝擊 必然 是 鉅大 的 ，
漠然	LL	對 世界 潮流 的 風起雲湧 一概 漠然 以 對 ，
扭曲	LL	但 其 發洩 出口 卻 是 扭曲 的 ；
眾矢之的	LL	為了 一 個 懸 為 眾矢之的 的 「 服貿 黑箱 」 ，
難辭其咎	LL	馬 政府 亦 難辭其咎 ，
衝擊	LL	何止 《 中 韓 自 貿協定 》 之 衝擊 ？
陷	LL	台灣 政局 已 陷 躁動 ，
躁動	LL	台灣 政局 已 陷 躁動 ，
鬥爭	LL	這 卻 是 相關 當局 的 往復 猶豫 與 角色 鬥爭 所 造成 。
剝奪	LL	又 運用 「 世代 剝奪 」 來 號召 社會 支援 。
剝奪	LL	將 「 世代 剝奪 」 與 「 中國 剝奪 」 相 連結 ，
剝奪 	LL	將 「 世代 剝奪 」 與 「 中國 剝奪 」 相 連結 ，
抗中	LL	於是 形成 了 反 中 、 抗中 、 仇中 的 氛圍 。
仇中	LL	於是 形成 了 反 中 、 抗中 、 仇中 的 氛圍 。
託詞	LL	而 非 託詞 「 逐條 審查 」 ，
陷	LL	已 使 國家 方向 與 生存 戰略 陷於 迷失 。
迷失	LL	已 使 國家 方向 與 生存 戰略 陷於 迷失 。
衝撞	LL	卻 也 可能 將 台灣 帶上 另 一 次 台獨 政經 路線 的 大 衝撞 。
危機	LL	為 安倍 政權 帶來 極 大 的 危機 。
危機	LL	但 如今 的 安倍 卻 被 願 景 破滅 的 危機 所 圍困 。
圍困	LL	但 如今 的 安倍 卻 被 願 景 破滅 的 危機 所 圍困 。
陷	LL	陷入 新 一 波 的 外交 困境 。
困境	LL	陷入 新 一 波 的 外交 困境 。
衝擊	LL	對 外 競爭 又 受到 中 韓 自由 貿易 協議 的 衝擊 ，
濫用	LL	勿 濫用 網路 叢林 的 自由
故意	LL	更 有 人 故意 散播 變造 、 捏造 、 內容 不實 之 圖文 ，
醜化	LL	意圖 醜化 特定 對象 ，
傷害	LL	往往 能夠 造成 傷害 ，
危機	LL	指 劉憶如 撰文 批評 馬政府 稱 《 中 韓 自由 貿易 協定 》 將 帶給 台灣 危機 完全 是 「 誇大 其詞 」 ，
危機	LL	認為 馬政府 誇大 危機 。
見獵心喜	LL	自由時報 見獵心喜 ，
硬生生	LL	硬生生 將 別人 沒 說 過 的 話 強 塞到 她 嘴 裡 ，
傷害	LL	如此 造成 的 傷害 ，
醜化	LL	除 為 醜化 執政黨 ，
扭曲	LL	如此 扭曲 的 網路 世界 又 如何 藉由 開放 、 自由 爭取 正義 ？
根本	LL	但 許多 網民 一口咬定 連勝文 根本 並 未 見到 張榮發 本人 ，
一敗塗地	LL	國民黨 一敗塗地 ，
崩盤	LL	面對 這 個 崩盤 的 局面 ，
流失	LL	地方 版圖 流失 有如 土石 流 一瀉千里 ，
難堪	LL	如此 難堪 的 戰績 ，
拖累	LL	受 中央 執政 欠佳 拖累 是 主要 癥結 。
癥結	LL	受 中央 執政 欠佳 拖累 是 主要 癥結 。
危機	LL	也許 能 喚起 深藍 的 危機 意識 ，
流失	LL	卻 反而 流失 中間 選民 。
失望	LL	馬 總統 也許 永遠 不會 知道 政府 的 施政 有 多麼 讓 人民 失望 和 憤慨 ，
憤慨	LL	馬 總統 也許 永遠 不會 知道 政府 的 施政 有 多麼 讓 人民 失望 和 憤慨 ，
嚴重	LL	國民黨 也 永遠 不 知道 自己 政黨 的 病情 有 多麼 嚴重 。
病情	LL	國民黨 也 永遠 不 知道 自己 政黨 的 病情 有 多麼 嚴重 。
耽溺	LL	有 一 種 耽溺 內鬥 甚於 團結 對 外 的 愚頑 。
內鬥	LL	有 一 種 耽溺 內鬥 甚於 團結 對 外 的 愚頑 。
愚頑	LL	有 一 種 耽溺 內鬥 甚於 團結 對 外 的 愚頑 。
崩盤	LL	這 次 國民黨 九合一 選舉 的 崩盤 ，
根本	LL	認為 資訊 不足 卻 標榜 公民 參與 根本 行不通 。
杯葛	LL	民進黨 僅 以 「 杯葛 」 一 招 ，
汗顏	LL	恐怕 也 會 感到 有 些 汗顏 。
干擾	LL	柯文哲 在 紛亂 的 政治 干擾 中 忘卻 初衷 ，
衝擊	LL	都 是 全球化 衝擊 引發 世代 緊張 的 一 環 ，
爆發	LL	正 是 這 股 青年 憤怒 積累 之後 的 總 爆發 。
矛盾	LL	而 在 現實 的 世代 矛盾 ；
矛盾	LL	並 設法 解決 經濟 、 社會 、 政治 各 層面 的 世代 矛盾 ，
流失	LL	面對 自己 因 時代 變化 而 流失 的 機會 ，
嚴重	LL	都 顯示 民主 政治 已 面臨 嚴重 的 功能性 障礙 。
障礙	LL	都 顯示 民主 政治 已 面臨 嚴重 的 功能性 障礙 。
癥結	LL	其中 癥結 ，
失能	LL	民主 失能 台灣 的 體制 優勢 正在 流失
流失	LL	民主 失能 台灣 的 體制 優勢 正在 流失
流失	LL	台灣 的 體制 優勢 似 在 逐漸 流失 。
光榮感	LL	台灣 向 有 「 民主 自由 」 較 「 一黨 專政 」 優越 的 光榮感 與 自信心 。
自信心	LL	台灣 向 有 「 民主 自由 」 較 「 一黨 專政 」 優越 的 光榮感 與 自信心 。
憂慮	LL	但 如今 值得 憂慮 的卻 是 ：
陷	LL	甚至 使 台灣 陷於 難以 抗衡 北京 的 困局 。
困局	LL	甚至 使 台灣 陷於 難以 抗衡 北京 的 困局 。
陷	LL	台灣 若 繼續 陷 此 狀態 ，
撕裂	LL	台灣 的 「 憲政 」 連 國家 認同 都 呈現 撕裂 ，
嚴重	LL	遠 較 憲法 條文 的 問題 更 嚴重 ；
摧毀	LL	假 「 民主 」 之 名 摧毀 了 「 多數 治理 」 的 憲政 原則 ，
陷	LL	自由 開放 陷於 自相矛盾 ，
自相矛盾	LL	自由 開放 陷於 自相矛盾 ，
陷	LL	台灣 則 陷於 民主 政治 攪亂 經濟 發展 ，
攪亂	LL	台灣 則 陷於 民主 政治 攪亂 經濟 發展 ，
撕裂	LL	不能 再 以 撕裂 為 手段 ，
惡化	LL	「 失能 的 民主 」 將 難以 扭轉 兩岸 消長 情勢 的 繼續 惡化 。
陷	LL	台灣 不可 自 陷 「 成 也 民主 ╱ 敗 也 民主 」 的 悖論 。
霸占	LL	除了 太陽花 占據 立法院 、 立委 霸占 主席台 、 「 政黨 協商 」 ，
霸占	LL	除了 太陽花 占據 立法院 、 立委 霸占 主席台 、 「 政黨 協商 」 ，
流失	LL	正在 逐漸 流失 之中 。
缺陷	LL	此 一 兩岸 架構 容有 缺陷 及 風險 ，
風險	LL	此 一 兩岸 架構 容有 缺陷 及 風險 ，
杯葛	LL	且 對 ＥＣＦＡ 架構 後續 協議 及 兩岸 互 設 辦事處 等 續 持 杯葛 立場 。
自相矛盾	LL	這 種 進退維谷 、 自相矛盾 的 情勢 ，
煽動	LL	更 煽動 反對 服 貿 協議 等 ＥＣＦＡ 後續 工程 ，
剝奪	LL	對 世代 剝奪 的 憤怒 ，
憤怒	LL	對 世代 剝奪 的 憤怒 ，
陷	LL	國民黨 似乎 陷入 了 萬 馬齊瘖 的 境地 。
萬 馬齊瘖	LL	國民黨 似乎 陷入 了 萬 馬齊瘖 的 境地 。
砲聲隆隆	LL	國民黨 內 竟 未 聞 砲聲隆隆 ，
排擠	LL	有 企圖心 及 有 創意 的 人才 則 漸漸 遭到 排擠 和 淘空 。
淘空	LL	有 企圖心 及 有 創意 的 人才 則 漸漸 遭到 排擠 和 淘空 。
流失	LL	流失 速度 之 快 ，
醜化	LL	而 整 個 黨 卻 不斷 遭到 醜化 及 羞辱 ；
羞辱	LL	而 整 個 黨 卻 不斷 遭到 醜化 及 羞辱 ；
嚴重	LL	更 嚴重 影響到 內部 意見 的 交流 ，
衝擊	LL	這 在 歷經 首 次 政黨 輪替 的 強烈 衝擊 後 ，
矛盾	LL	太陽花 學運 和 民進黨 之間 的 合作 關係 也 就 難 掩 矛盾 了 。
撕裂	LL	但 也 有 可能 撕裂 太陽花 原始 的 素淨 形象 。
崩解	LL	民進黨 必須 正視 兩岸 和平 框架 崩解 的 警告
崩解	LL	將 面臨 崩解 危機 。
危機	LL	將 面臨 崩解 危機 。
崩解	LL	直接 發出 民進黨 必須 面對 「 兩岸 和平 框架 崩解 」 的 警告 。
崩解	LL	民進黨 必須 正視 兩岸 和平 框架 將 面臨 崩解 危機 。
危機	LL	民進黨 必須 正視 兩岸 和平 框架 將 面臨 崩解 危機 。
衝擊	LL	這 對 台灣 社會 的 心理 衝擊 與 實質 影響 ，
崩解	LL	皆 可能 對 若 重返 執政 的 民進黨 政府 發生 「 政權 崩解 」 的 嚴重 效應 。
嚴重	LL	皆 可能 對 若 重返 執政 的 民進黨 政府 發生 「 政權 崩解 」 的 嚴重 效應 。
絕無 可能	LL	北京 亦 絕無 可能 如 蔡英文 所 說 「 朝 民進黨 的 方向 調整 」 ，
崩解	LL	亦即 不要 留給 北京 任何 導致 「 兩岸 和平 框架 崩解 」 的 藉口 。
藉口	LL	亦即 不要 留給 北京 任何 導致 「 兩岸 和平 框架 崩解 」 的 藉口 。
陷	LL	在 幾乎 所有 重大 國政 皆 陷 僵局 的 此 際 ，
僵局	LL	在 幾乎 所有 重大 國政 皆 陷 僵局 的 此 際 ，
霸占	LL	可望 提供 一 個 應當 不會 有 人 霸占 主席台 的 國是 論壇 。
霸占	LL	沒有 人 霸占 主席台 ，
衝擊	LL	台灣 如何 在 全球化 的 衝擊 下 ，
霸占	LL	這 若是 一 場 無 人 霸占 主席台 的 國是 論壇 ，
爆發	LL	第一 次 南京 的 「 王張會 」 在 太陽花 爆發 前 一 個 月 舉行 ，
尊嚴	LL	更 深刻 地 思考 台灣 在 兩岸 互動 上 必須 贏得 的 尊嚴 ，
破局	LL	但 受到 太陽 花 學運 、 張顯耀 洩密案 、 ＡＰＥＣ 「 馬習會 」 破局 、 習近平 強調 對 台 「 一國兩制 」 、 香港 占 中 事件 、 九合一 選舉 國民黨 慘敗 等 一連串 事件 的 衝擊 ，
慘敗	LL	但 受到 太陽 花 學運 、 張顯耀 洩密案 、 ＡＰＥＣ 「 馬習會 」 破局 、 習近平 強調 對 台 「 一國兩制 」 、 香港 占 中 事件 、 九合一 選舉 國民黨 慘敗 等 一連串 事件 的 衝擊 ，
衝擊	LL	但 受到 太陽 花 學運 、 張顯耀 洩密案 、 ＡＰＥＣ 「 馬習會 」 破局 、 習近平 強調 對 台 「 一國兩制 」 、 香港 占 中 事件 、 九合一 選舉 國民黨 慘敗 等 一連串 事件 的 衝擊 ，
爆發	LL	去年 八月 爆發 王郁琦 主委 指控 副主委 兼 我方 首席 談判 代表 張顯耀 洩密 一 案 ，
傷害	LL	不僅 對 兩岸 互信 造成 難以 彌補 的 傷害 ，
傷害	LL	但 對 兩岸 關係 的 傷害 卻 相對 減輕 ，
錯亂	LL	發生 此 一 事件 並 因 處理 程序 似 顯 錯亂 而 掀起 政治 風暴 ，
風暴	LL	發生 此 一 事件 並 因 處理 程序 似 顯 錯亂 而 掀起 政治 風暴 ，
衝擊 	LL	國民黨 必須 誠懇 檢討 兩岸 政策 對 台灣 人民 心理 層面 的 衝擊 及 在 分配 公平 正義 上 的 疑慮 。
疑慮	LL	國民黨 必須 誠懇 檢討 兩岸 政策 對 台灣 人民 心理 層面 的 衝擊 及 在 分配 公平 正義 上 的 疑慮 。
衝突	LL	一旦 內外 衝突 再 起 ，
衝突	LL	她 確實 面臨 如此 強烈 衝突 的 抉擇 ，
衝擊	LL	中華民國 的 現狀 亦 受 衝擊 。
口實	LL	勿 落 北京 口實 而 遭 挾制 ，
挾制	LL	勿 落 北京 口實 而 遭 挾制 ，
衝擊	LL	三 、 Ｍ 型 社會 的 衝擊 。
陷	LL	台灣 在 經濟 上 及 政治 上將 陷 危機 ；
危機	LL	台灣 在 經濟 上 及 政治 上將 陷 危機 ；
矛盾	LL	蔡英文 如今 正 處於 台灣 社會 在 心理 及 現實 上 的 重大 矛盾 中 。
杯葛	LL	太陽花 事件 所 導致 的 對 服貿 、 貨貿 及 自由 經濟 示範區 的 杯葛 ，
矛盾	LL	蔡英文 所 面對 的 矛盾 是 ：
糾纏	LL	但 顯然 也 有 一 股 想要 擺脫 藍 綠 糾纏 的 民意 ，
陷	LL	不能 陷於 前 文 所 述 北京 所 定義 的 挾制 脅迫 之 「 新機遇 」 。
脅迫	LL	不能 陷於 前 文 所 述 北京 所 定義 的 挾制 脅迫 之 「 新機遇 」 。
挾制	LL	不能 陷於 前 文 所 述 北京 所 定義 的 挾制 脅迫 之 「 新機遇 」 。
危機	LL	例如 證所稅 、 兩岸 服貿 協議 、 食安 危機 、 油 電價 雙 漲 、 九 年 國教 和 核四 商轉 等 問題 ，
杯葛	LL	當然 也 有 在野 杯葛 ；
危機	LL	是 政治 處理 不當 演變 成為 政治 危機 ，
陷	LL	或 因 程序 失當 而 深陷 泥淖 ，
泥淖	LL	或 因 程序 失當 而 深陷 泥淖 ，
嚴重	LL	乃至 治國 嚴重 偏聽 使 進言 管道 封閉 。
挫敗	LL	分析 上述 三 類 挫敗 危機 ，
危機	LL	分析 上述 三 類 挫敗 危機 ，
難辭其咎	LL	同樣 難辭其咎 。
杯弓蛇影	LL	杯弓蛇影 的 網路 集體 反智 現象
反智	LL	杯弓蛇影 的 網路 集體 反智 現象
爆發	LL	會 突然 爆發 監獄 事件 ，
反智	LL	這 是 媒體 的 反智 。
惡性 循環	LL	在 惡性 循環 下 ，
反智	LL	這 其實 已經 到 了 反智 、 偏執 、 無知 的 地步 了 。
偏執	LL	這 其實 已經 到 了 反智 、 偏執 、 無知 的 地步 了 。
無知	LL	這 其實 已經 到 了 反智 、 偏執 、 無知 的 地步 了 。
杯弓蛇影	LL	分析 這 種 杯弓蛇影 的 「 網路 集體 反智 」 現象 ，
反智	LL	分析 這 種 杯弓蛇影 的 「 網路 集體 反智 」 現象 ，
霸占	LL	以 太陽花 霸占 立法院 始 ，
陷	LL	台灣 即 可能 陷於 政經 危機 。
危機	LL	台灣 即 可能 陷於 政經 危機 。
引爆	LL	引爆 柯 文哲 的 素人 政治 山洪 。
衝突	LL	另方面 又 不致 在 立委 選舉 發生 爭票 衝突 。
衝擊	LL	公民 運動 對 民進黨 的 衝擊 ，
衝擊	LL	第一 項 衝擊 ，
爆發	LL	但 隨著 學運 爆發 ，
陷	LL	民進黨 完全 陷於 被動 ，
衝擊	LL	第二 項 衝擊 ，
妨礙	LL	不僅 妨礙 黨 內 新陳代謝 ，
藉口	LL	藉口 航路 擠爆 ，
大剌剌	LL	大剌剌 地 把 新 航線 劃 到 了 台灣 的 門口 。
風暴	LL	但 一九九九年 李登輝 無端 推出 「 兩 國論 」 引發 兩岸 風暴 ，
陷	LL	屢次 陷於 擦 槍 走火 的 戰爭 邊緣 ，
放任	LL	難道 美方 竟 放任 中共 進行 動武 的 部署 而 無動於衷 ，
逼	LL	新 航路 顯然 是 要 倒 逼 台灣 思考 開放 這 片 空域 ，
傷害	LL	卻 反 先 傷害 了 和平 發展 的 信譽 ，
步步為營	LL	卻 必須 步步為營 。
衝擊	LL	更 對 台灣 政治 、 社會 、 經濟 各 方面 都 造成 了 衝擊 ，
迫使	LL	並 迫使 執政 者 作出 退讓 。
嚴重	LL	對 台灣 好不容易 建立 的 法治 價值 造成 了 嚴重 破壞 。
破壞	LL	對 台灣 好不容易 建立 的 法治 價值 造成 了 嚴重 破壞 。
癱瘓	LL	皆 有 假藉 抗爭 的 道德性 來 癱瘓 體制 的 危險 。
危機	LL	皆 有 假藉 抗爭 的 道德性 來 癱瘓 體制 的 危險 。
上演	LL	青年 抗爭 是 近 幾 年 全球 各 地 都 在 上演 的 活動 ，
剝奪	LL	房價 的 飛漲 導致 新 世代 「 相對 剝奪感 」 的 惡化 ；
惡化	LL	房價 的 飛漲 導致 新 世代 「 相對 剝奪感 」 的 惡化 ；
引爆	LL	便 引爆 了 青年 世代 的 集體 狂潮 。
驅逐	LL	便 將 示威 者 驅逐 ；
絕無 可能	LL	否則 絕無 可能 。
陷	LL	台灣 陷入 無政府 狀態 不 是 沒 可能 的 事 。
諷刺	LL	尤其 諷刺 的 是 ，
癱瘓	LL	理當 議決 國家 大政 的 立法院 遭到 癱瘓 ，
剝奪	LL	一 、 世代 剝奪 ：
流失	LL	影響 經濟 利益 分配 、 程序 正義 不 周全 、 台灣 主體性 的 流失 、 兩岸 均勢 失衡 造成 台灣 可能 被 併吞 的 危機 …… 。
併吞	LL	影響 經濟 利益 分配 、 程序 正義 不 周全 、 台灣 主體性 的 流失 、 兩岸 均勢 失衡 造成 台灣 可能 被 併吞 的 危機 …… 。
危機	LL	影響 經濟 利益 分配 、 程序 正義 不 周全 、 台灣 主體性 的 流失 、 兩岸 均勢 失衡 造成 台灣 可能 被 併吞 的 危機 …… 。
陷	LL	或 台獨 反而 將 使 台灣 邊緣化 而 經濟 更 陷 困境 ？
 困境	LL	或 台獨 反而 將 使 台灣 邊緣化 而 經濟 更 陷 困境 ？
倒退	LL	這 是 大約 倒退 三十 年 的 大 逆流 ，
逆流	LL	這 是 大約 倒退 三十 年 的 大 逆流 ，
扭曲	LL	對 台灣史 及 中華民國 內涵 的 變造 、 扭曲 及 汙蔑 中 教育 而 成 的 。
變造	LL	對 台灣史 及 中華民國 內涵 的 變造 、 扭曲 及 汙蔑 中 教育 而 成 的 。
汙蔑	LL	對 台灣史 及 中華民國 內涵 的 變造 、 扭曲 及 汙蔑 中 教育 而 成 的 。
謬論	LL	但 蔡英文 竟 也 發表 「 台獨 是 天然 成分 ╱ 中國 會 向 民進黨 調整 」 的 謬論 ，
矛盾	LL	其中 的 矛盾 ，
陷	LL	若 陷 蔡英文 、 民進黨 及 整 個 台灣 於 「 地 動 山搖 」 ，
剝奪	LL	但 解決 台灣 世代 剝奪 、 經濟 困境 、 全球化 挑戰 及 兩岸 競合 的 方案 絕非 台獨 路線 。
 困境	LL	但 解決 台灣 世代 剝奪 、 經濟 困境 、 全球化 挑戰 及 兩岸 競合 的 方案 絕非 台獨 路線 。
衝擊	LL	禁不起 一 批 學生 的 衝擊 ，
陷	LL	瞬間 即 陷入 癱瘓 ，
癱瘓	LL	瞬間 即 陷入 癱瘓 ，
捍衛	LL	本 應 嚴正 捍衛 國會 的 尊嚴 、 自主 與 不可 侵犯 ，
難堪	LL	但 王金平 的 全部 心思 卻 放 在 如何 利用 學運 給 馬政府 難堪 ，
交易	LL	拿 法案 作為 交易 。
撕裂	LL	甚至 是 在 撕裂 及 分化 國民 意志 。
分化	LL	甚至 是 在 撕裂 及 分化 國民 意志 。
壟斷	LL	對 所謂 「 兩岸 政商 集團 」 壟斷 兩岸 交流 紅利 的 說法 ，
坐視	LL	坐視 情勢 惡化 ，
惡化	LL	坐視 情勢 惡化 ，
嚴重	LL	嚴重 失去 了 時空 轉換 的 方向感 ，
嚴重	LL	雖然 嚴重 「 教訓 」 了 執政黨 ，
陷	LL	台灣 將 一直 陷於 茫然 與 脫序 的 狀態 。
茫然	LL	台灣 將 一直 陷於 茫然 與 脫序 的 狀態 。
脫序	LL	台灣 將 一直 陷於 茫然 與 脫序 的 狀態 。
衝擊	LL	兩 次 運動 都 肇因 於 二 〇 〇 八 年 金融 危機 的 衝擊 。
危機	LL	他 收拾 金融 危機 的 手法 便 成 了 反彈 的 導火線 ；
矛盾	LL	卻 未 能 釐清 它們 之間 矛盾 的 可能性 。
嚴重	LL	也 對 共和黨 的 問政 造成 了 嚴重 的 拘絆 。
拘絆	LL	也 對 共和黨 的 問政 造成 了 嚴重 的 拘絆 。
上演	LL	下 一 幕 就 看 在 六月 可能 上演 的 柯 Ｐ 登陸 大 戲 。
打發	LL	就 能 打發 北京 及 社會 公評 ；
斷章取義	LL	他 也 必須 吞下 此 一 「 斷章取義 」 的 結論 ，
得寸進尺	LL	北京 正在 得寸進尺 ，
諷刺	LL	諷刺 的 是 ，
惡化	LL	恐怕 只 會 使 它 更 惡化 。
騙局	LL	第二 個 騙局 是 關於 綠營 內部 的 權力 鬥爭 問題 。
鬥爭	LL	第二 個 騙局 是 關於 綠營 內部 的 權力 鬥爭 問題 。
騙局	LL	這 豈不是 更 大 的 騙局 ？
憂慮	LL	這 項 憂慮 ，
杯葛	LL	她 又 揚言 將 比照 「 服貿 」 全力 杯葛 。
矛盾	LL	還 包括 了 她 自己 的 反覆 其 言 、 立場 前後 矛盾 ，
干擾	LL	只要 排除 選舉 障礙 及 日後 執政 干擾 即可 。
憂慮	LL	這 難道 不 是 台灣 人民 該 憂慮 的 事 ？
癱瘓	LL	向來 是 癱瘓 的 時間 比 運作 的 時候 多 ；
挟制	LL	並 受 太陽 花 勢力 的 挾制 而 困 陷於 台獨 論述 。
陷	LL	並 受 太陽 花 勢力 的 挾制 而 困 陷於 台獨 論述 。
陷	LL	卻 自 陷於 「 概括 承受 ╱ 反對 服 貿 」 的 政策性 矛盾 。
矛盾	LL	卻 自 陷於 「 概括 承受 ╱ 反對 服 貿 」 的 政策性 矛盾 。
杯葛	LL	再 加上 民進黨 的 極力 杯葛 ，
衝擊	LL	及至 近 兩 年 頻繁 的 社會 抗爭 及 太陽 花 事件 衝擊 ，
陷	LL	在 經濟 上 卻 陷入 互相 拉扯 的 泥淖 ，
泥淖	LL	在 經濟 上 卻 陷入 互相 拉扯 的 泥淖 ，
戲碼	LL	台灣 政壇 上演 的 只有 「 爭 」 、 「 反 」 、 「 拖 」 的 戲碼 ，
倒退	LL	整 個 台灣 經濟 一路 倒退 嚕 ，
動輒	LL	動輒 耗掉 國家 十幾 、 二十 年 的 時光 ，
干擾	LL	互相 干擾 與 詛咒 ，
詛咒	LL	互相 干擾 與 詛咒 ，
一廂情願	LL	同時 也 宣告 單 極權 力圖 像 已 無力 支撐 太陽 花 一廂情願 的 政治 想像 。
壟斷	LL	破除 少數 政商 集團 壟斷 兩岸 交流 利益 ，
仇恨	LL	半 世紀 前 彈 如 雨 落 的 創痕 與 仇恨 ，
仇恨	LL	就 意味 著 再 去 溯 尋 戰爭 、 挑動 仇恨 、 放棄 和平 ，
干擾	LL	北京 試圖 超越 台灣 內部 政黨 輪替 執政 的 干擾 ，
窠臼	LL	蔡英文 必須 能夠 掙脫 民進黨 的 舊有 窠臼 ，
陷阱	LL	「 九二 共識 」 不僅 不 是 讓 人 掉入 陷阱 ，
仇恨	LL	仇 中 的 台獨 異夢 卻 必然 呼喚 仇恨 和 戰爭 ，
潰敗	LL	會不會 又 潰敗 於 最後 一 哩 ，
幻影	LL	也 使得 台灣 政黨 政治 與 街頭 政治 間 幻影式 的 呼應 關係 ，
杯葛	LL	以 翻轉 目前 兩 黨 的 杯葛 及 惡鬥 現象 。
惡鬥	LL	以 翻轉 目前 兩 黨 的 杯葛 及 惡鬥 現象 。
嚴重	LL	當然 構成 嚴重 的 誤導 ，
誤導	LL	當然 構成 嚴重 的 誤導 ，
幻影	LL	也 正 是 台灣 民主 政治 中 一直 無法 消除 的 幻影 ：
嚴重	LL	往後 的 分殊 恐怕 會 更 嚴重 。
憂慮	LL	在 憂慮 的 驅使 下 ，
爆發	LL	接著 爆發 了 以 「 反 服貿 」 為 名 ，
底蘊	LL	實則 是以 仇 中 為 底蘊 的 太陽花 學運 ，
譴責	LL	對 不同 主張 者 毫不 留情 地 譴責 、 詆毀 和 攻擊 。
詆毀	LL	對 不同 主張 者 毫不 留情 地 譴責 、 詆毀 和 攻擊 。
攻擊	LL	對 不同 主張 者 毫不 留情 地 譴責 、 詆毀 和 攻擊 。
藉口	LL	仇 中 邏輯 利用 了 分配 不 正義 為 藉口 ，
矛盾	LL	但 若 不能 解開 其 兩岸 論述 的 政經 矛盾 ，
惡化	LL	各 國 所得 分配 之所以 在 最近 數十年 持續 惡化 ，
衝擊	LL	全球化 的 影響 與 衝擊 顯然 更 大 。
病因	LL	當然 必須 積極 找出 病因 、 對症下藥 。
對症下藥	LL	當然 必須 積極 找出 病因 、 對症下藥 。
大話	LL	乃至 說說 漂亮 大話 。
杯葛	LL	除了 全力 用 在 批評 及 杯葛 馬 政府 ，
嚴重	LL	而是 人們 對 久處 溫室 者 是否 具 「 民胞物與 」 精神 表達 嚴重 懷疑 。
惡化	LL	連 分 配面 的 問題 也 更加 惡化 。
機關 算 盡	LL	藍 綠 機關 算 盡 ，
奪取	LL	積極 奪取 修憲 話語權 。
機關 算 盡	LL	正 所謂 「 機關 算 盡 太 聰明 ，
剝奪	LL	卻 刻意 要 剝奪 一些 民眾 的 投票 權利 ，
翻來覆去	LL	自己 對 修憲 翻來覆去 的 大話 ，
大話	LL	自己 對 修憲 翻來覆去 的 大話 ，
交易	LL	但 觀察 他們 在 政治 上 的 合縱 連橫 、 權力 交易 、 乃至 標籤 更換 ，
厭惡	LL	顯然 是 厭惡 已 極 ；
扭曲	LL	或 一直 往 某 個 扭曲 的 方向 傾斜 。
交易	LL	另一方面 卻 又 私下 跟 民進黨 談 交易 ；
惡化	LL	並 成為 當時 兩岸 關係 急遽 惡化 以致 斷裂 的 拐點 。
危機	LL	發生 飛彈 危機 及 美國 航空母艦 通過 台灣海峽 ，
誤解	LL	容有 過度 解讀 或 誤解 之 處 ，
衝擊	LL	必然 會 受 李登輝 東京 行 的 衝擊 。
衝撞	LL	繼 太陽 花 學運 占領 立法院 並 衝撞 行政院 後 ，
侵犯	LL	人 們 即可 任意 侵犯 。
動輒	LL	動輒 拿 革命 、 內戰 、 戡亂 年代 的 邏輯 ，
荒謬	LL	這 是 從 太陽 花 學運 以來 的 荒謬 現象 ，
謾罵	LL	就 可以 謾罵 甚至 違法 衝撞 ，
違法	LL	就 可以 謾罵 甚至 違法 衝撞 ，
衝撞	LL	就 可以 謾罵 甚至 違法 衝撞 ，
扭曲	LL	居然 連 慰安婦 的 痛苦 經驗 都 扭曲 成 「 自願 」 。
隨便	LL	不能 隨便 因 「 身分 」 而 轉彎 。
踐踏	LL	這 真是 踐踏 法治 、 扭曲 公民 概念 的 最 糟 示範 。
扭曲	LL	這 真是 踐踏 法治 、 扭曲 公民 概念 的 最 糟 示範 。
侵犯	LL	那 不僅 是 立法權 侵犯 行政權 ，
指使	LL	那些 並肩 抗議 的 學生 或 幕後 指使 的 政客 ，
醜化	LL	抗議 者 又 將 如何 醜化 他們 ？
侵犯	LL	將 出現 立法權 侵犯 行政權 的 憲政 荒謬劇 。
染指	LL	立法院 竟 連 課綱 都 想 染指 ，
癱瘓	LL	並 幾乎 癱瘓 了 馬 政府 的 執政 能力 ；
癥結	LL	癥結 就 在 ，
上演	LL	則 不僅 是 台灣 再度 上演 「 學生 街頭 治國 」 ，
抹煞	LL	反 課綱 的 學生 不致 覺得 自己 的 感受 被 抹煞 ，
被 踐踏	LL	支持 課綱 的 學生 也 不會 覺得 自己 的 認知 被 踐踏 。
上演	LL	臨時會 就算 要 上演 干預 大 戲 ，
干預	LL	臨時會 就算 要 上演 干預 大 戲 ，
倒退	LL	卻 始終 在 原地 踏步 甚至 向 後 倒退 ？
衝撞	LL	怎麼 會 讓 高中生 直接 去 衝撞 教育部 ？
煽風 點火	LL	媒體 則 熱中 於 煽風 點火 ，
倒退	LL	台灣 反而 節節 倒退 。
危機	LL	諸如 經濟 轉型 、 能源 議題 、 修憲 、 財政 危機 等 ，
根本	LL	朝野 反而 根本 無法 坐下來 談 。
陷	LL	便 陷入 「 雞 同鴨 講 」 的 窘境 。
窘境	LL	便 陷入 「 雞 同鴨 講 」 的 窘境 。
可恥	LL	寫下 民主 國家 的 可恥 紀錄 ；
區區	LL	區區 一兩百 名 學生 就 能 發動 反 課綱 ，
癥結	LL	癥結 就 在 ，
摧毀	LL	最後 都 被 用於 內部 的 自我 抵銷 和 摧毀 ；
危險	LL	危險 與 衝突 。
衝突	LL	危險 與 衝突 。
陷	LL	反 讓 台灣 陷入 不安 ？
不安	LL	反 讓 台灣 陷入 不安 ？
爆發	LL	以免 重蹈 福島 電廠 遭 海嘯 侵襲 後 失去 電源 而 爆發 核災 的 覆轍 。
核災	LL	以免 重蹈 福島 電廠 遭 海嘯 侵襲 後 失去 電源 而 爆發 核災 的 覆轍 。
重蹈 福島 電廠 遭 海嘯 侵襲 後 失去 電源 而 爆發 核災 的 覆轍	LL	以免 重蹈 福島 電廠 遭 海嘯 侵襲 後 失去 電源 而 爆發 核災 的 覆轍 。
倒退	LL	台灣 能源 政策 則 繼續 原地 踏步 、 甚至 倒退 。
陷	LL	則 陷入 無 人 聞問 的 狀態 。
嚴重	LL	比 早年 核電廠 設計 時 的 設想 還要 嚴重 。
根本	LL	調查 根本 停滯 。
衝突	LL	還是 要 衝突 ？
衝撞	LL	隱含 著 要 以 民粹 去 衝撞 大國 秩序 的 暗喻 。
煽動	LL	煽動 更多 人 拋棄 自我 民族 根源 ，
陷	LL	使 兩岸 陷入 準 戰爭 邊緣 ；
衝突	LL	更 可能 掀起 兩岸 衝突 的 驚天惡浪 ；
錯覺	LL	使 台灣 人民 對 台獨 的 正當性 產生 幻想 與 錯覺 。
絕無 可能	LL	不僅 絕無 可能 使 日本 支持 台獨 ，
撕裂	LL	反而 使 台灣 更加 撕裂 。
撕裂	LL	大家 看 一 看 這 個 被 李登輝 此 類 言行 撕裂 至 此 的 台灣 ，
撕裂	LL	撕裂 台灣 ，
撕裂	LL	撕裂 台灣 ，
仇恨	LL	只有 使 台灣人 陷於 相互 仇恨 與 毀滅 ，
撕裂	LL	「 心靈 台獨 」 只 能 惡化 台灣 的 撕裂 ，
賠上	LL	蔡英文 若 賠上 了 人格 信任 ，
矛盾	LL	致使 北京 在 這 場 史觀 辯論 中 陷於 自我 矛盾 。
矛盾	LL	主要 源自 北京 在 兩岸 史觀 的 種種 自相矛盾 。
狹隘	LL	近年 來 北京 卻 將 「 九二 共識 」 狹隘 地 視為 「 反對 台獨 」 的 同義詞 ，
惡化	LL	已 逐步 惡化 為 長期 病徵 ，
嚴重	LL	大陸 經濟 變局 嚴重 衝擊 台商 生存 發展 ，
嚴重	LL	是 全球 金融 海嘯 以來 最 嚴重 的 衰退 。
惡化	LL	且 惡化 速度 不斷 加快 。
嚴酷	LL	更 嚴酷 的 現實 是 ，
陷	LL	經濟 就 陷入 長期 貧血式 成長 ，
危機	LL	這 是 當前 台灣 經濟 最 大 的 危機 。
危機	LL	最近 又 遇到 股市 暴跌 危機 ，
嚴重	LL	面對 成長 減緩 、 出口 衰退 、 資金 外流 愈來愈 嚴重 、 深化 改革 又 受挫 的 嚴峻 情勢 ，
衝擊	LL	對 台灣 經濟 衝擊 也 將 日益 擴大 。
荒謬	LL	這 又 是 多 荒謬 的 邏輯 ？
前車之鑑	LL	那 正 是 李登輝 與 陳水扁 的 前車之鑑 。
絕無 可能	LL	台獨 已 絕無 可能 實現 ，
撕裂	LL	徒 為 撕裂 台灣 的 凶器 。
根本	LL	這 場 大頭 大腦 的 「 研討會 」 根本 就 沒有 召開 的 必要 。
交易	LL	作 君子 的 開誠布公 或 小人 的 攤牌 交易 ，
上演	LL	而 不 是 上演 這 種 令 人 反胃 的 宣示秀 給 民眾 看 笑話 。
煽動	LL	太陽 花 衝撞 可以 推給 在野黨 的 反 中 煽動 ，
窄巷	LL	民主 政治 走入 民粹 的 窄巷 ，
撕裂	LL	反而 使 社會 陷入 更 大 的 混亂 和 撕裂 ；
奪取	LL	甚至 由 本土派 簇擁 奪取 主席 職位 ；
嚴重	LL	更 嚴重 的 是 ，
踐踏	LL	馬英九 任內 八年 標榜 的 種種 價值 將 遭 橫掃 踐踏 ，
根本	LL	問題 根本 不 在 他 要 做到 哪 一 天 ，
罔顧	LL	卻 罔顧 大局 之 安危 ，
崩裂	LL	是 藍軍 形勢 的 崩裂 和 民意 支持 的 離散 。
氣焰 高漲	LL	「 反中 」 氣焰 高漲 ，
矛盾	LL	這 也 是 矛盾 現象 。
危機	LL	這 個 實彈 演習 「 與 一九九六年 的 台灣海峽 飛彈 危機 ，
大剌剌	LL	它 不再 是 大剌剌 地 吆喝 ，
危機	LL	它 「 與 一九九六年 的 台灣海峽 飛彈 危機 」 不可 同日而語 ；
危機	LL	一九九六年 的 飛彈 危機 ，
奪取	LL	在 奪取 世界 第一 的 旗幟 前 ，
傷痕	LL	才 會 傷痕累累 。
大話	LL	民進黨 所有 的 改革 大話 都 將 現出 原形 ，
短短	LL	不過 短短 十 個 月 的 時間 ，
諷刺	LL	更 諷刺 白色 力量 已 變成 「 白賊 力量 」 。
一廂情願	LL	柯文哲 的 兩 度 妥協 證明 政策 不能 一廂情願 ；
鬥爭	LL	目的 只 為 政治 鬥爭 。
危機	LL	助 他 安然 度過 包括 MG 149 、 老鼠尾 竊聽 事件 等 危機 。
諷刺	LL	除了 諷刺 ，
諷刺	LL	諷刺 的 是 ，
干擾	LL	有時 充滿 奇怪 的 干擾 因素 ，
驅逐	LL	那 就 極 有 可能 落入 劣幣 驅逐 良幣 的 漩渦 。
矛盾	LL	這樣 的 矛盾 ，
短短	LL	不過 短短 四 個 字 ，
短短	LL	短短 一 周 內 ，
戲碼	LL	之所以 不斷 上演 這些 難看 的 戲碼 ，
陷	LL	讓 國家 社會 發展 陷入 停頓 。
窘境	LL	化解 了 全民健保 入不敷出 的 窘境 。
嚴重	LL	各 地 農舍 的 濫建 嚴重 侵蝕 了 良田 綠地 ，
癥結	LL	其中 癥結 ，
薄弱	LL	一 是 意志 薄弱 ，
羞辱 民主	LL	這 不 是 在 羞辱 民主 政治 嗎 ？
嚴重	LL	是 去年 的 太陽花 學運 對 馬 政府 的 威信 構成 嚴重 挑戰 ，
衝擊	LL	太陽花 學運 對 台灣 政治 的 衝擊 ，
剝奪	LL	台灣 分配 不均 及 世代 剝奪 問題 表面化 ；
衝撞	LL	街頭 運動 衝撞 民主 體制 和 社會 秩序 ，
倒退	LL	政治 論述 出現 倒退 現象 ，
動輒	LL	動輒 霸凌 民間 的 不同 意見 。
抹煞	LL	他們 認同 的 價值 遭到 抹煞 ，
衝擊	LL	執政黨 飽受 太陽花 衝擊 ，
癱瘓	LL	學生 占領 國會 、 癱瘓 政府 的 行動 ，
衝擊	LL	不免 對 比較 保守 的 民眾 構成 價值 上 的 衝擊 與 挑戰 。
仇恨	LL	摻入 太多 仇恨 與 挑釁 ，
動輒	LL	或 動輒 予以 否定 。
癥結	LL	癥結 其實 不 在 誰 代表 台灣 、 誰 代表 中華民國 的 問題 ，
崩盤	LL	儘管 這 是 為了 避免 大選 崩盤 不得不 為之 舉措 ，
逼 得	LL	只 能 被 逼 得 不斷 往後 倒退 。
窘境	LL	不致 弄到 洪秀柱 以 二軍 上陣 卻 又 遭 強 換 的 窘境 。
得不償失 。	LL	終究 得不償失 。
窄巷	LL	要 說 台灣 不斷 走入 窄巷 的 政經 困境 ，
譴責	LL	譴責 執政黨 易如反掌 ，
挾制	LL	若是 被 太陽花 等 現象 挾制 ，
醜化	LL	達到 了 醜化 馬政府 的 目的 ；
矛盾	LL	主要 是 這 已 造成 了 一 種 矛盾 的 自傷 局面 ：
撕裂	LL	它 在 台灣 內部 造成 的 撕裂 ，
憂慮	LL	這 不能不 說 是 一 個 令 人 憂慮 的 現象 。
扭曲	LL	把 兩岸 關係 扭曲 成 一 個 三角 關係 ，
醜化	LL	則 不僅 是 惡劣 的 醜化 手法 ，
嚴重	LL	更 嚴重 的 是 ，
嚴重	LL	這 在 國內 製造出 嚴重 的 政治 歧見 ，
矛盾	LL	更 矛盾 的 是 ，
故意	LL	故意 踰越 憲法 分際 ，
矛盾	LL	就是 一 項 自我 矛盾 的 敘述 ：
混亂	LL	她 難道 能 把 兩岸 關係 帶回 陳水扁 時代 的 緊繃 和 混亂 ？
交易	LL	馬 總統 力推 的 證券 交易 所得稅 終 在 立法院 遭到 廢除 ，
矛盾	LL	更 凸顯出 事態 的 矛盾 和 混亂 。
交易	LL	政府 對 課徵 技術 及 交易 動態 掌握 不足 ，
衝擊	LL	使 新 稅制 對 股市 的 衝擊 缺乏 評估 ，
杯葛	LL	更 低估 了 既得利益 者 反彈 杯葛 的 威力 。
讓 人 遺憾	LL	讓 人 遺憾 。
大話	LL	渾然 忘 了 自己 稍早 在 修法 過程 中 說 過 什麼 公平 正義 之 大話 。
故意	LL	他們 故意 按兵不動 ，
動輒	LL	民進黨 立委 平時 動輒 奢談 資本 利得 應該 課稅 的 正義 ，
短短	LL	短短 幾 天 即可 棄守 ；
糾纏	LL	而 糾纏 台灣 五十 年 的 社會 公平 問題 ，
區區	LL	一般 市井小民 區區 小額 利息 、 稿費 筆筆 都 要 扣繳 補充 保費 ，
杯葛	LL	在 民進黨 杯葛 下 ，
衝擊	LL	加入 ＴＰＰ 對 弱勢 產業 也 可能 造成 衝擊 ，
干擾	LL	後者 則 暗示 要 面對 中國 大陸 的 干擾 。
矛盾	LL	卻 仍 是 一 個 大 矛盾 。
摧毀	LL	又 算 不 算 摧毀 了 「 現狀 」 ？
矛盾	LL	一 眼 即可 看出 是 政策 的 矛盾 ；
矛盾	LL	也 是 蔡英文 論述 上 的 矛盾 。
陷	LL	國政 若 陷於 此 種 賭局 ，
凶險	LL	何其 凶險 ？
根本	LL	她 起初 根本 否認 有 「 九二 共識 」 ，
矛盾	LL	即 形同 將 其 政治 命運 交給 了 她 自我 矛盾 的 性格 。
戰場	LL	這 是 不 是 選錯 了 戰場 ？
喪志	LL	或者 因為 灰心 喪志 而 隨便 投下 廢票 ，
內亂	LL	一方面 是 國民黨 提名 過程 內亂 不 止 ，
爾虞我詐	LL	而 台灣 選民 長期 耳濡目染 這些 爾虞我詐 ，
混亂	LL	目的 無非 是 企求 在 混亂 的 選 局 中 使 選票 發揮 最 大 綜效 。
衝擊	LL	這 從 二 〇 〇 八 年 綠營 在 陳水扁 貪腐 的 衝擊 下 仍 能 保持 四成 多 的 得票率 ，
動輒	LL	動輒 因 單一 事件 受到 動搖 。
予取予求	LL	對 法案 即可 予取予求 ；
危機	LL	化解 了 國家 極 右傾 的 危機 。
玩弄 於 股掌 之上	LL	不 憚 於 將 台灣 民眾 玩弄 於 股掌 之上 。
霸占	LL	並 為 此 霸占 立法院 議場 主席台 達 五 天 四 夜 之 久 ，
摧毀	LL	痛罵 國民黨 「 出賣 國民 健康 」 、 「 摧毀 台灣 養 豬 產業 」 ，
傷害	LL	對 個別 個體 傷害 最 小 ，
杯葛	LL	發動 群眾 杯葛 。
矛盾	LL	就 顯得 前後 矛盾 且 難以 自圓其說 了 。
罔顧	LL	指控 馬 政府 罔顧 人民 生命 安全 ？
杯葛	LL	如果 當初 民進黨 的 杯葛 抗爭 有理 ，
霸占	LL	發動 學生 霸占 國會 抗爭 ，
杯葛	LL	並 利用 其 餘威 持續 杯葛 。
矛盾	LL	言行 如此 自相矛盾 ，
戲碼	LL	大家 不妨 想像 其中 幾 齣 戲碼 ：
陷	LL	要 民眾 承認 自己 誤 陷於 這 場 「 太陽花 的 期望 」 ，
矛盾	LL	民進黨 與 時代 力量 矛盾 乍現
嚴重	LL	已 嚴重 威脅 民進黨 的 立委 席次 。
矛盾	LL	「 大綠 」 和 「 小綠 」 之間 的 矛盾 已 現 ，
窘境	LL	才 會 出現 今天 爭搶 政黨票 的 窘境 。
矛盾	LL	民進黨 和 時代 力量 已 爆發 過 一 次 嚴重 矛盾 ，
密室 協商	LL	並 嚴詞 批評 柯建銘 是 密室 協商 始作俑者 。
難堪	LL	皆 預告 了 藍軍 得票 版圖 消失 的 難堪 不會 是 意外 。
根本	LL	也許 馬英九 對 國民黨 根本 沒有 感情 。
潰敗	LL	面對 這 場 雪崩式 的 潰敗 ，
恥	LL	是 可恥 的 。
政府 的 失 能	LL	馬 政府 的 失 能 和 國民黨 的 分崩 ，
陷	LL	讓 國民黨 的 根 能 扎 在 被 綠營 攻陷 的 土地 上 ，
狡猾	LL	有 一 種 狡猾 的 預言 是 ：
狠狠	LL	在 這 個 事件 中 被 狠狠 打 了 一 巴掌 的 ，
逾越	LL	民進黨 卻 逾越 憲法 對 現任 政府 作出 諸多 限制 ，
根本	LL	根本 不 把 憲法 放 在 眼 裡 。
矛盾	LL	這 項 矛盾 ，
侵犯	LL	民進黨 的 《 交接 條例 》 草案 卻 充斥 著 侵犯 憲法 規定 的 條文 ，
侵犯	LL	這 不僅 侵犯 現有 政府 職權 ，
矛盾	LL	卻 不顧 自己 的 吃相 和 矛盾 。
壟斷	LL	是 因為 希望 推動 「 反 媒體 壟斷法 」 ，
諷刺	LL	諷刺 的 是 ，
嚴重	LL	更 嚴重 的 是 ，
大剌剌	LL	他們 在 大剌剌 高唱 「 我 是 台獨 」 之 際 ，
衝撞	LL	黨 內 大員 亦 戒 不 掉 在野 衝撞 體制 的 脾性 ，
罔顧	LL	甚至 罔顧 「 當家 不 鬧事 」 的 道理 。
衝撞	LL	正 因 在野 衝撞 心態 難 改 ，
動輒	LL	談判 人員 將 動輒 被 彈劾 甚或 科 以 刑責 ；
衝撞	LL	民進黨 長期 街頭 衝撞 ，
諷刺	LL	一 則 諷刺 「 那些 為 正義 哭 得 死去活來 的 文藝 青年 」 ，
肆無忌憚	LL	不能 像 尋常 網民 一樣 肆無忌憚 。
嚴重	LL	文林苑 事件 對 台灣 都 更 構成 嚴重 衝擊 ，
醜化	LL	就 要 千方百計 加重 醜化 ，
譴責	LL	社運界 只有 太陽 花 學運 領袖 林飛帆 站出來 譴責 ，
陷	LL	台灣 一次次 陷 在 這 種 「 街頭 熱情 」 與 「 政治 背叛 」 的 循環 中 ，
踐踏	LL	自己 認同 的 社運 就 可以 超越 法律 、 踐踏 法治 ，
癱瘓	LL	因為 這 將 癱瘓 政府 機構 的 正常 運作 。
驅逐	LL	且 議長 王金平 及 朝野 立委 因 不同 盤算 而 不 願 驅逐 學生 ，
嚴重	LL	更 嚴重 踐踏 了 公權力 ，
陷	LL	整 個 行政 體系 次日 便 將 陷於 癱瘓 ，
嚴重	LL	更 嚴重 的 是 ，
傷害	LL	確實 傷害 了 民主 法治 。
混亂	LL	結果 政策 卻 引發 混亂 。
侵犯	LL	侵犯 了 「 校園 自主 」 ，
混亂	LL	以免 徒滋 混亂 。
剝奪	LL	反而 剝奪 了 各 校 的 自主 空間 。
荒謬	LL	將 兩 人 相提並論 原是 極 荒謬 的 事 ，
膚淺	LL	總統府 恐 不宜 用 如此 膚淺 的 理由 跟進 王定宇 的 態度 。
譴責	LL	甚至 在 他 返國 時 逕予 譴責 或 追究 ，
咬死	LL	王定宇 只要 咬死 藍 營 對手 ，
傷害	LL	那 對 台灣 的 傷害 將 沒完沒了 。
賠上	LL	恐怕 都 賠上 了 自己 的 形象 和 原則 ，
自傷	LL	結果 勢必 是 自傷 自殘 。
危機	LL	何煖軒 日前 迅速 化解 華航 空服員 罷工 危機 ，
剝奪	LL	卻 使得 警察 的 公權力 尊嚴 相對 受到 剝奪 ，
矛盾	LL	包括 勞工 教師節 放假 、 教師 卻 不能 放 的 矛盾 ，
難辭其咎	LL	如果說 華航 前 高層 處理 空服員 問題 不當 而 難辭其咎 ，
危機	LL	何煖軒 接手 處理 其實 引發 進一步 的 危機 ，
惡化	LL	讓 問題 惡化 ，
衝突	LL	雙方 發生 口角 衝突 ，
踐踏	LL	更 是 歪曲 事實 踐踏 法治 。
癱瘓	LL	當時 學生 以 占領 議場 癱瘓 國會 ，
熱鬧	LL	林岱樺 帶外媒 前往 現場 只是 為 湊 學運 的 熱鬧 ，
衝突	LL	衝突 地點 是 在 立院 門口 ，
根本	LL	林岱樺 根本 未 踏入 議場 ，
嚴重	LL	推打 警察 不 算 嚴重 暴行 ，
根本	LL	把 根本 沒 開 的 會 說 得 煞有介事 ，
動輒	LL	民進黨 動輒 指控 「 法院 是 國民黨 開 的 」 ，
錯愕	LL	這樣 的 景象 讓 人 錯愕 ，
根本	LL	根本 是 汙辱 軍人 ，
傷害	LL	傷害 軍心 。
嚴重	LL	如今 海軍 發生 中士 誤射 飛彈 如此 嚴重 的 危機 ，
羞辱	LL	受盡 羞辱 ，
譴責	LL	卻 不 聞 任何 內閣 官員 或 民進黨 立委 出面 譴責 示威 者 ，
動輒	LL	若 政治 動輒 干預 ，
羞辱	LL	教育部 讓 專員 在 前線 接受 學生 羞辱 以 抵擋 壓力 。
矛盾	LL	更 矛盾 的 是 ，
困窘	LL	如果說 失業 收費員 處境 困窘 ，
衝擊	LL	因為 Uber 的 衝擊 湧至 ，
根本	LL	正 是 因為 全球 戰略 格局 已經 產生 根本性 的 改變 所 致 。
陷	LL	蔡英文 團隊 卻 猶 仍 深陷 惶恐 灘頭 ，
陷	LL	整 個 經濟 已然 緩緩 陷入 緊縮 的 循環 。
悍然	LL	悍然 推 拒 兩岸 政治 最 重要 支撐 即 「 九二 共識 」 ，
壟斷	LL	無視 幫派 式 壟斷 ，
受挫	LL	上 波 司法院長 提名 受挫 後 ，
諷刺	LL	格外 諷刺 。
薄弱	LL	更 以 守舊 、 對 憲法 價值 信仰 薄弱 等 一舉 否定 ，
嚴重	LL	更 嚴重 的 是 ，
壟斷	LL	卻 暗藏 著 少數 人 透過 幫派 式 的 壟斷 ，
陷	LL	才 不致 落入 「 偏聽 」 的 陷阱 。
壟斷	LL	主政 者 也 甘於 討好 、 配合 幫派 式 壟斷 來 尋覓 人事 並 拍板 政策 。
憂慮	LL	更 對 兩岸 之間 升高 的 緊張 態勢 感到 相當 憂慮 。
惡化	LL	也 憂心 兩岸 關係 惡化 ，
爆發	LL	卻 又 寧可 相信 兩岸 不會 爆發 戰爭 。
爆發	LL	民眾 不 擔心 兩岸 爆發 戰爭 ，
憂慮	LL	冷卻 的 交流 、 緊縮 的 觀光 、 對 前景 不明 的 憂慮 、 對 政府 決策 的 不滿 ，
虛矯	LL	認為 馬英九 的 懦弱 與 虛矯 ，
遑論	LL	遑論 對 外 ？
流失	LL	馬英九 當初 統治 基礎 的 流失 ，
戰場	LL	蔡 總統 勿 把 國會 變成 殺戮 戰場
傷害	LL	但 真正 受到 傷害 的 ，
杯葛	LL	民進黨 卻 因 擔心 在野黨 議事 杯葛 ，
杯葛	LL	國會 議事 杯葛 的 祖師爺 正 是 民進黨 自己 ；
拖延	LL	能 有 多 大 拖延 能耐 ？
戰場	LL	立法院 卻 淪為 殺戮 戰場 ，
暴力	LL	民進黨 以 在野 少數 身分 採取 暴力 抗爭 策略 ，
大剌剌	LL	幹事長 吳秉叡 在 強行 表決 得逞 後 還 大剌剌 地 說 ：
陷	LL	政府 卻 陷入 了 「 一言堂 」 的 泥淖 ，
戰場	LL	把 立法院 變成 殺戮 戰場 ，
壟斷	LL	朴槿惠 的 親信 閨密 壟斷 青瓦台 的 買辦 政治 ，
侵犯	LL	立法院長 蘇嘉全 對 學生 侵犯 立委 個人 空間 大為 震怒 ，
譴責	LL	要 發表 聲明 譴責 學生 ，
諷刺	LL	何其 諷刺 ！
扭曲	LL	而是 民進黨 對 民主 法治 主觀 信念 的 扭曲 ，
癱瘓	LL	導致 國會 癱瘓 長達 廿多 天 ，
癱瘓	LL	為何 當時 學生 癱瘓 國會 被 捧為 英雄 ，
侵犯	LL	並 不 構成 侵犯 隱私 或 肖像權 。
難辭其咎	LL	馬 政府 當時 處理 的 張皇失措 自 難辭其咎 ，
暴力	LL	並 指控 維持 秩序 的 警察 為 「 國家 暴力 」 ，
大話	LL	對比 太陽花 時 的 種種 曖昧 和 大話 ，
羞愧	LL	民進黨 不 感到 羞愧 嗎 ？
傷害	LL	過度 以 年齡 為 區隔 的 決策 除了 傷害 世代 感情 ，
倒退	LL	造成 國家 的 倒退 。
難堪	LL	台灣人 恐怕 只 會 感到 難堪 。
嚴重	LL	我們 內部 的 問題 可能 還 更 嚴重 。
脫序	LL	不僅 容易 脫序 ，
衝撞	LL	太陽 花 學運 以 「 公民 不 服從 」 為 名 衝撞 民主 ，
諷刺	LL	不免 讓 人 倍覺 諷刺 。
錯愕	LL	而是 無言以對 及 錯愕 的 成分 居多 。
根本	LL	根本 沒 養 狗 ，
矛盾	LL	而是 要 指出 台灣 政治 的 虛無 和 矛盾 本質 ，
陷	LL	它 不僅 陷入 偏頗 的 黨派 觀點 ，
根本	LL	其 根本 原因 也 是 因為 太陽花 。
倒退	LL	至少 使 兩岸 關係 停滯 或 倒退 了 四 年 。
鬥爭	LL	清算 鬥爭 之 風 從 政治 吹向 教育 ，
陷	LL	兩岸 關係 一 年 來 陷入 低谷 ，
衝擊	LL	政府 不 思 設法 解開 台灣 在 各 領域 因 交流 縮減 所 受 的 衝擊 ，
見獵心喜	LL	教育部 卻 見獵心喜 地 隨 政客 和 綠媒 起舞 ，
故意	LL	教育 部門 為何 故意 強加 罪名 ？
陷	LL	不僅 同樣 自 陷 形式 主義 的 框框 ，
諷刺	LL	豈不 諷刺 ！
扭曲	LL	任由 意識 形態 引導 的 教育 決策 將 把 教育 扭曲 到 何 種 地步 ？
踐踏	LL	既 踐踏 了 高等 教育 的 自主性 ，
踐踏	LL	也 踐踏 了 自己 的 民主 追求 。
磨刀 霍霍	LL	包括 監委 提名人 磨刀 霍霍 向 司法 ，
引爆	LL	引爆 新 世代 對 現實 的 不滿 ，
衝擊	LL	更 衝擊 了 台灣 好不容易 建立 的 民主 價值 。
嚴重	LL	更 嚴重 的 是 ，
倒退	LL	此 一 景象 反映 的 就是 台灣 民主 在 後 太陽花 時代 的 大 倒退 。
磨刀 霍霍	LL	人們 聽到 的卻 是 制訂 「 保防法 」 、 「 反 滲透法 」 、 「 打擊 假 新聞 」 的 磨刀 霍霍 ，
危害	LL	在 要求 臨檢 須 以 「 有 相當 理由 認 其 行為 已 構成 或 即將 發生 危害 者 為限 」 ，
危害	LL	應 限於 「 已 發生 危害 」 ，
危害	LL	或 依 客觀 合理 判斷 「 易 生 危害 」 之 處所 。
逾越	LL	並 未 逾越 大法官 解釋 意涵 。
扭曲	LL	這 其實 扭曲 了 言論 自由 的 真諦 。
扭曲	LL	不啻 是 在 紀念 一 個 扭曲 的 典範 。
杯葛	LL	更 用 「 聯席 審查 」 來 杯葛 議事 ，
陷	LL	有 人 衝鋒陷陣 ，
霸占	LL	霸占 國會 及 公署 當然 都 是 妨害 公務 、 違反 公共 利益 的 違法 行為 ，
嚴重	LL	也 為 法治 帶來 嚴重 的 後遺症 。
扭曲	LL	其 說詞 尤其 讓 人 感到 扭曲 。
扭曲	LL	不惜 刻意 扭曲 法律 ；
鬥爭	LL	意識 形態 的 鬥爭 正 走向 終結 ，
陷	LL	經歷 民主 革命 的 中東 國家 幾乎 都 陷於 混亂 失序 ，
危機	LL	過去 西方 自豪 的 「 華盛頓 共識 」 ─ ─ 即 福山 所 說 的 自由 民主 與 市場 經濟 ─ ─ 無法 有效 因應 危機 ，
風暴	LL	由 此 引發 的 民粹 風暴 ，
迫使	LL	迫使 總統 朴槿惠 提前 下台 。
衝擊	LL	造成 大量 基層 人民 的 生活 受到 衝擊 。
引爆	LL	引爆 怨怒 。
嚴重	LL	是 它 反映 了 黨 的 路線 一 次 嚴重 的 分歧 ，
遑論	LL	遑論 要 說服 社會 大眾 。
傷痕	LL	一 邊 是 「 一 中 同 表 」 的 傷痕 仍 在 隱隱 作 疼 ，
危機	LL	這 是 國民黨 最 深 的 危機 。
戰場	LL	嘴砲課 綱要 把 「 天然 獨 」 推向 戰場 ？
陷	LL	萬一 台海 陷入 戰爭 ，
戰場	LL	問 誰 願意 為 台獨 奔赴 戰場 ，
戰場	LL	顯示 願 為 台獨 奔赴 戰場 的 比率 竟然 不 到 一成五 ，
矛盾	LL	這 種 口頭 與 行動 的 矛盾 ，
譴責	LL	有 人 以 王丹 鼓吹 流血 而 譴責 他 ，
故意	LL	故意 要 繃緊 兩岸 關係 ，
仇恨	LL	催化 兩岸 仇恨 意識 ，
悲劇	LL	這 將 是 多 可怕 的 悲劇 ！
軟弱	LL	說 「 國家 不能 再 這樣 軟弱 下去 」 。
撕裂	LL	也 顯示 被 撕裂 的 台灣 已經 失去 「 團結 一心 」 的 可能 。
區區	LL	區區 一 名 示威 者 闖過 封鎖 線 ，
暴力	LL	警方 面對 的 只是 一 群 存心 鬧場 、 卻 沒有 暴力 意圖 的 示威 者 ，
光榮	LL	何以 他們 竟然 不 顧惜 國家 的 光榮 和 顏面 ，
剝奪	LL	然後 又 強行 加以 剝奪 ，
嚴重	LL	使 他們 產生 了 嚴重 的 相對 剝奪感 ，
踐踏	LL	甚至 到 了 踐踏 法治 的 地步 ，
嚴重	LL	是 妨礙 選手 進場 嚴重 ，
嚴重	LL	還是 妨害 國會 運作 嚴重 ？
譴責	LL	受到 了 輿論 強烈 的 譴責 ，
光榮	LL	台灣 的 光榮感 變得 難以 分享 ，
上演	LL	世大運 開幕式 上演 的 ，
倒退	LL	而 演出 「 尾巴 搖狗 」 的 倒退 局面 。
膚淺	LL	這樣 膚淺 的 想法 ，
荒謬	LL	其 過程 之 草率 與 荒謬 ，
陷	LL	課本 本來 就 沒 必要 陷入 獨尊 「 唐宋八大家 」 的 迷思 ，
蕩然無存	LL	更 使 憲法 要求 立法 應 「 議決 」 的 精神 蕩然無存 。
衝突	LL	民進黨 霸占 主席台 造成 議事 衝突 ，
扭曲	LL	卻 扭曲 成 「 立法院 要 怎麼 玩 ，
杯葛	LL	當初 在野黨 杯葛 國安 三 法 ，
暴力	LL	一 則 是 反對 「 多數 暴力 」 ，
藉口	LL	如今 竟 拿來 當成 蘇嘉全 獨斷 濫權 的 藉口 。
諷刺	LL	實是 莫大 的 諷刺 ！
拖延	LL	而 不 是 今天 才 開始 學習 處理 異議 或 議事 拖延 。
倒退	LL	民主 的 大 倒退 。
譴責	LL	譴責 這些 大 開倒車 的 立委 ？
扭曲	LL	這 次 扭曲 的 議事 處理 ，
藉口	LL	蘇嘉全 拿 著 「 一 事 不二議 」 為 藉口 ，
大剌剌	LL	大剌剌 敲下 議事 槌 宣告 通過 前瞻 預算 ，
恥	LL	他 不自覺 可恥 嗎 ？
撕裂	LL	中秋 和 國慶 只 看到 社會 撕裂 景象
傷害	LL	只 看到 「 台獨 論 」 對 兩岸 關係 的 傷害 ，
撕裂	LL	卻 忽略 它 對 國內 社會 族群 的 撕裂 ，
嚴重	LL	則 是 更 嚴重 的 盲目 。
撕裂	LL	用 台獨 意識 和 國家 認同 來 撕裂 社會 ，
衝擊	LL	蔡英文 何以 對 兩岸 關係 生變 衝擊 觀光 業者 生計 而 面不改色 ？
大剌剌	LL	蘇嘉全 為何 敢 大剌剌 把 國旗 「 變不 見 」 ？
撕裂	LL	蔡 政府 都 在 公然 撕裂 國家 ，
仇恨	LL	一 個 離心離德 的 社會 將 充滿 怨怒 、 衝突 與 仇恨 ，
仇恨	LL	將 對立 及 仇恨 之 根扎進 下一代 的 腦 中 。
仇恨	LL	太陽 花 運動 又 帶進 世代 的 仇恨 ；
矛盾	LL	再 加上 社會 上 原有 的 藍 綠 對峙 和 階級 矛盾 ，
陷	LL	又 陷入 倒退 。
剝奪	LL	剝奪 當事者 人權 。
肆無忌憚	LL	執政黨 對付 反對黨 人士 仍 可以 如此 肆無忌憚 ，
譴責	LL	卻 反而 譴責 王炳忠 的 臉書 直播 是 踰法 行為 。
衝突	LL	一路 衝突 不斷 ，
衝突	LL	並 與 警方 多 次 發生 衝突 ，
窘境	LL	不少 社運 團體 又 重新 面對 了 自己 色厲內荏 及 一面倒 的 窘境 。
根本	LL	那些 根本 叫 不 動 勞工 上街 的 工會 團體 ，
上演	LL	朝野 攻 防 再度 上演 三國演義 。
戲碼	LL	戲碼 一點 都 不 新 ，
霸占	LL	霸占 國會 ，
諷刺	LL	時力 立委 徐永明 諷刺 藍軍 說 ，
戰場	LL	時代 力量 一直 主導 「 全面 摧毀 戰場 」 的 零和 遊戲 ；
衝突	LL	這 能 使 民進黨 假藉 衝突 為 名 ，
奪取	LL	終 能 搞垮 立院 奪取 政權 ；
戲碼	LL	除了 以 激越 的 抗爭 戲碼 動員 群眾 杯葛 外 ，
霸占	LL	卻 以 霸占 、 封鎖 國會 為 能事 。
恥	LL	會 知恥 臉紅 ，
羞辱	LL	任 其 放言 「 查 法官 」 這 等 羞辱 司法 的 舉措 ，
矛盾	LL	矛盾 至 此 ，
仇恨	LL	販賣 仇恨 ，
窘境	LL	也 暴露 了 自己 囊 中 空虛 的 窘境 。
仇恨	LL	一些 前所未見 的 仇恨 被 挑起 。
迫使	LL	卻 是 迫使 更多 年輕 世代 前往 對岸 工作 ；
仇恨	LL	只是 激發 更多 社會 仇恨 。
得不償失 。	LL	真是 得不償失 。
仇恨	LL	是 在 台灣 不斷 販售 仇恨 ，
衝突	LL	世代 衝突 、 世代 剝奪 ，
動輒	LL	一些 年長 名人 對 年輕人 的 「 指教 」 動輒得咎 ，
引爆	LL	酸言 在 網路 同 溫層 引爆 ，
衝突	LL	世代 衝突 的 根源 ，
併吞	LL	最後 目的 都 是 要 「 併吞 台灣 」 。
根本	LL	或許 他 根本 沒 想 過 ，
併吞	LL	目的 只是 要 併吞 台灣 ？
併吞	LL	讓 陸客 直飛 台南 是 要 併吞 台南 ？
仇恨	LL	已 不再 只是 歷史 恩怨 或 意識 形態 仇恨 ，
衝擊	LL	是 張志軍 任內 遭受 的 沉重 衝擊 ，
暴力	LL	「 併吞 」 卻 是 暴力 吞噬 ，
衝突	LL	呈現出 衝突 和 諷刺 交織 的 荒謬感 。
漠視	LL	他 不僅 漠視 閣揆 的 言論 責任 ，
侵犯	LL	無視 自己 的 發言 侵犯 了 總統 職權 ，
破壞	LL	賴清德 破壞 憲政 分際 、 輕忽 政治 責任 ，
諷刺	LL	諷刺 的 是 ，
上演	LL	國家 人權 博物館 卻 上演 了 一 場 「 扼殺 言論 」 的 大 戲 。
濫用	LL	除了 濫用 權力 ，
干擾	LL	未來 要 領導 檢察 體系 獨立 辦案 免於 政治 干擾 即 成 奢談 。
羞辱	LL	甚至 常常 帶有 強烈 羞辱 字眼 ；
大話	LL	那麼 段宜康 的 政治 大話 和 道德 優越感 根本 是 無的放矢 ，
絕無 可能	LL	這 絕無 可能 為 台灣 民主 注入 清新 、 正直 的 力量 。
黨政 不 分	LL	以及 安排府 秘書長 陳菊 出任 蘇貞昌 競選 總部 主委 的 黨政 不 分 。
諷刺	LL	諷刺 的 是 ，
仇恨	LL	才能 製造出 「 統治 者 的 工具 」 、 「 威權 幫兇 」 的 仇恨 標籤 。
暴力	LL	宣稱 政府 「 不會 在 暴力 下 低頭 」 ，
譴責	LL	引發 國際 譴責 。
衝撞	LL	即使 比起 早年 民進黨 群眾 在 街頭 的 衝撞 ，
暴力	LL	這一天 反 年改 示威 的 暴力 程度 也 絕對 望塵莫及 ，
暴力	LL	說 什麼 「 不會 在 暴力 下 低頭 」 。
暴力	LL	示威 者 一時 失控 的 「 暴力 」 ，
暴力	LL	比起 蔡 政府 的 「 執政 暴力 」 ，
暴力	LL	所以 才 會 發生 這 種 連記 者 和 警察 都 挨打 的 暴力 ；
過激	LL	反 年改 團體 的 一些 過激 行為 ，
抹煞	LL	他們 抗議 的 權利 不容 抹煞 。
凶險	LL	其實 卻 為 台灣 帶來 凶險 和 後患 ，
混亂	LL	如果 算上 法治 觀念 的 混亂 和 世代 鴻溝 的 加深 ，
剝奪	LL	忽略 了 被 改革 者 深重 的 「 被 剝奪感 」 ，
危機	LL	更 將 缺 電 危機 留給 全 台 剉 著 等 。
撕裂	LL	其實 是 國家 共同感 的 失去 與 社會 撕裂感 的 增強 。
嚴重	LL	就是 最 嚴重 的 失職 。
鬥爭	LL	被 鬥爭 成性 的 執政黨 完全 踐踏 ，
藉口	LL	這些 鬥爭 雖 打 著 「 轉型 正義 」 的 藉口 旗號 進行 ，
鬥爭	LL	這 種 不擇手段 的 敵我 鬥爭 ，
殘害	LL	對 台灣 民主 制度 的 殘害 卻 是 不可 小覷 的 問題 。
大剌剌	LL	人們 不會 看到 一 個 接 一 個 偏頗 的 法案 大剌剌 地 過關 ，
自傷	LL	反制 大陸 慎 勿 傷人 不成 反 自傷
併吞	LL	閣揆 賴清德 也 痛斥 中共 惠台 目的 是 要 「 併吞 台灣 」 ，
傷害	LL	中共 的 打壓 固 傷害 台灣 民眾 的 情感 ，
陷	LL	而 兩岸 關係 陷 在 反 中 泥沼 中 。
陷	LL	反 將 自 陷 困境 ；
陷	LL	也 恐 自掘 陷阱 。
困窘	LL	暴露 的 就是 民進黨 的 困窘 。
踐踏	LL	憲政 屢 遭 踐踏 ，
撕裂	LL	社會 不斷 撕裂 ，
自傷	LL	各 項 決策 慎 勿 傷人 不成 反 自傷 。
傷害	LL	大陸 則 應 以 不 傷害 台灣 民眾 情感 為 念 ，
漠然	LL	從 中央 到 地方 卻 都 漠然 以 對 ，
根本	LL	根本 與 事實 不符 ，
嚴重	LL	也 淡化 了 治安 疏漏 的 嚴重性 。
脫序	LL	還 發生 群眾 擅闖 台鐵 華山 引道 地 下軌 道 開 趴 的 脫序 行為 。
脫序	LL	近年 來 發生 不少 違法 脫序 的 抗爭 ，
踐踏	LL	社會 法治 遭到 踐踏 ，
脫序	LL	華山 大 草原 上 的 脫序 行為 只是 其 縮影 之 一 。
傷害	LL	並 傷害 法治 。
短短	LL	短短 一 個 多 月 ，
嚴重	LL	兩 人 都 嚴重 影響 政府 形象 和 士氣 ，
脫序	LL	都 導致 政府 運作 脫序 。
嚴重	LL	近期 蔡 政府 黨政 不 分 及 指揮 越界 的 問題 日益 嚴重 ，
嚴重	LL	政府 效能 和 國家 競爭力 更 嚴重 流失 。
壟斷	LL	等於 國發 會 被 賴清德 人馬 壟斷 ；
令 人 痛心 的	LL	令 人 痛心 的 是 ，
耽溺	LL	則 顯示 「 小英 團隊 」 仍然 耽溺 在 宣傳 及 政治 包裝 的 大業 ，
本末倒置	LL	也 顯示 她 對 軍事 的 態度 本末倒置 。
矛盾	LL	時代 力量 和 台北 市長 柯文哲 之間 最近 發生 了 幾 波 拉扯 矛盾 ，
諷刺	LL	諷刺 的 是 ，
諷刺	LL	更 諷刺 的 是 ，
讓 人 遺憾	LL	只是 讓 人 遺憾 台灣 仍 在 虛度 光陰 。
仇恨	LL	而 不 是 用 敵意 召喚 仇恨 及 鎖國 。
爆發	LL	以及 面對 即將 爆發 中央 地方 拉扯 的 兩岸 城市 交流 等 問題 ，
衝擊	LL	第三 勢力 能否 扮演 衝擊 藍綠 的 角色 ，
衝撞	LL	近日 仍 有 學生 以 衝撞 方式 要求 在 台大 演講 的 當年 閣揆 江宜樺 「 滾出去 」 ，
譴責	LL	有 人 譴責 學生 像 「 紅衛兵 」 ，
譴責	LL	雖 找到 一 個 籠統 的 譴責 對象 ，
諷刺	LL	諷刺 的 是 ，
煽動	LL	但 仍 有 十多 名 當年 占領 行政院 的 煽動 者 卻 還 承受 著 「 妨害 公務 罪 」 的 纏訟 之 苦 。
侵犯	LL	不 應 恣意 侵犯 ，
遑論	LL	遑論 占領 。
癱瘓	LL	但 其 後果 是 整 個 國家 的 政務 可能 癱瘓 ；
爾虞我詐	LL	或者 槍口 對 內 為 拚 初選 而 爾虞我詐 ，
引爆	LL	終 致 太陽 花 事件 引爆 變天 。
衝突	LL	及 全球化 改變 貿易 與 產業 秩序 導致 各 國 貧富不均 衝突 四起 ，
矛盾	LL	內政 問題 在 經濟 分配 失衡 下 矛盾 加劇 。
矛盾	LL	並 「 借力 使力 」 利用 外在 威脅 轉移 內部 矛盾 ，
危機	LL	從 蔡 應對 危機 的 意志 ，
耽溺	LL	所謂 的 「 天王 」 更 耽溺 於 自己 的 大 位 爭逐 ，
根本	LL	顯示 蔡 政府 已 認為 國民黨 中央 根本 可以 略過 不 談 ；
崩盤	LL	導致 民進黨 崩盤 。
戲碼	LL	政治 人物台 前台 後 戲碼 不斷 ，
衝突	LL	貿易 衝突 不斷 ，
癥結	LL	也 說明 了 台灣 經濟 不 進 反 退 的 癥結 。
杯葛	LL	當時 立法 未 過 是 因為 民進黨 杯葛 ，
杯葛	LL	民進黨 之所以 全力 杯葛 「 自 經 區 」 ，
嚴重	LL	更 嚴重 的 是 ，
引爆	LL	韓國 瑜 這 次 引爆 「 自 經 區 」 爭議 ，
扭曲	LL	政黨 政治 卻 被 扭曲 成 「 有 我 無 你 」 互 不 相容 的 惡鬥 ，
陷	LL	核四 之所以 陷入 今天 的 垂死 掙扎 ，
蹉跎	LL	而 如此 一 蹉跎 ，
矛盾	LL	還是 轉 不 出 自己 矛盾 框架 的 非核 家園 ？
陷	LL	藍綠 兩 黨 目前 都 陷於 明年 總統 大選 提名 的 焦慮 與 膠著 。
憂慮	LL	更 反映 民眾 對 台灣 陷於 內耗 而 裹足不前 的 問題 憂慮 至極 ，
憂慮	LL	這 股 憂慮 遂 爆發 為 憤怒 。
爆發	LL	都 可以 看到 類似 的 民怨 爆發 ：
鬥爭	LL	蔡英文 許多 高調 的 改革 作為 卻 淪為 政治 鬥爭 ，
衝擊	LL	都 極 可能 衝擊 其 人氣 ，
陷	LL	有 些 人 雖 無法 一馬當先 衝鋒陷陣 ，
衝擊	LL	也 是 這些 顛覆 者 帶來 的 衝擊 。
動輒	LL	甚至 為了 防 弊 動輒 科 以 刑責 ，
「 反 民主 」	LL	當 「 反中 」 和 「 反 民主 」 成雙 出現
侵犯	LL	民眾 有沒有 意識到 台灣 的 民主 正 受到 侵犯 ？
踐踏	LL	卻 忽略 她 對 內 踐踏 民主 、 建立 威權 的 作為 ，
抗中	LL	「 反中 」 、 「 抗中 」 一向 是 民進黨 的 選舉 利器 ，
煽動	LL	包括 透過 網路 煽動 的 「 亡國感 」 ，
流失	LL	從而 使 原有 優勢 一點一滴 地 流失 。
「 反 民主 」	LL	「 反中 」 和 「 反 民主 」 成雙 出現 ，
諷刺	LL	最 諷刺 的 是 ，
剝奪	LL	它 自己 卻 同時 推動 著 剝奪 人民 權利 、 侵害 民主 法治 、 輕率 入人 於 罪 的 政策 ，
矛盾	LL	這 豈不 矛盾 ？
踐踏	LL	卻 忽略 了 他 的 腳 下 正在 踐踏 台灣 辛苦 建立 的 民主 ，
光榮	LL	有沒有 提升 台灣 的 光榮感 ？
剝奪	LL	人民 公投 的 權利 被 蔡 政府 剝奪 了 ，
被 踐踏	LL	民主 被 踐踏 ，
暴力	LL	跨出 暴力 的 一 步 ，
暴力	LL	質疑 暴力 反送 中 的 正當性 ，
暴力	LL	中港 政府 如何 處理 這 暴力 的 一 步 ，
交易	LL	然而 峰 會 充斥 強權 基於 現實 利害 的 政經 交易 ，
暴力	LL	但 暴力 顯然 傷及 運動 的 社會 支持 ，
危機	LL	最終 仍 由 民眾 承擔 一國兩制 治理 危機 的 苦果 ，
「 不 作為 」	LL	政府 班子 更 像 是以 「 不 作為 」 設局 ，
嚴重	LL	積累 嚴重 被 剝奪感 ；
危機	LL	演變成 國族 認同 危機 ，
傷痕	LL	不能 再 讓 社會 傷痕 反復 流血 結痂 ，
衝擊	LL	可能 衝擊 時力 的 路線 及 年輕 選票 。
受挫	LL	讓 他 受挫 不 小 ，
迫使	LL	也 迫使 他 轉向 重 經濟 的 淺藍 選民 尋求 支持 。
衝擊	LL	對 藍軍 必 有 衝擊 。
大話	LL	台灣 政黨 政治 從來 不 缺 改革 大話 ，
濫用	LL	由於 其中 涉及 總統 國安 特勤 人員 濫用 特權 ，
嚴重	LL	嚴重 破壞 了 蔡英文 出訪 的 外交 成果 ，
區區	LL	區區 綠黨 的 一 名 地方 議員 ，
陷	LL	如今 內部 仍 陷於 「 要不要 當 小綠 」 的 掙扎 中 ，
危機	LL	國安 私菸案 暴露 了 蔡英文 的 執政 危機 ，
迫使	LL	迫使 她 道歉 滅火 。
羞愧	LL	缺乏 羞愧 之 意 ；
撇開	LL	撇開 黃國昌 的 政治 算計 不 談 ，
諷刺	LL	更 諷刺 的 是 ，
肆無忌憚	LL	肆無忌憚 ，
藉口	LL	但 藉口 改革 卻 變相 包庇 貪腐 的 濫權 政府 ，
嚴重	LL	卻 是 台灣 更 嚴重 的 內在 威脅 。
倒退	LL	更 說明 歷史 的 倒退 是 可能 的 。
賠上	LL	這 賠上 了 台灣 五 年 正常 發展 的 機運 ，
混亂	LL	只 見 政治 愈發 虛無 而 混亂 。
崩裂	LL	「 時代 力量 」 則 無法 擺脫 「 大綠 」 的 餵養 而 瀕 於 崩裂 。
鬥爭	LL	最終 證明 了 這 只是 政客 鬥爭 操弄 的 棋子 ；
踐踏	LL	對 基本 的 民主 法制 都 胡亂 踐踏 。
惡化	LL	反而 愈形 惡化 。
本末倒置	LL	豈非 本末倒置 ？
煽動	LL	也 是 對 蔡 政府 推 「 國安 五 法 」 煽動 對 大陸 敵意 採取 反制 ，
葬送	LL	平白 葬送 了 一 個 向 全 國 人民 溝通 喊話 的 機會 ，
葬送	LL	切勿 輕易 葬送 了 彼此 的 機會 ！
葬送	LL	連 自己 權力 的 正當性 也 隨之 葬送 。
鬥獸場	NCL	兩 黨 把 議場 當成 鬥獸場 、 馬戲團 。
天王 們	NCL	天王 們 則 輕鬆 笑看 學生 充當 綠軍 的 馬前卒 ，
揭弊 者	NCL	結果 是 揭弊 者 遭到 判刑 ，
「 司法 鐵漢	NCL	「 司法 鐵漢 」 落得 如此 下場 ，
正義 之 師	NCL	他 沒有 扮演 成功 「 正義 之 師 」 ，
最 厲 的 鬼魅	NCL	這 半 年 多 來 折磨 黃世銘 最 厲 的 鬼魅 ，
法匠	NCL	這 又 是 另 一 法匠 見解 。
活 在 「 象牙塔 裡 」 的 人 ？	NCL	法官 難道 是 活 在 「 象牙塔 裡 」 的 人 ？
結黨 結派 的 政客	NCL	結黨 結派 的 政客 可以 集體 藉 立法院 公審 黃世銘 ，
關說 者	NCL	朝野 立委 在 國會 簇擁 關說 者 的 醜態 令 人 不忍卒睹 ；
忠誠 堪虞 的 人	NCL	把 一 個 忠誠 堪虞 的 人 硬生生 塞給 國民黨 ，
關說 者	NCL	但 從 「 關說 者 勝利 、 揭弊 者 判刑 」 的 結果 看 ，
揭弊 者	NCL	但 從 「 關說 者 勝利 、 揭弊 者 判刑 」 的 結果 看 ，
「 以 商 圍 政 」 之 術	NCL	北京 近年 採取 「 以 商 圍 政 」 之 術 ，
北極 狼	NCL	怎麼 鬥 得 過 普亭 這 隻 狡猾 的 北極 狼 ？
服貿 黑箱	NCL	若 從 「 反 服貿 黑箱 」 訴求 看 ，
法匠	NCL	這 是 法匠 的 通病 ，
服貿 風暴	NCL	這 場 服貿 風暴 ，
天王 們	NCL	煽風 點火 的 民進黨 蘇 蔡謝 等 天王 們 更 絕非 出於 無知 ，
「 包養 條約 」 ，	NCL	且 倘若 真 有 那 種 「 包養 條約 」 ，
反 服貿 大 火	NCL	這 場 反 服貿 大 火 愈 燒 愈 烈 並 走上 歧路 ，
鬥獸場	NCL	但 近年 來 卻 逐漸 成 了 永遠 在 上演 杯葛 、 衝突 、 脫序 戲碼 的 鬥獸場 。
杯葛 衝突 的 脫序 秀場	NCL	如果 立院 繼續 淪為 無止盡 杯葛 衝突 的 脫序 秀場 ，
這 堂 課	NCL	這 堂 課 一時 還 無法 下課 ，
「 零 容忍 」 的 社會	NCL	不如 說 是 「 零 容忍 」 的 社會 導致 民主 失敗 ！
棉花糖	NCL	這 個 政府 簡直 像 棉花糖 似地 ，
「 解嚴 後 的 民主 嬰兒 」	NCL	都 是 「 解嚴 後 的 民主 嬰兒 」 ，
「 解嚴 後 首 波 民主 世代 」	NCL	倘若 二十六 歲 的 林 生 此 語 能夠 反映 這些 「 解嚴 後 首 波 民主 世代 」 對 民主 政治 的 認知 與 思想 ，
「 解嚴 後 首 波 民主 世代 」	NCL	但 這些 「 解嚴 後 首 波 民主 世代 」 的 表現 ，
「 台灣 社會 良心 」 的 意見 領袖	NCL	但 若 能 聽 一 聽 許多 堪稱 「 台灣 社會 良心 」 的 意見 領袖 如 彭淮南 、 施振榮 、 嚴 長壽 、 童子 賢 等 的 談話 ，
服貿 風暴	NCL	這 場 服貿 風暴 ，
民主 大 教室	NCL	提供 了 一 個 難得 的 民主 大 教室 ，
霸占  國會 者	NCL	而 不會 由 霸占 國會 者 來 領導 。
太陽花 黑色 恐怖	NCL	誰 料 廿五 年 後 竟 會 出現 「 太陽花 黑色 恐怖 一言堂 」 ？
服貿 風暴	NCL	但 六 年 後 的 服貿 風暴 ，
ＥＣＦＡ 風暴	NCL	六 年前 的 ＥＣＦＡ 風暴 與 六 年 後 的 服貿 風暴 何其 相似 ，
服貿 風暴	NCL	六 年前 的 ＥＣＦＡ 風暴 與 六 年 後 的 服貿 風暴 何其 相似 ，
「 反 服貿 風暴 」	NCL	這 場 「 反 服貿 風暴 」 ，
台獨 風暴	NCL	可以 清楚 看見 這 其實 是 一 場 學運 寡頭 操作 的 台獨 風暴 。
左派 風暴	NCL	如果 這 場 反 服貿 的 反 自由化 、 反 全球化 的 「 左派 風暴 」 破滅 了 台灣 加入 ＴＰＰ 及 ＲＣＥＰ 的 憧憬 ，
關說 者	NCL	形同 學運 為 兩 名 關說 者 戴上 「 桂冠 」 ，
廢 核四 風暴	NCL	近來 太陽 花 學運 及 廢 核四 風暴 更 重擊 馬 政府 經濟 政策 路線 。
政治騙案	NCL	實際 上 必須 辨明 這 是否 一 個 政治 騙案 。
「 野百合 世代 」	NCL	九○年代 的 「 野百合 世代 」 ，
服貿 黑箱	NCL	為了 一 個 懸 為 眾矢之的 的 「 服貿 黑箱 」 ，
「 失能 的 民主 」 	NCL	「 失能 的 民主 」 將 難以 扭轉 兩岸 消長 情勢 的 繼續 惡化 。
「 呼吸 策略 」	NCL	它 必須 採取 「 呼吸 策略 」 而 不 是 「 窒息 策略 」 。
「 窒息 策略 」 。	NCL	它 必須 採取 「 呼吸 策略 」 而 不 是 「 窒息 策略 」 。
封殺 政策	NCL	而 絕非 搬出 更 強硬 的 封殺 政策 ，
 台獨 的 「 石器 時代 」	NCL	竟 被 那些 初 嘗 台獨 思想 的 太陽花 人物 一舉 又 拖 回到 台獨 的 「 石器 時代 」 。
煽動 者	NCL	民進黨 在 三一八 事件 中 雖 扮演 了 「 煽動 者 」 與 「 收割 者 」 的 角色 ，
收割 者	NCL	民進黨 在 三一八 事件 中 雖 扮演 了 「 煽動 者 」 與 「 收割 者 」 的 角色 ，
野百合 世代	NCL	大約 是 野百合 世代 摩拳擦掌 踏入 政界 的 年代 ，
 憲政 荒謬劇 。	NCL	將 出現 立法權 侵犯 行政權 的 憲政 荒謬劇 。
「 尾巴 搖狗 」 的 荒謬劇	NCL	也 將 使 教育 的 百年樹人 大業 淪為 「 尾巴 搖狗 」 的 荒謬劇 ，
服貿 黑箱	NCL	再 後來 又 「 反服貿 黑箱 」 。
馬戲團	NCL	這樣 的 國會 又 怎能 不 變成 「 政治 馬戲團 」 ？
這 堂 課	NCL	只 顯示 他 在 「 民主 」 這 堂 課 上 恐怕 還是 個 小學生 。
天王 們	NCL	黨主席 和 所謂 「 天王 們 」 難道 不能 從 流水席 中 挪出 一些 時間 和 黨團 立委 共商 對策 ，
顯然	PS	蔡英文 顯然 也 看出 了 其中 問題 ，
並 不 令 人 意外	PS	並 不 令 人 意外 。
法官 在 擒縱 之間 豈非 更 不符 比例 原則 ？	PS	法官 在 擒縱 之間 豈非 更 不符 比例 原則 ？
這 真的 有 把 服貿 當 回 事 嗎 ？	PS	這 真的 有 把 服貿 當 回 事 嗎 ？
顯然	PS	顯然 言過其實 。
這 難道 不 是 民主 的 失控 ？	PS	這 難道 不 是 民主 的 失控 ？
這些 人 有 認真 看待 學生 的 不滿 嗎 ？	PS	這些 人 有 認真 看待 學生 的 不滿 嗎 ？
竟	PS	法官 竟 以 「 檢察 總長 與 總統 並 無 隸屬 關係 」 ，
竟	PS	竟 也 構成 洩密 ，
法官 難道 是 活 在 「 象牙塔 裡 」 的 人 ？	PS	法官 難道 是 活 在 「 象牙塔 裡 」 的 人 ？
不 就是 司法 干預 政治 的 危險 嗎 ？	PS	不 就是 司法 干預 政治 的 危險 嗎 ？
這 不 是 在 阻斷 台灣 加入 ＴＰＰ 及 ＲＣＥＰ 之 路 嗎 ？	PS	這 不 是 在 阻斷 台灣 加入 ＴＰＰ 及 ＲＣＥＰ 之 路 嗎 ？
竟	PS	有時 竟 顯得 勝過 幾百萬 個 被 當成 「 背景值 」 的 無名氏 。
」 這 種 說法 不 是 很 有力 嗎 ？	PS	」 這 種 說法 不 是 很 有力 嗎 ？
他 不 就 能 把 支持 服貿 的 社會 力量 拉進 來 當成 自己 的 憑藉 嗎 ？	PS	他 不 就 能 把 支持 服貿 的 社會 力量 拉進 來 當成 自己 的 憑藉 嗎 ？
絕非	PS	煽風 點火 的 民進黨 蘇 蔡謝 等 天王 們 更 絕非 出於 無知 ，
否則 台灣 豈 有 可能 訂出 一 紙 「 只 取 不 給 」 的 條約 ？	PS	否則 台灣 豈 有 可能 訂出 一 紙 「 只 取 不 給 」 的 條約 ？
又 豈 對 台灣 有利 ？	PS	又 豈 對 台灣 有利 ？
顯然	PS	但 在 現實 上 顯然 影響 不 大 。
顯然	PS	但 顯然 ，
被 卡住 不能 動彈 的 議案 豈止 服貿 協議 一 案 ？	PS	被 卡住 不能 動彈 的 議案 豈止 服貿 協議 一 案 ？
不 是 嗎 ？	PS	不 是 嗎 ？
豈不 變成 自己 所 鄙薄 的 人 ？	PS	豈不 變成 自己 所 鄙薄 的 人 ？
都 不可能 簽名 交出 自己 的 代議權 吧 ？	PS	都 不可能 簽名 交出 自己 的 代議權 吧 ？
不 覺得 太過 自大 及 反 民主 嗎 ？	PS	不 覺得 太過 自大 及 反 民主 嗎 ？
竟	PS	竟 連 馬 政府 也 不 設 停損點 、 唾面自乾 地 和 學生 在 那裡 耗 著 ，
你們 心 中 真的 還 有 別人 嗎 ？	PS	你們 心 中 真的 還 有 別人 嗎 ？
「 占領 國會 」 就 能 等同 於 「 領導 國家 」 嗎 ？	PS	「 占領 國會 」 就 能 等同 於 「 領導 國家 」 嗎 ？
「 領導 國家 」 難道 不 需要 經過 公職 選舉 嗎 ？	PS	「 領導 國家 」 難道 不 需要 經過 公職 選舉 嗎 ？
學生 是否 應當 自問 ：	PS	學生 是否 應當 自問 ：
難道 應當 鋪紅 地毯 相迎 ？	PS	難道 應當 鋪紅 地毯 相迎 ？
竟	PS	竟 以 可以 救濟 的 「 程序 正義 」 賠上 分秒必爭 且 無可 逆轉 的 「 台灣 全球化 機遇 」 ，
竟 以 可以 救濟 的 「 程序 正義 」 賠上 分秒必爭 且 無可 逆轉 的 「 台灣 全球化 機遇 」 ，	PS	竟 以 可以 救濟 的 「 程序 正義 」 賠上 分秒必爭 且 無可 逆轉 的 「 台灣 全球化 機遇 」 ，
不 是 已經 被 驗證 為 根本 行不通 的 「 老 辦法 」 ？	PS	則 其中 哪 一 種 「 新 定義 」 不 是 已經 被 驗證 為 根本 行不通 的 「 老 辦法 」 ？
竟	PS	最後 一 抹 餘暉 竟 照 在 太陽花 上 。
竟	PS	倘若 這 個 社會 竟 成 了 只 容 反 服貿 、 不容 支持 服貿 ，
竟	PS	誰 料 廿五 年 後 竟 會 出現 「 太陽花 黑色 恐怖 一言堂 」 ？
竟	PS	馬英九 竟 只 能 承諾 兩 周 內 提出 「 黨務 改革 方案 」 ，
豈不	PS	又 豈不是 「 迢迢 千 里 」 ？
顯然	PS	顯然 沒有 。
豈不	PS	豈不 反諷 之至 ？
顯然	PS	則 因應 顯然 是 遠遠 不足 的 。
顯然	PS	顯然 疑問 重重 。
絕非	PS	但 那 絕非 正當 合理 的 答案 。
顯然	PS	顯然 抓住 了 「 形勢 大好 」 的 時機 。
顯然	PS	顯然 對 民主 問政 品質 毫無 任何 助益 。
顯然	PS	檢警 偵辦 的 過程 顯然 並 不 順利 。
豈不	PS	但 以 那 十四 個 字 為 內 核 的 整 部 台獨 黨綱 豈不 正 是 「 狹義 的 台獨 」 ？
竟	PS	蔡英文 竟 先 一步 將 之 竊據 為 台獨 運動 ，
豈不	PS	豈不 更 是 「 太 冷血 了 」 ？
竟	PS	難道 民進黨 竟 只 因 一 場 太陽 花 事件 ，
這 豈不是 「 害台 ╱ 反 台 」 的 冷血 政策 ？	PS	這 豈不是 「 害台 ╱ 反 台 」 的 冷血 政策 ？
竟	PS	但 至 二 〇 一二 參選 總統 時 竟 稱 「 概括 承受 」 ，
顯然	PS	蔡英文 顯然 將 此 解釋為 「 民進黨 若 重返 執政 ，
竟	PS	則 蔡英文 竟 仍 問 台灣 為何 被 南韓 超越 ，
不 是 嗎 ？	PS	不 是 嗎 ？
竟	PS	竟 還 能 像 強 冠 那樣 可以 大 桶 大 桶 買進 充當 原料 ？
豈不	PS	首都 市民 豈不 被 自己 的 「 素人 想望 」 所 愚弄 了 ？
竟	PS	竟 在 全 局 因應 失敗 ，
顯然	PS	中日 雙方 顯然 相信 ，
絕非	PS	絕非 普通 網民 ；
竟	PS	國民黨 內 竟 未 聞 砲聲隆隆 ，
竟	PS	馬英九 任內 六 年 多 竟 無法 成功 加入 某 一 國際 組織 ，
絕非	PS	而 絕非 搬出 更 強硬 的 封殺 政策 ，
顯然	PS	北京 顯然 已 有 面對 二 〇 一六 年 台灣 再次 出現 政黨 輪替 的 心理 準備 ，
顯然	PS	台獨 顯然 已 非 可行 方案 。
顯然	PS	卻 顯然 是 拿 錯 了 藥方 。
顯然	PS	但 顯然 也 有 一 股 想要 擺脫 藍 綠 糾纏 的 民意 ，
竟	PS	認為 張顯耀 是 次長 層級 的 高官 竟 把 資料 提供給 外人 ，
竟	PS	日本 竟 也 難以 招架 。
竟	PS	難道 美方 竟 放任 中共 進行 動武 的 部署 而 無動於衷 ，
顯然	PS	新 航路 顯然 是 要 倒 逼 台灣 思考 開放 這 片 空域 ，
顯然	PS	卻 顯然 是 對準 可能 完成 「 最後 一 哩 」 的 蔡英文 ，
顯然	PS	顯然 習近平 猶 有 理性 。
竟	PS	竟 被 那些 初 嘗 台獨 思想 的 太陽花 人物 一舉 又 拖 回到 台獨 的 「 石器 時代 」 。
竟	PS	但 蔡英文 竟 也 發表 「 台獨 是 天然 成分 ╱ 中國 會 向 民進黨 調整 」 的 謬論 ，
顯然	PS	卻 顯然 不能 以 台獨 為 治國 方案 ；
顯然	PS	但 其 要求 分享 資源 的 主張 卻 顯然 未 受到 民進黨 的 歡迎 。
竟	PS	她 竟 改口 「 內閣制 沒 存在 空間 」 。
竟	PS	但 如今 這些 主張 竟 從 民進黨 的 修憲 版本 中 消失 得 無影無蹤 。
竟	PS	民進黨 竟 縮 了 回去 ，
竟	PS	如今 竟 亦 宣稱 「 保留 」 ；
豈不	PS	這 豈不是 更 大 的 騙局 ？
竟	PS	「 中間 選民 」 竟 好像 完全 被 兩 邊 拋棄 。
竟	PS	竟 已 暌違 十五 年 之 久 。
竟	PS	股市 竟 跌到 只 剩 三四四六 點 。
竟	PS	竟 有 此 功效 ，
豈不	PS	「 夏張 會 」 豈不是 一 個 美好 的 「 和平 現狀 」 ？
顯然	PS	顯然 是 厭惡 已 極 ；
竟	PS	竟 要 靠 其他 政黨 的 禮讓 、 施捨 、 暗助 ，
居然	PS	居然 連 慰安婦 的 痛苦 經驗 都 扭曲 成 「 自願 」 。
竟	PS	而 他們 竟 能 將 校方 的 關切 說成 「 施壓 」 ，
竟	PS	立法院 竟 連 課綱 都 想 染指 ，
顯然	PS	所 要 提示 的 意象 顯然 是 ：
竟	PS	竟 讓 北京 一時 難以 拆解 ，
絕非	PS	卻 絕非 可 大可 久 的 治國 策略 。
顯然	PS	顯然 亦 復 如此 。
顯然	PS	顯然 有失 公允 。
豈不	PS	她 豈不 知 ，
竟	PS	竟 遭 十七 名 藍委 聯手 力阻 ；
竟	PS	竟 讓 許多 人 對 自己 的 信念 產生 動搖 ，
竟	PS	則 何以 竟 反對 「 九二 共識 」 ？
竟	PS	蔡英文 若 竟 看成 只是 她 左手 打 右手 的 戰爭 ，
絕非	PS	絕非 明智 的 決定 。
顯然	PS	政黨 輪替 顯然 已 是 不可 阻擋 之 勢 ；
顯然	PS	顯然 也 有 「 期望 太 高 」 或 「 期望 錯誤 」 的 問題 。
顯然	PS	蔡英文 顯然 是 因 太陽花 風潮 掀起 的 「 一半 民意 」 而 扶搖直上 ；
竟	PS	八 年 後 竟 會 以 如此 悲慘 的 方式 收場 ，
豈不	PS	豈不 落入 時代 力量 口口聲聲 要 打倒 的 「 反 黑箱 」 窠臼 ？
竟	PS	對 年輕 世代 的 問題 竟 絲毫 未 提 ，
豈不	PS	豈不 更 甚於 促進 兩岸 交流 協商 ？
豈不	PS	這樣 的 政治 立場 豈不 可悲 ？
顯然	PS	顯然 極 不 相稱 ，
竟	PS	他 竟 看 不 到 其中 有 更 重要 的 法治 及 公權力 尊嚴 需要 維護 。
豈不	PS	豈不是 在 鼓勵 民眾 越 法 踰矩 ？
絕非	PS	這 絕非 社會 大眾 樂見 的 景象 。
豈不	PS	豈不是 在 塑造 錯亂 的 價值 ？
竟	PS	竟 有 親綠名 嘴 在 會 中 點名 批判 邱太三 ，
不 是 嗎 ？	PS	不 是 嗎 ？
顯然	PS	即已 顯然 過當 。
顯然	PS	顯然 都 變成 虛偽 的 謊言 。
竟	PS	竟 同意 增加 五．九億 元 的 專案 補貼 ，
豈不	PS	豈不 令 人 深感 反諷 ？
竟	PS	總統 竟 仍 選擇 要 許宗力 「 回鍋 」 ，
顯然	PS	顯然 正 快速 遷移 。
豈不	PS	豈不 就 源於 前年 春天 的 太陽 花 運動 ？
顯然	PS	柯文哲 受到 的 崇拜 顯然 超過 其 實際 能力 ，
豈不	PS	豈不 滑稽 ？
豈不	PS	豈不 可笑 ？
絕非	PS	澄清 該 文件 絕非 「 一 中 承諾書 」 ，
絕非	PS	這 絕非 民主 提升 的 景象 。
豈不	PS	豈不是 太 脫離 政治 現實 ？
豈不	PS	豈不是 太 不 識相 ？
絕非	PS	絕非 「 瞄 警察 」 、 「 舉止 倉卒 」 之 寬鬆 標準 。
竟	PS	如果 法界 竟 奉行 「 西瓜 主義 」 ，
顯然	PS	想要 逃跑 、 或 出國 避難 的 比率 顯然 更 高 。
竟	PS	竟 硬 拗 「 預算 就是 數字 」 ，
竟	PS	竟 勞駕 總統府 秘書長 吳釗燮 親自 出馬 溝通 ，
竟	PS	竟 還 停留 在 如此 表面 的 層次 ！
顯然	PS	顯然 是 習近平 「 兩岸 一 家 親 」 、 「 心靈 契合 」 等 理念 由 口號 到 落實 的 表現 ，
竟	PS	竟 不 分 青紅皂白 把 檢察官 全 打成 「 統治 者 的 工具 」 ；
不 是 嗎 ？	PS	不 是 嗎 ？
竟	PS	竟 已 淪落到 「 只 分 藍 綠 、 不 問 品德 」 的 地步 ？
竟	PS	邱俊榮 竟 利用 周 末 在 人潮 聚集 的 捷運站 窺伺 年輕 女子 ，
竟	PS	這 場 扣人心弦 的 運動 竟 只 造就 了 一 個 自甘 扮演 台獨 側翼 的 政黨 ，
豈不	PS	豈不 令 人 失望 ？
竟	PS	對於 激情 太陽花 最後 竟 開出 一 粒 獨果 ，
顯然	PS	顯然 是 「 只 論 戰功 ，
顯然	PS	以 白色 力量 為 號召 的 柯文哲 聲勢 顯然 大不如前 ，
顯然	PS	他 顯然 屬於 「 從小 立志 當 總統 」 的 類型 ，
豈不	PS	豈不是 欺 世 又 盜 名 ？
竟	PS	部分 竟 視 英國 殖民 時期 治理 制度 為 典範 ，
竟	PS	私菸案 竟 引發 「 小綠 」 惡鬥
竟	PS	竟 發展出 「 綠黨 打 時力 」 的 戲 外 戲 ，
竟	PS	兩 人 竟 成 她 形象 沉淪 的 顯影劑 。
毫無 疑問 ，	TTC	毫無 疑問 ，
常識	TTC	可謂 已 是 在 兩岸 議題 上 的 常識 。
常識	TTC	由於 這 不 是 一 個 合於 情理 與 常識 的 操作 ，
常識	TTC	嚴重 背離 了 兩岸 關係 的 常識 。
常識	TTC	常識 指出 ：
常識	TTC	這 已 不僅 是 常識 ，
常識	TTC	兩岸 的 政治 常識 與 定律 是 ：
定律	TTC	兩岸 的 政治 常識 與 定律 是 ：
常識	TTC	此 說 根本 違反 了 兩岸 政治 的 常識 與 定律 ，
定律	TTC	此 說 根本 違反 了 兩岸 政治 的 常識 與 定律 ，
可想而知	TTC	自然 可想而知 。
可想而知	TTC	結局 如何 自是 可想而知 。
毫無 疑問 ，	TTC	毫無 疑問 ，
邊緣化	X	它 反而 在 學運 中 被 邊緣化 了 。
根本	X	卻 也 有 根本 的 不同 。
必須	X	甚至 要求 他人 必須 表態 選 邊 ，
必須	X	他 要求 民眾 必須 理解 反核 者 的 訴求 ，
根本	X	從 根本 上 解決 供電 缺口 及 減 碳 問題 。
根本	X	擴大 人民 信任 基礎 是 根本 。
引爆	X	查納耶夫 兄弟 引爆 炸彈 ，
暴力	X	甚至 把 保護 官署 、 維持 秩序 的 員警 指為 「 國家 暴力 」 。
根本	X	民進黨 沒有 能力 處理 台獨 及 服貿 協議 等 根本 的 問題 ，
竟	X	其 主體 工程 則 在 使 兩岸 「 泛 ＥＣＦＡ 體系 」 的 未 竟 工程 ，
交易	X	上海 與 香港 股市 交易 互聯 機制 「 滬港通 」 下 周 一 即將 啟動 ，
撇開	X	撇開 網軍 手段 的 正當 與否 不論 ，
根本	X	才 是 根本 之 道 。
根本	X	此 段 發言 至少 已 改變 了 二 〇 一二 年 蔡英文 根本 否認 「 九二 共識 」 之 存在 的 說法 。
無效	X	被 法院 判為 無效 ；
絕不	X	馬 總統 今天 談起 他 「 絕不 跛腳 」 的 心志 ，
根本	X	這 是 他 權力 與 理想 雙雙 落空 的 問題 根本 所在 。
侵犯	X	本 應 嚴正 捍衛 國會 的 尊嚴 、 自主 與 不可 侵犯 ，
必須	X	卻 在 修憲 討論 中 完全 避 談 是否 必須 修改 否 棄 「 憲法 一 中 」 。
撇開	X	撇開 個別 議題 的 是非 不論 ，
撇開	X	但 撇開 「 史 上 最 冷 」 的 萬 點 行情 不 談 ，
絕不	X	重申 「 絕不 能 讓 兩岸 關係 再 遭 折騰 ，
交易	X	ＦＴＡ 卻 會 催化 交易 的 熱情 。
撇開	X	先 撇開 課綱 爭議 不 談 ，
根本	X	「 公民 不 服從 」 運動 的 根本 精神 ，
必須	X	必須 以 海峽 航路 換取 。
必須	X	蔡英文 必須 慎思 ，
陷	X	李登輝 顯然 已 陷 迷狂 。
矛盾	X	這 是 矛盾 。
矛盾	X	這 也 是 矛盾 。
永遠	X	卻 見 主張 兩岸 「 永遠 維持 現狀 」 的 比率 竄上 五成五 的 新高 ；
永遠	X	民眾 主張 「 永遠 維持 現狀 」 的 比率 較 去年 大幅 增加 八 個 百分點 ，
永遠	X	大量 增加 的 「 永遠 維持 現狀 」 主張 者 ，
根本	X	人們 不 曾 聽聞 綠營 的 思維 或 論述 有 什麼 根本 的 修正 或 調整 ，
一針見血	X	人們 又 何曾 聽到 茅塞頓開 或 一針見血 的 解決之道 ？
戰場	X	國民黨 守 不 住 的 戰場 ，
危機	X	最 大 的 危機 是 期望值 太 高 ，
妨礙	X	北檢 依 「 妨礙 公務 」 罪嫌 起訴 ，
傷害	X	並 非 刻意 傷害 對方 ；
暴力	X	但 推打 警察 已 涉及 肢體 暴力 ，
隨便	X	隨便 讓 民眾 進出 ，
底蘊	X	撇開 政治 文化 底蘊 的 問題 不 談 ，
撇開	X	撇開 蘇嘉全 不 談 ，
衝突	X	引爆 嚴重 衝突 。
衝突	X	這些 衝突 與 不滿 其實 都 有 太陽花 運動 殘留 的 魅影 ，
危機	X	首先 是 美國 的 次 貸 危機 ，
危機	X	然後 是 歐債 危機 ，
危機	X	一連串 金融 危機 讓 歐美 政治 菁英 慌 了 手腳 ，
危機	X	全球 貿易 與 全球 金融 危機 ，
無效	X	釋憲 機關 無法 宣告 國安 三 法 無效 。
衝突	X	在 立法院 周遭 爆發 數 波 流血 衝突 ，
衝突	X	衝突 過 後 ，
撇開	X	撇開 個別 的 政策 是非 和 得失 不 談 ，
悲劇	X	中央 和 北 市府 都 把 命案 定 調為 「 情殺 」 悲劇 ，
必須	X	柯 都 到 了 必須 標舉 其 獨立 自主性 的 關鍵 時刻 。
必須	X	或者 兩 者 之間 仍 有 一 道 不可 踰越 的 界線 必須 釐清 ？
必須	X	恐怕 過度 忽視 政權 輪替 必須 積累 的 各 種 能量 和 時空 條件 。
必須	X	一味 堅持 自己 「 有 一 個 總統 夢 」 必須 實現 ，
暴力	X	香港 特 首 譴責 暴力 ，
暴力	X	不 接受 任何 暴力 行為 。
暴力	X	親 泛民派 的 大 律師 公會 主席 也 批評 示威 者 暴力 行為 破壞 香港 法治 。
根本	X	這 個 結果 凸顯 台港 兩 地 的 根本 差異 ，
暴力	X	坐任 公民 運動 走向 暴力 抗爭 ，
衝突	X	除 順應 中 美 戰略 衝突 情勢 ，
危機	X	有 分裂 危機 。
絕不	X	絕不 是 依附 在 藍綠 的 尾巴 上 的 小 黨 ，